AIRPORT_ID,DESCRIPTION,ICAO_CODE,USABLE_FOR_WEATHER,STATUS_REASON,MATCH_METHOD,CONFIDENCE
10001,"Afognak Lake, AK: Afognak Lake Airport",NOT_FOUND,NO,NO_ICAO_CODE,NO_MATCH,UNKNOWN
10003,"Granite Mountain, AK: Bear Creek Mining Strip",NOT_FOUND,NO,PRIVATE/SPECIAL_USE,NO_MATCH,UNKNOWN
10004,"Lik, AK: Lik Mining Camp",NOT_FOUND,NO,NO_ICAO_CODE,NO_MATCH,UNKNOWN
10005,"Little Squaw, AK: Little Squaw Airport",NOT_FOUND,NO,NO_ICAO_CODE,NO_MATCH,UNKNOWN
10006,"Kizhuyak, AK: Kizhuyak Bay",NOT_FOUND,NO,NO_ICAO_CODE,NO_MATCH,UNKNOWN
10007,"Klawock, AK: Klawock Seaplane Base",NOT_FOUND,NO,PRIVATE/SPECIAL_USE,NO_MATCH,UNKNOWN
10008,"Elizabeth Island, AK: Elizabeth Island Airport",NOT_FOUND,NO,NO_ICAO_CODE,NO_MATCH,UNKNOWN
10009,"Homer, AK: Augustin Island",PAHO,YES,ASOS_AVAILABLE,DIRECT_MATCH,HIGH
10010,"Hudson, NY: Columbia County",KCAE,YES,ASOS_AVAILABLE,DIRECT_MATCH,HIGH
10011,"Peach Springs, AZ: Grand Canyon West",NOT_FOUND,NO,NO_ICAO_CODE,NO_MATCH,UNKNOWN
10012,"Blairstown, NJ: Blairstown Airport",NOT_FOUND,NO,NO_ICAO_CODE,NO_MATCH,UNKNOWN
10013,"Crosbyton, TX: Crosbyton Municipal",NOT_FOUND,NO,NO_ICAO_CODE,NO_MATCH,UNKNOWN
10014,"Fairbanks/Ft. Wainwright, AK: Blair Lake",PAFA,YES,ASOS_AVAILABLE,DIRECT_MATCH,HIGH
10015,"Deadmans Bay, AK: Deadmans Bay Airport",NOT_FOUND,NO,NO_ICAO_CODE,NO_MATCH,UNKNOWN
10016,"Hallo Bay, AK: Hallo Bay Airport",NOT_FOUND,NO,NO_ICAO_CODE,NO_MATCH,UNKNOWN
10017,"Red Lake, AK: Red Lake Airport",NOT_FOUND,NO,NO_ICAO_CODE,NO_MATCH,UNKNOWN
10018,"Shell Lake, AK: Shell Lake Airport",NOT_FOUND,NO,NO_ICAO_CODE,NO_MATCH,UNKNOWN
10019,"Kougarok, AK: Navigator Airstrip",NOT_FOUND,NO,PRIVATE/SPECIAL_USE,NO_MATCH,UNKNOWN
10020,"Selawik, AK: Roland Norton Memorial",NOT_FOUND,NO,NO_ICAO_CODE,NO_MATCH,UNKNOWN
10021,"Pillar Bay, AK: Pillar Bay Airport",NOT_FOUND,NO,NO_ICAO_CODE,NO_MATCH,UNKNOWN
10022,"Johnstone Point, AK: Johnstone Point Airport",NOT_FOUND,NO,NO_ICAO_CODE,NO_MATCH,UNKNOWN
10023,"Tikchik Lodge, AK: Tikchik Lodge Airport",NOT_FOUND,NO,PRIVATE/SPECIAL_USE,NO_MATCH,UNKNOWN
10024,"Bell Creek, AK: Bell Creek Airport",NOT_FOUND,NO,NO_ICAO_CODE,NO_MATCH,UNKNOWN
10025,"Cinnabar, AK: Cinnabar Airport",NOT_FOUND,NO,NO_ICAO_CODE,NO_MATCH,UNKNOWN
10026,"Mountaintop Mine, AK: Mountaintop Mine Airport",NOT_FOUND,NO,PRIVATE/SPECIAL_USE,NO_MATCH,UNKNOWN
10027,"Whitebear, AK: Whitebear Airport",NOT_FOUND,NO,NO_ICAO_CODE,NO_MATCH,UNKNOWN
10028,"Puviaq, AK: Puviaq Airport",NOT_FOUND,NO,NO_ICAO_CODE,NO_MATCH,UNKNOWN
10029,"Arley Lake, AK: Arley Lake Airport",NOT_FOUND,NO,NO_ICAO_CODE,NO_MATCH,UNKNOWN
10030,"Port Vita, AK: Port Vita Airport",NOT_FOUND,NO,NO_ICAO_CODE,NO_MATCH,UNKNOWN
10031,"Kantishna, AK: Kantishna Airport",NOT_FOUND,NO,NO_ICAO_CODE,NO_MATCH,UNKNOWN
10033,"Alpine, AK: Alpine Airstrip",NOT_FOUND,NO,PRIVATE/SPECIAL_USE,NO_MATCH,UNKNOWN
10034,"Serpentine, AK: Serpentine Airport",NOT_FOUND,NO,NO_ICAO_CODE,NO_MATCH,UNKNOWN
10035,"Driftwood Bay, AK: Driftwood Bay Airport",NOT_FOUND,NO,NO_ICAO_CODE,NO_MATCH,UNKNOWN
10036,"Bradley Lake, AK: Bradley Lake Airport",KBDL,YES,ASOS_AVAILABLE,DIRECT_MATCH,HIGH
10037,"Chilkat Lake, AK: Chilkat Lake Airport",NOT_FOUND,NO,NO_ICAO_CODE,NO_MATCH,UNKNOWN
10038,"Nugget Creek, AK: Nugget Creek Airport",NOT_FOUND,NO,NO_ICAO_CODE,NO_MATCH,UNKNOWN
10039,"Ivotuk, AK: Ivotuk Airstrip",NOT_FOUND,NO,PRIVATE/SPECIAL_USE,NO_MATCH,UNKNOWN
10040,"Pogo Mines, AK: Pogo Mines Airport",NOT_FOUND,NO,PRIVATE/SPECIAL_USE,NO_MATCH,UNKNOWN
10041,"Ayakulik River, AK: Ayakulik River Airport",NOT_FOUND,NO,NO_ICAO_CODE,NO_MATCH,UNKNOWN
10042,"Kiluda Bay, AK: Kiluda Bay Airport",NOT_FOUND,NO,NO_ICAO_CODE,NO_MATCH,UNKNOWN
10043,"Terror Lake, AK: Terror Lake Airport",NOT_FOUND,NO,NO_ICAO_CODE,NO_MATCH,UNKNOWN
10044,"Selief Bay, AK: Selief Bay Airport",NOT_FOUND,NO,NO_ICAO_CODE,NO_MATCH,UNKNOWN
10047,"Laura Lake, AK: Laura Lake Airport",NOT_FOUND,NO,NO_ICAO_CODE,NO_MATCH,UNKNOWN
10049,"Deep Bay, AK: Deep Bay Airport",NOT_FOUND,NO,NO_ICAO_CODE,NO_MATCH,UNKNOWN
10050,"Kako, AK: Kako Airport",NOT_FOUND,NO,NO_ICAO_CODE,NO_MATCH,UNKNOWN
10051,"Molly Creek, AK: Molly Creek Airport",NOT_FOUND,NO,NO_ICAO_CODE,NO_MATCH,UNKNOWN
10052,"Ptarmigan Lake, AK: Ptarmigan Lake Airport",NOT_FOUND,NO,NO_ICAO_CODE,NO_MATCH,UNKNOWN
10053,"Cape Simpson, AK: Cape Simpson Airport",NOT_FOUND,NO,NO_ICAO_CODE,NO_MATCH,UNKNOWN
10054,"Kogru River, AK: Kogru River Airport",NOT_FOUND,NO,NO_ICAO_CODE,NO_MATCH,UNKNOWN
10055,"Teshepkuk Lake, AK: Teshepkuk Lake Airport",NOT_FOUND,NO,NO_ICAO_CODE,NO_MATCH,UNKNOWN
10056,"Kodiak Island, AK: Trident Basin Seaplane Base",PADQ,YES,ASOS_AVAILABLE,DIRECT_MATCH,HIGH
10058,"Lake Florence, AK: Lake Florence Airport",NOT_FOUND,NO,NO_ICAO_CODE,NO_MATCH,UNKNOWN
10059,"Lake Hasselborg, AK: Lake Hasselborg Airport",NOT_FOUND,NO,NO_ICAO_CODE,NO_MATCH,UNKNOWN
10060,"Distin Lake, AK: Distin Lake Airport",NOT_FOUND,NO,NO_ICAO_CODE,NO_MATCH,UNKNOWN
10061,"Port Hobron, AK: Port Hobron Airport",NOT_FOUND,NO,NO_ICAO_CODE,NO_MATCH,UNKNOWN
10062,"Mooseville Airstrip, AK: Mooseville Airstrip Airport",NOT_FOUND,NO,PRIVATE/SPECIAL_USE,NO_MATCH,UNKNOWN
10063,"Big Bay, AK: Big Bay Airport",NOT_FOUND,NO,NO_ICAO_CODE,NO_MATCH,UNKNOWN
10064,"Wien Lake, AK: Wien Lake Airport",NOT_FOUND,NO,NO_ICAO_CODE,NO_MATCH,UNKNOWN
10065,"Silver Salmon Creek, AK: Silver Salmon Creek Airport",NOT_FOUND,NO,NO_ICAO_CODE,NO_MATCH,UNKNOWN
10066,"Blear Lake, AK: Blear Lake Airport",NOT_FOUND,NO,NO_ICAO_CODE,NO_MATCH,UNKNOWN
10067,"Cannery Bay, AK: Cannery Bay Airport",NOT_FOUND,NO,NO_ICAO_CODE,NO_MATCH,UNKNOWN
10069,"Bear Lake, AK: Johnsons Landing",NOT_FOUND,NO,NO_ICAO_CODE,NO_MATCH,UNKNOWN
10070,"International Seafoods, AK: International Seafoods Airport",NOT_FOUND,NO,NO_ICAO_CODE,NO_MATCH,UNKNOWN
10071,"Cosna River, AK: Cosna River Airport",NOT_FOUND,NO,NO_ICAO_CODE,NO_MATCH,UNKNOWN
10072,"Ivatuk, AK: Ivatuk Airport",NOT_FOUND,NO,NO_ICAO_CODE,NO_MATCH,UNKNOWN
10074,"Cape Sarichef, AK: Cape Sarichef Airport",NOT_FOUND,NO,NO_ICAO_CODE,NO_MATCH,UNKNOWN
10075,"Taylor Mountain Mine, AK: Taylor Mountain",NOT_FOUND,NO,PRIVATE/SPECIAL_USE,NO_MATCH,UNKNOWN
10076,"Yukon Charley Rivvers, AK: Coal Creek",NOT_FOUND,NO,NO_ICAO_CODE,NO_MATCH,UNKNOWN
10078,"Karluk Portage, AK: Karluk Portage Airport",NOT_FOUND,NO,NO_ICAO_CODE,NO_MATCH,UNKNOWN
10079,"Hope, AK: Hope Airport",NOT_FOUND,NO,NO_ICAO_CODE,NO_MATCH,UNKNOWN
10080,"Viekoda Bay, AK: Viekoda Bay Airport",NOT_FOUND,NO,NO_ICAO_CODE,NO_MATCH,UNKNOWN
10082,"Cold Bay, AK: Cathedral Strip",PACD,YES,ASOS_AVAILABLE,DIRECT_MATCH,HIGH
10083,"Village Islands, AK: Village Islands Airport",NOT_FOUND,NO,NO_ICAO_CODE,NO_MATCH,UNKNOWN
10084,"Homer, AK: Bear Cove Farm",PAHO,YES,ASOS_AVAILABLE,DIRECT_MATCH,HIGH
10085,"Chinitna Bay, AK: Chinitna Bay Airport",NOT_FOUND,NO,NO_ICAO_CODE,NO_MATCH,UNKNOWN
10086,"McKinley Park, AK: McKinley National Park",NOT_FOUND,NO,NO_ICAO_CODE,NO_MATCH,UNKNOWN
10087,"Nanwalek, AK: Dog Fish Bay",NOT_FOUND,NO,NO_ICAO_CODE,NO_MATCH,UNKNOWN
10088,"Malina Bay, AK: Malina Bay Airport",NOT_FOUND,NO,NO_ICAO_CODE,INTERNATIONAL,UNKNOWN
10089,"Red Fox Bay, AK: Red Fox Bay Airport",NOT_FOUND,NO,NO_ICAO_CODE,NO_MATCH,UNKNOWN
10090,"Shearwater, AK: Shearwater Airport",NOT_FOUND,NO,NO_ICAO_CODE,NO_MATCH,UNKNOWN
10091,"Cape Simpson, AK: Lake",NOT_FOUND,NO,NO_ICAO_CODE,NO_MATCH,UNKNOWN
10092,"Cape Simpson, AK: Cape Simpson No. 1",NOT_FOUND,NO,NO_ICAO_CODE,NO_MATCH,UNKNOWN
10093,"Cape Simpson, AK: Cape Simpson No. 7",NOT_FOUND,NO,NO_ICAO_CODE,NO_MATCH,UNKNOWN
10094,"Aglaq, AK: Cape Simpson #1",NOT_FOUND,NO,NO_ICAO_CODE,NO_MATCH,UNKNOWN
10095,"Nikiski, AK: Nikiski Private Airstrip",NOT_FOUND,NO,PRIVATE/SPECIAL_USE,NO_MATCH,UNKNOWN
10096,"Petrof Point, AK: Petrof Point Airport",NOT_FOUND,NO,NO_ICAO_CODE,NO_MATCH,UNKNOWN
10097,"Denali, AK: Denali West Lodge Private",NOT_FOUND,NO,PRIVATE/SPECIAL_USE,NO_MATCH,UNKNOWN
10098,"Big River, AK: Big River Airport",NOT_FOUND,NO,NO_ICAO_CODE,NO_MATCH,UNKNOWN
10100,"Carry Inlet, AK: Carry Inlet Airport",NOT_FOUND,NO,NO_ICAO_CODE,NO_MATCH,UNKNOWN
10102,"Montague Island, AK: Montague Island Airport",NOT_FOUND,NO,NO_ICAO_CODE,NO_MATCH,UNKNOWN
10103,"Shannon Pond, AK: Shannon Pond Airport",NOT_FOUND,NO,NO_ICAO_CODE,NO_MATCH,UNKNOWN
10104,"Omalik Lagoon, AK: Omalik Lagoon Airport",NOT_FOUND,NO,NO_ICAO_CODE,INTERNATIONAL,UNKNOWN
10105,"Omolik Lagoon, AK: Omolik Lagoon Airport",NOT_FOUND,NO,NO_ICAO_CODE,NO_MATCH,UNKNOWN
10106,"Bradley Lake Project, AK: Bradley Lake Project Airport",KBDL,YES,ASOS_AVAILABLE,DIRECT_MATCH,HIGH
10107,"Barrow, AK: Ice Strip",PABR,YES,ASOS_AVAILABLE,DIRECT_MATCH,HIGH
10108,"Barrow, AK: Ice Strip",PABR,YES,ASOS_AVAILABLE,DIRECT_MATCH,HIGH
10109,"Barrow, AK: Ice Strip",PABR,YES,ASOS_AVAILABLE,DIRECT_MATCH,HIGH
10110,"Akulik, AK: Akulik Air Strip",NOT_FOUND,NO,PRIVATE/SPECIAL_USE,NO_MATCH,UNKNOWN
10111,"Deadfall, AK: Deadfall Air Strip",NOT_FOUND,NO,PRIVATE/SPECIAL_USE,NO_MATCH,UNKNOWN
10112,"Eagle Creek, AK: Eagle Creek Airport",NOT_FOUND,NO,NO_ICAO_CODE,NO_MATCH,UNKNOWN
10113,"Bethel, AK: Ice Kong",PABE,YES,ASOS_AVAILABLE,DIRECT_MATCH,HIGH
10116,"Kachemak Bay, AK: Glacier Split",NOT_FOUND,NO,NO_ICAO_CODE,NO_MATCH,UNKNOWN
10117,"Selby Lake, AK: Selby Lake Airport",NOT_FOUND,NO,NO_ICAO_CODE,NO_MATCH,UNKNOWN
10118,"Anaa, French Polynesia: Anaa Airport",NOT_FOUND,NO,NO_ICAO_CODE,INTERNATIONAL,UNKNOWN
10119,"Arrabury, Australia: Arrabury Station",NOT_FOUND,NO,INTERNATIONAL,INTERNATIONAL,UNKNOWN
10120,"El Arish, Egypt: El Arish International",NOT_FOUND,NO,NO_ICAO_CODE,INTERNATIONAL,UNKNOWN
10121,"Annaba, Algeria: Rabah Bitat",NOT_FOUND,NO,NO_ICAO_CODE,INTERNATIONAL,UNKNOWN
10122,"Apalachicola, FL: Apalachicola Regional Cleve Randolph Field",NOT_FOUND,NO,NO_ICAO_CODE,NO_MATCH,UNKNOWN
10123,"Aachen, Germany: Aachen Merzbrueck",NOT_FOUND,NO,INTERNATIONAL,INTERNATIONAL,UNKNOWN
10124,"Arraias, Brazil: Arraias Airport",NOT_FOUND,NO,INTERNATIONAL,INTERNATIONAL,UNKNOWN
10125,"Aalborg, Denmark: Aalborg Airport",NOT_FOUND,NO,NO_ICAO_CODE,INTERNATIONAL,UNKNOWN
10126,"Mala Mala, South Africa: Malamala",NOT_FOUND,NO,NO_ICAO_CODE,INTERNATIONAL,UNKNOWN
10127,"Al Ain, United Arab Emirates: Al Ain International",NOT_FOUND,NO,NO_ICAO_CODE,INTERNATIONAL,UNKNOWN
10128,"Anaco, Venezuela: Anaco Airport",NOT_FOUND,NO,NO_ICAO_CODE,INTERNATIONAL,UNKNOWN
10129,"Anapa, Russia: Vityazevo",NOT_FOUND,NO,INTERNATIONAL,INTERNATIONAL,UNKNOWN
10130,"Aarhus, Denmark: Aarhus Airport",NOT_FOUND,NO,NO_ICAO_CODE,INTERNATIONAL,UNKNOWN
10131,"Asau, Samoa: Asau W Sam",NOT_FOUND,NO,NO_ICAO_CODE,INTERNATIONAL,UNKNOWN
10132,"Araxa, Brazil: Romeu Zema",NOT_FOUND,NO,INTERNATIONAL,INTERNATIONAL,UNKNOWN
10134,"Abadan, Iran: Abadan Airport",NOT_FOUND,NO,NO_ICAO_CODE,INTERNATIONAL,UNKNOWN
10135,"Allentown/Bethlehem/Easton, PA: Lehigh Valley International",KABE,YES,ASOS_AVAILABLE,DIRECT_MATCH,HIGH
10136,"Abilene, TX: Abilene Regional",KABI,YES,ASOS_AVAILABLE,DIRECT_MATCH,HIGH
10137,"Abidjan, Cote d'Ivoire: Felix Houphouet Boigny Abidjan International",NOT_FOUND,NO,NO_ICAO_CODE,NO_STATE_CODE,UNKNOWN
10138,"Kabri Dar, Ethiopia: Kebri Dahar",NOT_FOUND,NO,NO_ICAO_CODE,INTERNATIONAL,UNKNOWN
10139,"Ambler, AK: Ambler River",NOT_FOUND,NO,NO_ICAO_CODE,NO_MATCH,UNKNOWN
10140,ABQ,KABQ,YES,ASOS_AVAILABLE,DIRECT_MATCH,HIGH
10141,"Aberdeen, SD: Aberdeen Regional",NOT_FOUND,NO,NO_ICAO_CODE,NO_MATCH,UNKNOWN
10142,"Abu Simbel, Egypt: Abu Simbel Airport",NOT_FOUND,NO,NO_ICAO_CODE,INTERNATIONAL,UNKNOWN
10143,"Al-Baha, Saudi Arabia: King Saud Bin Abdulaziz",NOT_FOUND,NO,NO_ICAO_CODE,INTERNATIONAL,UNKNOWN
10144,"Abuja, Nigeria: Nnamdi Azikiwe International",NOT_FOUND,NO,NO_ICAO_CODE,INTERNATIONAL,UNKNOWN
10145,"Albury, Australia: Albury Airport",NOT_FOUND,NO,INTERNATIONAL,INTERNATIONAL,UNKNOWN
10146,"Albany, GA: Southwest Georgia Regional",NOT_FOUND,NO,NO_ICAO_CODE,INTERNATIONAL,UNKNOWN
10147,"Aberdeen, United Kingdom: Aberdeen Dyce",NOT_FOUND,NO,INTERNATIONAL,INTERNATIONAL,UNKNOWN
10148,"Acapulco, Mexico: Acapulco International",NOT_FOUND,NO,INTERNATIONAL,INTERNATIONAL,UNKNOWN
10149,"Bellaire, MI: Antrim County",NOT_FOUND,NO,NO_ICAO_CODE,NO_MATCH,UNKNOWN
10150,"Accra, Ghana: Kotoka International",NOT_FOUND,NO,NO_ICAO_CODE,INTERNATIONAL,UNKNOWN
10151,"Arrecife, Spain: Lanzarote",NOT_FOUND,NO,INTERNATIONAL,INTERNATIONAL,UNKNOWN
10152,"Altenrhein, Switzerland: St Gallen Altenrhein",NOT_FOUND,NO,NO_ICAO_CODE,INTERNATIONAL,UNKNOWN
10153,"Alderney, United Kingdom: Alderney Airport",NOT_FOUND,NO,INTERNATIONAL,INTERNATIONAL,UNKNOWN
10154,"Nantucket, MA: Nantucket Memorial",NOT_FOUND,NO,NO_ICAO_CODE,NO_MATCH,UNKNOWN
10155,"Waco, TX: Waco Regional",KACT,YES,ASOS_AVAILABLE,DIRECT_MATCH,HIGH
10156,"Achutupo, Panama: Achutupo Airport",NOT_FOUND,NO,NO_ICAO_CODE,INTERNATIONAL,UNKNOWN
10157,"Arcata/Eureka, CA: California Redwood Coast Humboldt County",NOT_FOUND,NO,NO_ICAO_CODE,NO_MATCH,UNKNOWN
10158,"Atlantic City, NJ: Atlantic City International",KACY,YES,ASOS_AVAILABLE,DIRECT_MATCH,HIGH
10159,"Adana, Turkey: Adana International",NOT_FOUND,NO,NO_ICAO_CODE,INTERNATIONAL,UNKNOWN
10160,"Izmir, Turkey: Adnan Menderes",NOT_FOUND,NO,NO_ICAO_CODE,INTERNATIONAL,UNKNOWN
10161,"Andakombe, Papua New Guinea: Andakombe Airport",NOT_FOUND,NO,NO_ICAO_CODE,INTERNATIONAL,UNKNOWN
10162,"Addis Ababa, Ethiopia: Bole International",NOT_FOUND,NO,NO_ICAO_CODE,INTERNATIONAL,UNKNOWN
10163,"Aden, Yemen: Aden International",NOT_FOUND,NO,NO_ICAO_CODE,INTERNATIONAL,UNKNOWN
10164,"Amman, Jordan: Marka International",NOT_FOUND,NO,NO_ICAO_CODE,INTERNATIONAL,UNKNOWN
10165,"Adak Island, AK: Adak",PADK,YES,ASOS_AVAILABLE,DIRECT_MATCH,HIGH
10166,"Adelaide, Australia: Adelaide International",NOT_FOUND,NO,INTERNATIONAL,INTERNATIONAL,UNKNOWN
10167,"Ardmore, OK: Ardmore Municipal",NOT_FOUND,NO,NO_ICAO_CODE,NO_MATCH,UNKNOWN
10168,"Andes, Colombia: Andes Airport",NOT_FOUND,NO,NO_ICAO_CODE,INTERNATIONAL,UNKNOWN
10169,"Andamooka, Australia: Andamooka Airport",NOT_FOUND,NO,INTERNATIONAL,INTERNATIONAL,UNKNOWN
10170,"Kodiak, AK: Kodiak Airport",PADQ,YES,ASOS_AVAILABLE,DIRECT_MATCH,HIGH
10171,"Dallas, TX: Addison",KDFW,YES,ASOS_AVAILABLE,DIRECT_MATCH,HIGH
10172,"Camp Springs, MD: Joint Base Andrews",NOT_FOUND,NO,NO_ICAO_CODE,NO_MATCH,UNKNOWN
10173,"St Andrews, United Kingdom: RAF Leuchars",NOT_FOUND,NO,INTERNATIONAL,INTERNATIONAL,UNKNOWN
10174,"San Andres Island, Colombia: Gustavo Rojas Pinilla",NOT_FOUND,NO,NO_ICAO_CODE,INTERNATIONAL,UNKNOWN
10175,"Al Dhafra, United Arab Emirates: Al Dhafra Air Base",NOT_FOUND,NO,NO_ICAO_CODE,INTERNATIONAL,UNKNOWN
10176,"Aleneva, AK: Aleneva Airport",NOT_FOUND,NO,NO_ICAO_CODE,NO_MATCH,UNKNOWN
10177,"Padang Sidempuan, Indonesia: Aek Godang",NOT_FOUND,NO,NO_ICAO_CODE,INTERNATIONAL,UNKNOWN
10178,"Abeche, Chad: Abeche Airport",NOT_FOUND,NO,NO_ICAO_CODE,INTERNATIONAL,UNKNOWN
10180,"Aioun El Atrouss, Mauritania: Aioun El Atrouss Airport",NOT_FOUND,NO,NO_ICAO_CODE,NO_STATE_CODE,UNKNOWN
10181,"Buenos Aires, Argentina: Aeroparque Jorge Newbery",NOT_FOUND,NO,NO_ICAO_CODE,INTERNATIONAL,UNKNOWN
10182,"Adler/Sochi, Russia: Adler/Sochi Airport",NOT_FOUND,NO,INTERNATIONAL,INTERNATIONAL,UNKNOWN
10183,"Aalesund, Norway: Alesund",NOT_FOUND,NO,NO_ICAO_CODE,INTERNATIONAL,UNKNOWN
10184,"Allakaket, AK: Allakaket Airport",NOT_FOUND,NO,NO_ICAO_CODE,NO_MATCH,UNKNOWN
10185,"Alexandria, LA: Alexandria International",NOT_FOUND,NO,NO_ICAO_CODE,NO_MATCH,UNKNOWN
10186,"Akureyri, Iceland: Akureyri Airport",NOT_FOUND,NO,NO_ICAO_CODE,INTERNATIONAL,UNKNOWN
10188,"San Rafael, Argentina: San Rafael Airport",NOT_FOUND,NO,NO_ICAO_CODE,INTERNATIONAL,UNKNOWN
10189,"Colorado Springs, CO: USAF Academy Davis Airfield",NOT_FOUND,NO,NO_ICAO_CODE,NO_MATCH,UNKNOWN
10190,"Nebraska, NE: Nebraska City Municipal",NOT_FOUND,NO,NO_ICAO_CODE,NO_MATCH,UNKNOWN
10191,"Afton, WY: Afton Lincoln County Gen Boyd L Eddins Field",NOT_FOUND,NO,NO_ICAO_CODE,NO_MATCH,UNKNOWN
10192,"Wadesboro, NC: Anson County Jeff Cloud Field",NOT_FOUND,NO,NO_ICAO_CODE,NO_MATCH,UNKNOWN
10194,"Dallas/Fort Worth, TX: Perot Field Fort Worth Alliance",KDFW,YES,ASOS_AVAILABLE,DIRECT_MATCH,HIGH
10195,"Afyon, Turkey: Afyon Airport",NOT_FOUND,NO,NO_ICAO_CODE,INTERNATIONAL,UNKNOWN
10196,"Agadir, Morocco: Inezgane",NOT_FOUND,NO,NO_ICAO_CODE,INTERNATIONAL,UNKNOWN
10197,"Augsburg, Germany: Augsburg Airport",NOT_FOUND,NO,INTERNATIONAL,INTERNATIONAL,UNKNOWN
10198,"Pittsburgh, PA: Allegheny County",KPIT,YES,ASOS_AVAILABLE,DIRECT_MATCH,HIGH
10199,"Agen, France: Agen La Garenne",NOT_FOUND,NO,INTERNATIONAL,INTERNATIONAL,UNKNOWN
10200,"Angoram, Papua New Guinea: Angoram Airport",NOT_FOUND,NO,NO_ICAO_CODE,INTERNATIONAL,UNKNOWN
10201,"Angelholm/Helsingborg, Sweden: Angelholm",NOT_FOUND,NO,NO_ICAO_CODE,INTERNATIONAL,UNKNOWN
10202,"Kagua, Papua New Guinea: Kagua Airport",NOT_FOUND,NO,NO_ICAO_CODE,INTERNATIONAL,UNKNOWN
10203,"Wanigela, Papua New Guinea: Wanigela Airport",NOT_FOUND,NO,NO_ICAO_CODE,INTERNATIONAL,UNKNOWN
10204,"Angoon, AK: Angoon Seaplane Base",NOT_FOUND,NO,PRIVATE/SPECIAL_USE,NO_MATCH,UNKNOWN
10205,"Malaga, Spain: Malaga Airport",NOT_FOUND,NO,INTERNATIONAL,INTERNATIONAL,UNKNOWN
10206,"Agrinion, Greece: Agrinion Airport",NOT_FOUND,NO,NO_ICAO_CODE,INTERNATIONAL,UNKNOWN
10207,"Agra, India: Agra Airport",NOT_FOUND,NO,INTERNATIONAL,INTERNATIONAL,UNKNOWN
10208,"Augusta, GA: Augusta Regional at Bush Field",KIAH,YES,ASOS_AVAILABLE,DIRECT_MATCH,HIGH
10209,"Ciudad del Este, Paraguay: Guarani International",NOT_FOUND,NO,NO_ICAO_CODE,INTERNATIONAL,UNKNOWN
10210,"Aguascalientes, Mexico: Aguascalientes International",NOT_FOUND,NO,INTERNATIONAL,INTERNATIONAL,UNKNOWN
10211,"Acarigua, Venezuela: Batalla de Araure",NOT_FOUND,NO,NO_ICAO_CODE,INTERNATIONAL,UNKNOWN
10212,"Agatti Island, India: Agatti Island Airport",NOT_FOUND,NO,INTERNATIONAL,INTERNATIONAL,UNKNOWN
10213,"Okinawa, Japan: Naha AB",NOT_FOUND,NO,INTERNATIONAL,INTERNATIONAL,UNKNOWN
10214,"Abha, Saudi Arabia: Abha Airport",NOT_FOUND,NO,NO_ICAO_CODE,INTERNATIONAL,UNKNOWN
10215,"Ardmore, OK: Ardmore Downtown Executive",NOT_FOUND,NO,NO_ICAO_CODE,NO_MATCH,UNKNOWN
10216,"Athens, GA: Athens/Ben Epps",KAHN,YES,ASOS_AVAILABLE,DIRECT_MATCH,HIGH
10217,"Alghero/Sassari, Italy: Alghero",NOT_FOUND,NO,NO_ICAO_CODE,INTERNATIONAL,UNKNOWN
10218,"Ahuas, Honduras: Auas",NOT_FOUND,NO,NO_ICAO_CODE,INTERNATIONAL,UNKNOWN
10219,"Amchitka Island, AK: Amchitka",NOT_FOUND,NO,NO_ICAO_CODE,NO_MATCH,UNKNOWN
10220,"Al Hoceima, Morocco: Cherif El Idrissi International",NOT_FOUND,NO,NO_ICAO_CODE,INTERNATIONAL,UNKNOWN
10221,"Alliance, NE: Alliance Municipal",NOT_FOUND,NO,NO_ICAO_CODE,NO_MATCH,UNKNOWN
10222,"Anita Bay, AK: Anita Bay Airport",NOT_FOUND,NO,NO_ICAO_CODE,NO_MATCH,UNKNOWN
10223,"Anderson, IN: Anderson Regional",NOT_FOUND,NO,NO_ICAO_CODE,NO_MATCH,UNKNOWN
10224,"Aiken, SC: Aiken Regional",NOT_FOUND,NO,NO_ICAO_CODE,NO_MATCH,UNKNOWN
10225,"Wainwright, AK: Wainwright Airport",NOT_FOUND,NO,NO_ICAO_CODE,NO_MATCH,UNKNOWN
10226,"Aitutaki, Cook Islands: Aitutaki Airport",NOT_FOUND,NO,NO_ICAO_CODE,NO_STATE_CODE,UNKNOWN
10227,"Atlantic City, NJ: Bader Field",KACY,YES,ASOS_AVAILABLE,DIRECT_MATCH,HIGH
10228,"Lake of the Ozarks, MO: Lee C Fine Memorial",NOT_FOUND,NO,NO_ICAO_CODE,NO_MATCH,UNKNOWN
10229,"Ajaccio, France: Ajaccio Napoleon Bonaparte",NOT_FOUND,NO,INTERNATIONAL,INTERNATIONAL,UNKNOWN
10230,"Jouf, Saudi Arabia: Al Jouf",NOT_FOUND,NO,NO_ICAO_CODE,INTERNATIONAL,UNKNOWN
10231,"Akjoujt, Mauritania: Akjoujt Airport",NOT_FOUND,NO,NO_ICAO_CODE,NO_STATE_CODE,UNKNOWN
10232,"Aizwal, India: Lengpui",NOT_FOUND,NO,INTERNATIONAL,INTERNATIONAL,UNKNOWN
10233,"Anjouan, Comoros: Ouani",NOT_FOUND,NO,NO_ICAO_CODE,NO_STATE_CODE,UNKNOWN
10234,"Arvidsjaur, Sweden: Arvidsjaur Airport",NOT_FOUND,NO,NO_ICAO_CODE,INTERNATIONAL,UNKNOWN
10235,"Aracaju, Brazil: Santa Maria International",NOT_FOUND,NO,INTERNATIONAL,INTERNATIONAL,UNKNOWN
10236,"Agades, Niger: Mano Dayak",NOT_FOUND,NO,NO_ICAO_CODE,INTERNATIONAL,UNKNOWN
10237,"Atka, AK: Atka Airport",NOT_FOUND,NO,NO_ICAO_CODE,NO_MATCH,UNKNOWN
10238,"Akron, OH: Akron Fulton International",NOT_FOUND,NO,NO_ICAO_CODE,NO_MATCH,UNKNOWN
10239,"Kufrah, Libya: Kufra",NOT_FOUND,NO,NO_ICAO_CODE,NO_STATE_CODE,UNKNOWN
10241,"Akiak, AK: Akiak Airport",NOT_FOUND,NO,NO_ICAO_CODE,NO_MATCH,UNKNOWN
10242,"Asahikawa, Japan: Asahikawa Airport",NOT_FOUND,NO,INTERNATIONAL,INTERNATIONAL,UNKNOWN
10243,"Akhiok, AK: Akhiok Airport",NOT_FOUND,NO,NO_ICAO_CODE,NO_MATCH,UNKNOWN
10244,"Auckland, New Zealand: Auckland International",NOT_FOUND,NO,NO_ICAO_CODE,INTERNATIONAL,UNKNOWN
10245,"King Salmon, AK: King Salmon Airport",PAKN,YES,ASOS_AVAILABLE,DIRECT_MATCH,HIGH
10246,"Akron, CO: Colorado Plains Regional",NOT_FOUND,NO,NO_ICAO_CODE,NO_MATCH,UNKNOWN
10247,"Anaktuvuk Pass, AK: Anaktuvuk Pass Airport",NOT_FOUND,NO,NO_ICAO_CODE,NO_MATCH,UNKNOWN
10248,"Akure, Nigeria: Akure Airport",NOT_FOUND,NO,NO_ICAO_CODE,INTERNATIONAL,UNKNOWN
10249,"Auki, Solomon Islands: Auki Airport",NOT_FOUND,NO,NO_ICAO_CODE,NO_STATE_CODE,UNKNOWN
10250,"Akrotiri, Cyprus: Akrotiri Airport",NOT_FOUND,NO,NO_ICAO_CODE,INTERNATIONAL,UNKNOWN
10251,"Aktyubinsk, Kazakhstan: Aktyubinsk Airport",NOT_FOUND,NO,NO_ICAO_CODE,INTERNATIONAL,UNKNOWN
10252,"Sittwe, Burma: Sittwe Airport",NOT_FOUND,NO,NO_ICAO_CODE,INTERNATIONAL,UNKNOWN
10253,"Albertville, AL: Albertville Regional-Thomas J Brumlik Field",NOT_FOUND,NO,NO_ICAO_CODE,NO_MATCH,UNKNOWN
10254,"Alabaster, AL: Shelby County",NOT_FOUND,NO,NO_ICAO_CODE,NO_MATCH,UNKNOWN
10255,"Huntsville, AL: Huntsville Executive Tom Sharp Jr",KHSV,YES,ASOS_AVAILABLE,DIRECT_MATCH,HIGH
10256,"Almaty, Kazakhstan: Almaty Airport",NOT_FOUND,NO,NO_ICAO_CODE,INTERNATIONAL,UNKNOWN
10257,"Albany, NY: Albany International",KALB,YES,ASOS_AVAILABLE,DIRECT_MATCH,HIGH
10258,"Alicante, Spain: Alicante Airport",NOT_FOUND,NO,INTERNATIONAL,INTERNATIONAL,UNKNOWN
10259,"Alpine, TX: Alpine Casparis Municipal",NOT_FOUND,NO,NO_ICAO_CODE,NO_MATCH,UNKNOWN
10260,"Alta, Norway: Alta Airport",NOT_FOUND,NO,NO_ICAO_CODE,INTERNATIONAL,UNKNOWN
10261,"Algiers, Algeria: Houari Boumediene",NOT_FOUND,NO,NO_ICAO_CODE,INTERNATIONAL,UNKNOWN
10262,"Albany, Australia: Albany Airport",NOT_FOUND,NO,INTERNATIONAL,INTERNATIONAL,UNKNOWN
10263,"Alice, TX: Alice International",NOT_FOUND,NO,NO_ICAO_CODE,NO_MATCH,UNKNOWN
10264,"Alexander Bay, South Africa: Alexander Bay Airport",NOT_FOUND,NO,NO_ICAO_CODE,INTERNATIONAL,UNKNOWN
10265,"Asela, Ethiopia: Asela Airport",NOT_FOUND,NO,NO_ICAO_CODE,INTERNATIONAL,UNKNOWN
10266,"Alamogordo, NM: Alamogordo White Sands Regional",NOT_FOUND,NO,NO_ICAO_CODE,NO_MATCH,UNKNOWN
10267,"Alton, IL: St. Louis Regional",KSTL,YES,ASOS_AVAILABLE,DIRECT_MATCH,HIGH
10268,"Waterloo, IA: Waterloo Regional",KALO,YES,ASOS_AVAILABLE,DIRECT_MATCH,HIGH
10269,"Aleppo, Syria: Aleppo International",NOT_FOUND,NO,NO_ICAO_CODE,INTERNATIONAL,UNKNOWN
10270,"Alegrete, Brazil: Alegrete Airport",NOT_FOUND,NO,INTERNATIONAL,INTERNATIONAL,UNKNOWN
10271,"Alexandra, New Zealand: Alexandra Airport",NOT_FOUND,NO,NO_ICAO_CODE,INTERNATIONAL,UNKNOWN
10272,"Alamosa, CO: San Luis Valley Regional/Bergman Field",KSAN,YES,ASOS_AVAILABLE,DIRECT_MATCH,HIGH
10273,"Alenquer, Brazil: Alenquer Airport",NOT_FOUND,NO,INTERNATIONAL,INTERNATIONAL,UNKNOWN
10274,"Alula, Somalia: Alula Airport",NOT_FOUND,NO,NO_ICAO_CODE,INTERNATIONAL,UNKNOWN
10275,"Walla Walla, WA: Walla Walla Regional",NOT_FOUND,NO,NO_ICAO_CODE,NO_MATCH,UNKNOWN
10276,"Alexander City, AL: Thomas C. Russell Field",NOT_FOUND,NO,NO_ICAO_CODE,NO_MATCH,UNKNOWN
10277,"Alexandria, Egypt: Alexandria International",NOT_FOUND,NO,NO_ICAO_CODE,INTERNATIONAL,UNKNOWN
10278,"Lazy Bay, AK: Alitak Seaplane Base",NOT_FOUND,NO,PRIVATE/SPECIAL_USE,NO_MATCH,UNKNOWN
10279,"Amarillo, TX: Rick Husband Amarillo International",KAMA,YES,ASOS_AVAILABLE,DIRECT_MATCH,HIGH
10280,"Ahmedabad, India: Sardar Vallabhbhai Patel International",NOT_FOUND,NO,INTERNATIONAL,INTERNATIONAL,UNKNOWN
10281,"Ama, Papua New Guinea: Ama Airport",NOT_FOUND,NO,NO_ICAO_CODE,INTERNATIONAL,UNKNOWN
10282,"Amboin, Papua New Guinea: Amboin Airport",NOT_FOUND,NO,NO_ICAO_CODE,INTERNATIONAL,UNKNOWN
10283,"Arba Minch, Ethiopia: Arba Minch Airport",NOT_FOUND,NO,NO_ICAO_CODE,INTERNATIONAL,UNKNOWN
10284,"Mataram, Indonesia: Selaparang",NOT_FOUND,NO,NO_ICAO_CODE,INTERNATIONAL,UNKNOWN
10285,"Durango, CO: Animas Air Park",NOT_FOUND,NO,NO_ICAO_CODE,NO_MATCH,UNKNOWN
10286,"Puerto Armuelles, Panama: Puerto Armuelles Airport",NOT_FOUND,NO,NO_ICAO_CODE,INTERNATIONAL,UNKNOWN
10287,"Amman, Jordan: Queen Alia International",NOT_FOUND,NO,NO_ICAO_CODE,INTERNATIONAL,UNKNOWN
10288,"Alma, MI: Gratiot Community",NOT_FOUND,NO,NO_ICAO_CODE,NO_MATCH,UNKNOWN
10289,"Mao, Chad: Mao Airport",NOT_FOUND,NO,NO_ICAO_CODE,INTERNATIONAL,UNKNOWN
10290,"Ampanihy, Madagascar: Ampanihy Airport",NOT_FOUND,NO,NO_ICAO_CODE,INTERNATIONAL,UNKNOWN
10291,"Ambon, Indonesia: Pattimura",NOT_FOUND,NO,NO_ICAO_CODE,INTERNATIONAL,UNKNOWN
10292,"Amsterdam, Netherlands: Schiphol",NOT_FOUND,NO,NO_ICAO_CODE,INTERNATIONAL,UNKNOWN
10294,"Ames, IA: Ames Municipal",KAMW,YES,ASOS_AVAILABLE,DIRECT_MATCH,HIGH
10295,"Ammaroo, Australia: Ammaroo Station",NOT_FOUND,NO,INTERNATIONAL,INTERNATIONAL,UNKNOWN
10296,"Ambatomainty, Madagascar: Ambatomainty Airport",NOT_FOUND,NO,NO_ICAO_CODE,INTERNATIONAL,UNKNOWN
10297,"Anaheim, CA: Anaheim-Disneyland HP",NOT_FOUND,NO,NO_ICAO_CODE,NO_MATCH,UNKNOWN
10298,"Anniston, AL: Anniston Regional",NOT_FOUND,NO,NO_ICAO_CODE,NO_MATCH,UNKNOWN
10299,ANC,PANC,YES,ASOS_AVAILABLE,DIRECT_MATCH,HIGH
10300,"Anderson, SC: Anderson Regional",NOT_FOUND,NO,NO_ICAO_CODE,NO_MATCH,UNKNOWN
10301,"Angers, France: Angers Marce",NOT_FOUND,NO,INTERNATIONAL,INTERNATIONAL,UNKNOWN
10302,"Antofagasta, Chile: Andres Sabella International",NOT_FOUND,NO,NO_ICAO_CODE,INTERNATIONAL,UNKNOWN
10303,"Angouleme, France: Angouleme Brie Champniers",NOT_FOUND,NO,INTERNATIONAL,INTERNATIONAL,UNKNOWN
10304,"Aniak, AK: Aniak Airport",NOT_FOUND,NO,NO_ICAO_CODE,NO_MATCH,UNKNOWN
10305,"Ankara, Turkey: Etimesgut",NOT_FOUND,NO,NO_ICAO_CODE,INTERNATIONAL,UNKNOWN
10306,"Antalaha, Madagascar: Antsirabato",NOT_FOUND,NO,NO_ICAO_CODE,INTERNATIONAL,UNKNOWN
10307,"Annette, AK: Annette Island",NOT_FOUND,NO,NO_ICAO_CODE,NO_MATCH,UNKNOWN
10308,"Angoche, Mozambique: Angoche Airport",NOT_FOUND,NO,NO_ICAO_CODE,INTERNATIONAL,UNKNOWN
10309,"Annapolis, MD: Lee",NOT_FOUND,NO,NO_ICAO_CODE,NO_MATCH,UNKNOWN
10310,"Antwerp, Belgium: Deurne",NOT_FOUND,NO,NO_ICAO_CODE,INTERNATIONAL,UNKNOWN
10311,"Andahuaylas, Peru: Andahuaylas Airport",NOT_FOUND,NO,NO_ICAO_CODE,INTERNATIONAL,UNKNOWN
10312,"St. Johns, Antigua and Barbuda: V C Bird International",NOT_FOUND,NO,NO_ICAO_CODE,INTERNATIONAL,UNKNOWN
10313,"Anvik, AK: Anvik Airport",NOT_FOUND,NO,NO_ICAO_CODE,NO_MATCH,UNKNOWN
10314,"Andeness, Norway: Andoya",NOT_FOUND,NO,NO_ICAO_CODE,INTERNATIONAL,UNKNOWN
10317,"Lima, OH: Lima Allen County",NOT_FOUND,NO,NO_ICAO_CODE,NO_MATCH,UNKNOWN
10318,"Ancona, Italy: Ancona Falconara",NOT_FOUND,NO,NO_ICAO_CODE,INTERNATIONAL,UNKNOWN
10319,"Aomori, Japan: Aomori Airport",NOT_FOUND,NO,INTERNATIONAL,INTERNATIONAL,UNKNOWN
10320,"Karpathos, Greece: Karpathos Airport",NOT_FOUND,NO,NO_ICAO_CODE,INTERNATIONAL,UNKNOWN
10321,"Paso de Los Libres, Argentina: Paso de Los Libres Airport",NOT_FOUND,NO,NO_ICAO_CODE,INTERNATIONAL,UNKNOWN
10322,"Altoona, PA: Altoona-Blair County",NOT_FOUND,NO,NO_ICAO_CODE,NO_MATCH,UNKNOWN
10323,"Alor Setar, Malaysia: Sultan Abdul Halim",NOT_FOUND,NO,NO_ICAO_CODE,INTERNATIONAL,UNKNOWN
10324,"Amook Bay, AK: Amook Bay Airport",NOT_FOUND,NO,NO_ICAO_CODE,NO_MATCH,UNKNOWN
10325,"Denver, CO: Centennial",KDEN,YES,ASOS_AVAILABLE,DIRECT_MATCH,HIGH
10326,"Apolo, Bolivia: Apolo Airport",NOT_FOUND,NO,NO_ICAO_CODE,INTERNATIONAL,UNKNOWN
10327,"Napa, CA: Napa County",NOT_FOUND,NO,NO_ICAO_CODE,NO_MATCH,UNKNOWN
10328,"San Juan Aposento, Peru: San Juan Aposento Airport",NOT_FOUND,NO,NO_ICAO_CODE,INTERNATIONAL,UNKNOWN
10329,"Naples, FL: Naples Municipal",KAPF,YES,ASOS_AVAILABLE,DIRECT_MATCH,HIGH
10330,"Aberdeen, MD: Phillips AAF",NOT_FOUND,NO,NO_ICAO_CODE,NO_MATCH,UNKNOWN
10331,"Apataki, French Polynesia: Apataki Airport",NOT_FOUND,NO,NO_ICAO_CODE,INTERNATIONAL,UNKNOWN
10332,"Nampula, Mozambique: Nampula Airport",NOT_FOUND,NO,NO_ICAO_CODE,INTERNATIONAL,UNKNOWN
10333,"Alpena, MI: Alpena County Regional",NOT_FOUND,NO,NO_ICAO_CODE,NO_MATCH,UNKNOWN
10334,"Apartado, Colombia: Apartado Airport",NOT_FOUND,NO,NO_ICAO_CODE,INTERNATIONAL,UNKNOWN
10335,"April River, Papua New Guinea: April River Airport",NOT_FOUND,NO,NO_ICAO_CODE,INTERNATIONAL,UNKNOWN
10336,"Jasper, TN: Marion County Brown Field",NOT_FOUND,NO,NO_ICAO_CODE,NO_MATCH,UNKNOWN
10337,"Apple Valley, CA: Apple Valley Airport",NOT_FOUND,NO,NO_ICAO_CODE,NO_MATCH,UNKNOWN
10338,"Apia, Samoa: Faleolo International",NOT_FOUND,NO,NO_ICAO_CODE,INTERNATIONAL,UNKNOWN
10339,"Qaisumah, Saudi Arabia: Al Qaisumah International",NOT_FOUND,NO,NO_ICAO_CODE,INTERNATIONAL,UNKNOWN
10340,"Aqaba, Jordan: King Hussein International",NOT_FOUND,NO,NO_ICAO_CODE,INTERNATIONAL,UNKNOWN
10342,"Arequipa, Peru: Rodriguez Ballon International",NOT_FOUND,NO,NO_ICAO_CODE,INTERNATIONAL,UNKNOWN
10343,"Saqani, Fiji: Saqani Airport",NOT_FOUND,NO,NO_ICAO_CODE,INTERNATIONAL,UNKNOWN
10344,"Girdwood, AK: Girdwood Airport",NOT_FOUND,NO,NO_ICAO_CODE,NO_MATCH,UNKNOWN
10345,"Russellville, AR: Russellville Regional",NOT_FOUND,NO,NO_ICAO_CODE,NO_MATCH,UNKNOWN
10346,"Conway, AR: Dennis F Cantrell Field",NOT_FOUND,NO,NO_ICAO_CODE,NO_MATCH,UNKNOWN
10347,"New Iberia, LA: Acadiana Regional",NOT_FOUND,NO,NO_ICAO_CODE,NO_MATCH,UNKNOWN
10348,"Ann Arbor, MI: Ann Arbor Municipal",NOT_FOUND,NO,NO_ICAO_CODE,NO_MATCH,UNKNOWN
10349,"Arctic Village, AK: Arctic Village Airport",NOT_FOUND,NO,NO_ICAO_CODE,NO_MATCH,UNKNOWN
10350,"Alor, Indonesia: Arcadia Municipal",NOT_FOUND,NO,NO_ICAO_CODE,INTERNATIONAL,UNKNOWN
10351,"Arecibo, PR: Antonio/Nery/Juarbe Pol",NOT_FOUND,NO,NO_ICAO_CODE,NO_MATCH,UNKNOWN
10352,"Walnut Ridge, AR: Walnut Ridge Regional",NOT_FOUND,NO,NO_ICAO_CODE,NO_MATCH,UNKNOWN
10353,"Arkhangelsk, Russia: Talagi",NOT_FOUND,NO,INTERNATIONAL,INTERNATIONAL,UNKNOWN
10354,"Arica, Chile: Chacalluta",NOT_FOUND,NO,NO_ICAO_CODE,INTERNATIONAL,UNKNOWN
10355,"Arusha, Tanzania: Arusha Airport",NOT_FOUND,NO,NO_ICAO_CODE,INTERNATIONAL,UNKNOWN
10356,"Armidale, Australia: Armidale Airport",NOT_FOUND,NO,INTERNATIONAL,INTERNATIONAL,UNKNOWN
10357,"Stockholm, Sweden: Arlanda",NOT_FOUND,NO,NO_ICAO_CODE,INTERNATIONAL,UNKNOWN
10358,"Aragip, Papua New Guinea: Aragip Airport",NOT_FOUND,NO,NO_ICAO_CODE,INTERNATIONAL,UNKNOWN
10359,"Arauquita, Colombia: El Troncal",NOT_FOUND,NO,NO_ICAO_CODE,INTERNATIONAL,UNKNOWN
10360,"Aragarcas, Brazil: Aragarcas Airport",NOT_FOUND,NO,INTERNATIONAL,INTERNATIONAL,UNKNOWN
10361,"Watertown, NY: Watertown International",NOT_FOUND,NO,NO_ICAO_CODE,NO_MATCH,UNKNOWN
10362,"Aracatuba, Brazil: Aracatuba Airport",NOT_FOUND,NO,INTERNATIONAL,INTERNATIONAL,UNKNOWN
10363,"Minocqua/Woodruff, WI: Lakeland/Noble F. Lee Memorial Field",NOT_FOUND,NO,NO_ICAO_CODE,NO_MATCH,UNKNOWN
10364,"Arad, Romania: Arad International",NOT_FOUND,NO,NO_ICAO_CODE,INTERNATIONAL,UNKNOWN
10365,"Asbury Park, NJ: Asbury Park/Monmouth County",NOT_FOUND,NO,NO_ICAO_CODE,NO_MATCH,UNKNOWN
10366,"Ararat, Australia: Ararat Airport",NOT_FOUND,NO,INTERNATIONAL,INTERNATIONAL,UNKNOWN
10367,"N'zeto, Angola: N'zeto Airport",NOT_FOUND,NO,NO_ICAO_CODE,INTERNATIONAL,UNKNOWN
10368,"Assab, Eritrea: Assab International",NOT_FOUND,NO,NO_ICAO_CODE,NO_STATE_CODE,UNKNOWN
10369,"Ashgabat, Turkmenistan: Ashgabat Airport",NOT_FOUND,NO,NO_ICAO_CODE,INTERNATIONAL,UNKNOWN
10370,"Ascension, Bolivia: Ascension Airport",NOT_FOUND,NO,NO_ICAO_CODE,INTERNATIONAL,UNKNOWN
10371,"Andros Town, The Bahamas: Andros Town International",NOT_FOUND,NO,NO_ICAO_CODE,INTERNATIONAL,UNKNOWN
10372,"Aspen, CO: Aspen Pitkin County Sardy Field",NOT_FOUND,NO,NO_ICAO_CODE,NO_MATCH,UNKNOWN
10373,"Ashburton, New Zealand: Ashburton Airport",NOT_FOUND,NO,NO_ICAO_CODE,INTERNATIONAL,UNKNOWN
10374,"Nashua, NH: Boire Field",NOT_FOUND,NO,NO_ICAO_CODE,NO_MATCH,UNKNOWN
10375,"Ascension Island, Saint Helena, Ascension, and Tristan da Cunha: Ascension Aux Af",NOT_FOUND,NO,NO_ICAO_CODE,NO_STATE_CODE,UNKNOWN
10376,"Amami O Shima, Japan: Amami",NOT_FOUND,NO,INTERNATIONAL,INTERNATIONAL,UNKNOWN
10377,"Yamoussoukro, Cote d'Ivoire: Yamoussoukro Airport",NOT_FOUND,NO,NO_ICAO_CODE,NO_STATE_CODE,UNKNOWN
10378,"Marshall, TX: Harrison County",NOT_FOUND,NO,NO_ICAO_CODE,NO_MATCH,UNKNOWN
10379,"Asmara, Eritrea: Asmara International",NOT_FOUND,NO,NO_ICAO_CODE,NO_STATE_CODE,UNKNOWN
10380,"Talladega, AL: Talladega Municipal",NOT_FOUND,NO,NO_ICAO_CODE,NO_MATCH,UNKNOWN
10381,"Asosa, Ethiopia: Asosa Hidase",NOT_FOUND,NO,NO_ICAO_CODE,INTERNATIONAL,UNKNOWN
10382,"Alice Springs, Australia: Alice Springs Airport",NOT_FOUND,NO,INTERNATIONAL,INTERNATIONAL,UNKNOWN
10383,"Austin, NV: Austin Airport",KAUS,YES,ASOS_AVAILABLE,DIRECT_MATCH,HIGH
10384,"Kayseri, Turkey: Kayseri Airport",NOT_FOUND,NO,NO_ICAO_CODE,INTERNATIONAL,UNKNOWN
10385,"Astoria/Seaside, OR: Astoria Regional",NOT_FOUND,NO,NO_ICAO_CODE,NO_MATCH,UNKNOWN
10386,"Asuncion, Paraguay: Silvio Pettirossi International",NOT_FOUND,NO,NO_ICAO_CODE,INTERNATIONAL,UNKNOWN
10387,"Aswan, Egypt: Aswan International",NOT_FOUND,NO,NO_ICAO_CODE,INTERNATIONAL,UNKNOWN
10388,"Ashland, WI: John F Kennedy Memorial",KJFK,YES,ASOS_AVAILABLE,DIRECT_MATCH,HIGH
10389,"Ashley, ND: Ashley Municipal",NOT_FOUND,NO,NO_ICAO_CODE,NO_MATCH,UNKNOWN
10390,"Anta, Peru: Anta Huaraz",NOT_FOUND,NO,NO_ICAO_CODE,INTERNATIONAL,UNKNOWN
10391,"Atbara, Sudan: Atbara Airport",NOT_FOUND,NO,NO_ICAO_CODE,INTERNATIONAL,UNKNOWN
10392,"Arthur's Town, The Bahamas: Arthur's Town Airport",NOT_FOUND,NO,NO_ICAO_CODE,INTERNATIONAL,UNKNOWN
10393,"Antlers, OK: Antlers Municipal",NOT_FOUND,NO,NO_ICAO_CODE,NO_MATCH,UNKNOWN
10394,"Athens, Greece: Eleftherios Venizelos International",NOT_FOUND,NO,NO_ICAO_CODE,INTERNATIONAL,UNKNOWN
10395,"Artigas, Uruguay: Artigas International",NOT_FOUND,NO,NO_ICAO_CODE,INTERNATIONAL,UNKNOWN
10396,"Atqasuk, AK: Atqasuk Edward Burnell Sr. Memorial",NOT_FOUND,NO,NO_ICAO_CODE,NO_MATCH,UNKNOWN
10397,ATL,KATL,YES,ASOS_AVAILABLE,DIRECT_MATCH,HIGH
10398,"Altamira, Brazil: Altamira Airport",NOT_FOUND,NO,INTERNATIONAL,INTERNATIONAL,UNKNOWN
10399,"Namatanai, Papua New Guinea: Namatanai Airport",NOT_FOUND,NO,NO_ICAO_CODE,INTERNATIONAL,UNKNOWN
10400,"Athens, OH: Ohio University",KAHN,YES,ASOS_AVAILABLE,DIRECT_MATCH,HIGH
10401,"Aitape, Papua New Guinea: Aitape Airport",NOT_FOUND,NO,NO_ICAO_CODE,INTERNATIONAL,UNKNOWN
10402,"Amritsar, India: Amritsar International",NOT_FOUND,NO,INTERNATIONAL,INTERNATIONAL,UNKNOWN
10403,"Atar, Mauritania: Atar Airport",NOT_FOUND,NO,NO_ICAO_CODE,NO_STATE_CODE,UNKNOWN
10404,"Artesia, NM: Artesia Municipal",NOT_FOUND,NO,NO_ICAO_CODE,NO_MATCH,UNKNOWN
10405,"Atmautluak, AK: Atmautluak Airport",NOT_FOUND,NO,NO_ICAO_CODE,NO_MATCH,UNKNOWN
10406,"Attu, AK: Casco Cove CGS",NOT_FOUND,NO,NO_ICAO_CODE,NO_MATCH,UNKNOWN
10407,"Ati, Chad: Ati Airport",NOT_FOUND,NO,NO_ICAO_CODE,INTERNATIONAL,UNKNOWN
10408,"Appleton, WI: Appleton International",NOT_FOUND,NO,NO_ICAO_CODE,NO_MATCH,UNKNOWN
10409,"Watertown, SD: Watertown Regional",NOT_FOUND,NO,NO_ICAO_CODE,NO_MATCH,UNKNOWN
10410,"Assiut, Egypt: Assiut Airport",NOT_FOUND,NO,NO_ICAO_CODE,INTERNATIONAL,UNKNOWN
10411,"Aruba, Aruba: Reina Beatrix International",NOT_FOUND,NO,NO_ICAO_CODE,NO_STATE_CODE,UNKNOWN
10412,"Arauca, Colombia: Santiago Perez",NOT_FOUND,NO,NO_ICAO_CODE,INTERNATIONAL,UNKNOWN
10413,"Augustus Downs, Australia: Augustus Downs Airport",NOT_FOUND,NO,INTERNATIONAL,INTERNATIONAL,UNKNOWN
10414,"Augusta/Waterville, ME: Augusta State",KAGS,YES,ASOS_AVAILABLE,DIRECT_MATCH,HIGH
10415,"Abu Dhabi, United Arab Emirates: Zayed International",NOT_FOUND,NO,NO_ICAO_CODE,INTERNATIONAL,UNKNOWN
10416,"Alakanuk, AK: Alakanuk Airport",NOT_FOUND,NO,NO_ICAO_CODE,NO_MATCH,UNKNOWN
10417,"Austin/Albert Lea, MN: Austin Municipal",KAUS,YES,ASOS_AVAILABLE,DIRECT_MATCH,HIGH
10418,"Auburn, CA: Auburn Municipal",NOT_FOUND,NO,NO_ICAO_CODE,NO_MATCH,UNKNOWN
10419,"Auburn, AL: Auburn University Regional",NOT_FOUND,NO,NO_ICAO_CODE,NO_MATCH,UNKNOWN
10420,"Aguan, Papua New Guinea: Aguan Papua N.G.",NOT_FOUND,NO,NO_ICAO_CODE,INTERNATIONAL,UNKNOWN
10421,"Atuona, French Polynesia: Hiva Oa/Atuona",NOT_FOUND,NO,NO_ICAO_CODE,INTERNATIONAL,UNKNOWN
10422,"Aurillac, France: Aurillac Airport",NOT_FOUND,NO,INTERNATIONAL,INTERNATIONAL,UNKNOWN
10423,"Austin, TX: Austin - Bergstrom International",KAUS,YES,ASOS_AVAILABLE,DIRECT_MATCH,HIGH
10424,"Wausau, WI: Wausau Downtown",NOT_FOUND,NO,NO_ICAO_CODE,NO_MATCH,UNKNOWN
10425,"Araguaina, Brazil: Araguaina Airport",NOT_FOUND,NO,INTERNATIONAL,INTERNATIONAL,UNKNOWN
10426,"Aneityum, Vanuatu: Aneityum Airport",NOT_FOUND,NO,NO_ICAO_CODE,NO_STATE_CODE,UNKNOWN
10427,"Aurora, IL: Aurora Municipal",NOT_FOUND,NO,NO_ICAO_CODE,NO_MATCH,UNKNOWN
10428,"Aviano, Italy: Aviano AB",NOT_FOUND,NO,NO_ICAO_CODE,INTERNATIONAL,UNKNOWN
10430,"Ciego de Avila, Cuba: Maximo Gomez",NOT_FOUND,NO,NO_ICAO_CODE,NO_STATE_CODE,UNKNOWN
10431,"Asheville, NC: Asheville Regional",NOT_FOUND,NO,NO_ICAO_CODE,NO_MATCH,UNKNOWN
10432,"Avignon, France: Avignon Caumont",NOT_FOUND,NO,INTERNATIONAL,INTERNATIONAL,UNKNOWN
10433,"Avon Park, FL: Avon Park Executive",NOT_FOUND,NO,NO_ICAO_CODE,NO_MATCH,UNKNOWN
10434,"Scranton/Wilkes-Barre, PA: Wilkes Barre Scranton International",KAVP,YES,ASOS_AVAILABLE,DIRECT_MATCH,HIGH
10435,"Avalon, Australia: Avalon Airport",NOT_FOUND,NO,INTERNATIONAL,INTERNATIONAL,UNKNOWN
10436,"Tucson, AZ: Marana Regional",KTUS,YES,ASOS_AVAILABLE,DIRECT_MATCH,HIGH
10437,"Avalon, CA: Catalina",NOT_FOUND,NO,NO_ICAO_CODE,NO_MATCH,UNKNOWN
10438,"Awasa, Ethiopia: Lake Awasa",NOT_FOUND,NO,NO_ICAO_CODE,INTERNATIONAL,UNKNOWN
10439,"Wake Island, TT: Wake Island Airfield",NOT_FOUND,NO,NO_ICAO_CODE,NON_US_STATE,UNKNOWN
10440,"West Memphis, AR: West Memphis Municipal",KMEM,YES,ASOS_AVAILABLE,DIRECT_MATCH,HIGH
10441,"Awar, Papua New Guinea: Awar Airport",NOT_FOUND,NO,NO_ICAO_CODE,INTERNATIONAL,UNKNOWN
10442,"Andrews, TX: Andrews County",NOT_FOUND,NO,NO_ICAO_CODE,NO_MATCH,UNKNOWN
10443,"Ahwaz, Iran: Ahwaz Airport",NOT_FOUND,NO,NO_ICAO_CODE,INTERNATIONAL,UNKNOWN
10444,"The Valley, Anguilla: Clayton J Lloyd",NOT_FOUND,NO,NO_ICAO_CODE,NO_STATE_CODE,UNKNOWN
10445,"Alexandria Bay, NY: Maxson Airfield",NOT_FOUND,NO,NO_ICAO_CODE,NO_MATCH,UNKNOWN
10446,"Aramac, Australia: Aramac Airport",NOT_FOUND,NO,INTERNATIONAL,INTERNATIONAL,UNKNOWN
10447,"Alexandroupolis, Greece: Dimokritos",NOT_FOUND,NO,NO_ICAO_CODE,INTERNATIONAL,UNKNOWN
10448,"Armenia, Colombia: El Eden",NOT_FOUND,NO,NO_ICAO_CODE,INTERNATIONAL,UNKNOWN
10449,"Alexandria, MN: Alexandria Regional Chandler Field",NOT_FOUND,NO,NO_ICAO_CODE,NO_MATCH,UNKNOWN
10450,"Spring Point, The Bahamas: Spring Point Airport",NOT_FOUND,NO,NO_ICAO_CODE,INTERNATIONAL,UNKNOWN
10451,"Altus, OK: Altus/Quartz Mountain Regional",NOT_FOUND,NO,NO_ICAO_CODE,NO_MATCH,UNKNOWN
10452,"Akita, Japan: Akita Airport",NOT_FOUND,NO,INTERNATIONAL,INTERNATIONAL,UNKNOWN
10453,"Axum, Ethiopia: Axum Atse Yohannes IV",NOT_FOUND,NO,NO_ICAO_CODE,INTERNATIONAL,UNKNOWN
10454,"Wapakoneta, OH: Neil Armstrong",NOT_FOUND,NO,NO_ICAO_CODE,NO_MATCH,UNKNOWN
10455,"Eagle Nest, NM: Angel Fire",NOT_FOUND,NO,NO_ICAO_CODE,NO_MATCH,UNKNOWN
10456,"Anthony Lagoon, Australia: Anthony Lagoon Airport",NOT_FOUND,NO,INTERNATIONAL,INTERNATIONAL,UNKNOWN
10457,"Ayacucho, Peru: Coronel FAP Alfredo Mendivil Duarte",NOT_FOUND,NO,NO_ICAO_CODE,INTERNATIONAL,UNKNOWN
10458,"Ayers Rock, Australia: Ayers Rock Connellan",NOT_FOUND,NO,INTERNATIONAL,INTERNATIONAL,UNKNOWN
10459,"Ayr, Australia: Ayr Airport",NOT_FOUND,NO,INTERNATIONAL,INTERNATIONAL,UNKNOWN
10460,"Waycross, GA: Waycross-Ware County",NOT_FOUND,NO,NO_ICAO_CODE,NO_MATCH,UNKNOWN
10461,"Antalya, Turkey: Antalya Airport",NOT_FOUND,NO,NO_ICAO_CODE,INTERNATIONAL,UNKNOWN
10462,"Ayawasi, Indonesia: Ayawasi Airport",NOT_FOUND,NO,NO_ICAO_CODE,INTERNATIONAL,UNKNOWN
10463,"Grand Canyon, AZ: Valle",NOT_FOUND,NO,NO_ICAO_CODE,NO_MATCH,UNKNOWN
10464,"Williams, AZ: H. A. Clark Memorial Field",NOT_FOUND,NO,NO_ICAO_CODE,NO_MATCH,UNKNOWN
10465,"Glendale, AZ: Glendale Regional",NOT_FOUND,NO,NO_ICAO_CODE,NO_MATCH,UNKNOWN
10466,"Phoenix, AZ: Mesa Gateway",KPHX,YES,ASOS_AVAILABLE,DIRECT_MATCH,HIGH
10467,"Yazd, Iran: Shahid Sadooghi International",NOT_FOUND,NO,NO_ICAO_CODE,INTERNATIONAL,UNKNOWN
10468,"Apatzingan, Mexico: Pablo L. Sidar",NOT_FOUND,NO,INTERNATIONAL,INTERNATIONAL,UNKNOWN
10469,"Kalamazoo, MI: Kalamazoo/Battle Creek International",NOT_FOUND,NO,NO_ICAO_CODE,NO_MATCH,UNKNOWN
10470,"Samana, Dominican Republic: El Catey International",NOT_FOUND,NO,NO_ICAO_CODE,INTERNATIONAL,UNKNOWN
10471,"Biddeford, ME: Biddeford Municipal",NOT_FOUND,NO,NO_ICAO_CODE,NO_MATCH,UNKNOWN
10472,"Carrabassett, ME: Sugarloaf Regional",NOT_FOUND,NO,NO_ICAO_CODE,NO_MATCH,UNKNOWN
10473,"Bialla, Papua New Guinea: Bialla Airport",NOT_FOUND,NO,NO_ICAO_CODE,INTERNATIONAL,UNKNOWN
10474,"Marysville, CA: Beale AFB",NOT_FOUND,NO,NO_ICAO_CODE,NO_MATCH,UNKNOWN
10475,"Barranca de Upia, Colombia: Barranca de Upia Airport",NOT_FOUND,NO,NO_ICAO_CODE,INTERNATIONAL,UNKNOWN
10476,"Shreveport, LA: Barksdale AFB",KSHV,YES,ASOS_AVAILABLE,DIRECT_MATCH,HIGH
10477,"Barcelonnette, France: Barcelonnette Airport",NOT_FOUND,NO,INTERNATIONAL,INTERNATIONAL,UNKNOWN
10478,"Westfield, MA: Westfield Barnes Regional",NOT_FOUND,NO,NO_ICAO_CODE,NO_MATCH,UNKNOWN
10479,"Baguio, Philippines: Baguio Airport",NOT_FOUND,NO,NO_ICAO_CODE,INTERNATIONAL,UNKNOWN
10480,"Manama, Bahrain: Bahrain International",NOT_FOUND,NO,NO_ICAO_CODE,INTERNATIONAL,UNKNOWN
10481,"Buenos Aires, Costa Rica: Buenos Aires Airport",NOT_FOUND,NO,NO_ICAO_CODE,INTERNATIONAL,UNKNOWN
10482,"Baku, Azerbaijan: Heydar Aliyev International",NOT_FOUND,NO,NO_ICAO_CODE,INTERNATIONAL,UNKNOWN
10483,"Batman, Turkey: Batman Airport",NOT_FOUND,NO,NO_ICAO_CODE,INTERNATIONAL,UNKNOWN
10484,"Battle Mountain, NV: Battle Mountain Airport",NOT_FOUND,NO,NO_ICAO_CODE,NO_MATCH,UNKNOWN
10485,"Ban Mak Khaeng, Thailand: Udorn AB",NOT_FOUND,NO,NO_ICAO_CODE,INTERNATIONAL,UNKNOWN
10486,"Barranquilla, Colombia: Ernesto Cortissoz",NOT_FOUND,NO,NO_ICAO_CODE,INTERNATIONAL,UNKNOWN
10487,"Baker Island, AK: Baker AAF",NOT_FOUND,NO,NO_ICAO_CODE,NO_MATCH,UNKNOWN
10488,"Barth, East Germany: Barth Airport",NOT_FOUND,NO,INTERNATIONAL,INTERNATIONAL,UNKNOWN
10489,"Bauru, Brazil: Bauru-Arealva",NOT_FOUND,NO,INTERNATIONAL,INTERNATIONAL,UNKNOWN
10490,"Baotou, China: Donghe",NOT_FOUND,NO,INTERNATIONAL,INTERNATIONAL,UNKNOWN
10491,"Barnaul, Russia: Mikhaylovka",NOT_FOUND,NO,INTERNATIONAL,INTERNATIONAL,UNKNOWN
10492,"Baia Mare, Romania: Maramures",NOT_FOUND,NO,NO_ICAO_CODE,INTERNATIONAL,UNKNOWN
10493,"Balmaceda, Chile: Balmaceda Airport",NOT_FOUND,NO,NO_ICAO_CODE,INTERNATIONAL,UNKNOWN
10494,"Bay City, TX: Bay City Regional",NOT_FOUND,NO,NO_ICAO_CODE,NO_MATCH,UNKNOWN
10495,"Burlington, MA: N Eng Heliport",KBTV,YES,ASOS_AVAILABLE,DIRECT_MATCH,HIGH
10497,"Bhubaneswar, India: Biju Patnaik International",NOT_FOUND,NO,INTERNATIONAL,INTERNATIONAL,UNKNOWN
10498,"Berbera, Somalia: Berbera International",NOT_FOUND,NO,NO_ICAO_CODE,INTERNATIONAL,UNKNOWN
10499,"Barbuda, Antigua and Barbuda: Cocoa Point",NOT_FOUND,NO,NO_ICAO_CODE,INTERNATIONAL,UNKNOWN
10500,"Basse Terre, Guadeloupe: Baillif",NOT_FOUND,NO,NO_ICAO_CODE,NO_STATE_CODE,UNKNOWN
10501,"Blackbushe, United Kingdom: Blackbushe Airport",NOT_FOUND,NO,INTERNATIONAL,INTERNATIONAL,UNKNOWN
10502,"Berberati, Central African Republic: Berberati Airport",NOT_FOUND,NO,NO_ICAO_CODE,NO_STATE_CODE,UNKNOWN
10503,"Bucharest, Romania: Baneasa Aurel Vlaicu",NOT_FOUND,NO,NO_ICAO_CODE,INTERNATIONAL,UNKNOWN
10504,"Blue Bell, PA: Wings Field",NOT_FOUND,NO,NO_ICAO_CODE,NO_MATCH,UNKNOWN
10505,"Bambari, Central African Republic: Bambari Airport",NOT_FOUND,NO,NO_ICAO_CODE,NO_STATE_CODE,UNKNOWN
10506,"Zambezi, Zambia: Zambezi Airport",NOT_FOUND,NO,NO_ICAO_CODE,INTERNATIONAL,UNKNOWN
10507,"Baracoa, Cuba: Gustavo Rizo",NOT_FOUND,NO,NO_ICAO_CODE,NO_STATE_CODE,UNKNOWN
10508,"Blacksburg, VA: Virginia Tech Montgomery Exec",KMGM,YES,ASOS_AVAILABLE,DIRECT_MATCH,HIGH
10509,"Bear Creek, AK: Bear Creek Airport",NOT_FOUND,NO,NO_ICAO_CODE,NO_MATCH,UNKNOWN
10510,"Bacolod, Philippines: Bacolod Airport",NOT_FOUND,NO,NO_ICAO_CODE,INTERNATIONAL,UNKNOWN
10511,"Bryce Canyon, UT: Bryce Canyon Airport",NOT_FOUND,NO,NO_ICAO_CODE,NO_MATCH,UNKNOWN
10512,"Baucau, Timor-Leste: Baucau Airport",NOT_FOUND,NO,NO_ICAO_CODE,NO_STATE_CODE,UNKNOWN
10513,"Barcaldine, Australia: Barcaldine Airport",NOT_FOUND,NO,INTERNATIONAL,INTERNATIONAL,UNKNOWN
10514,"Crestone, CO: Baca Grande",NOT_FOUND,NO,NO_ICAO_CODE,NO_MATCH,UNKNOWN
10515,"Barra del Colorado, Costa Rica: Barra del Colorado Airport",NOT_FOUND,NO,NO_ICAO_CODE,INTERNATIONAL,UNKNOWN
10516,"Bacau, Romania: George Enescu Bacau International",NOT_FOUND,NO,NO_ICAO_CODE,INTERNATIONAL,UNKNOWN
10517,"Barcelona, Spain: Barcelona Airport",NOT_FOUND,NO,INTERNATIONAL,INTERNATIONAL,UNKNOWN
10518,"Belle Chasse, LA: Southern Seaplane",NOT_FOUND,NO,PRIVATE/SPECIAL_USE,NO_MATCH,UNKNOWN
10519,"Boca Raton, FL: Boca Raton Public",NOT_FOUND,NO,NO_ICAO_CODE,NO_MATCH,UNKNOWN
10520,"Bulchi, Ethiopia: Bulchi Airport",NOT_FOUND,NO,NO_ICAO_CODE,INTERNATIONAL,UNKNOWN
10521,"Hamilton, Bermuda: L. F. Wade International",NOT_FOUND,NO,NO_ICAO_CODE,NO_STATE_CODE,UNKNOWN
10522,"Bundaberg, Australia: Bundaberg Airport",NOT_FOUND,NO,INTERNATIONAL,INTERNATIONAL,UNKNOWN
10523,"Baudette, MN: Baudette International",NOT_FOUND,NO,NO_ICAO_CODE,NO_MATCH,UNKNOWN
10524,"Blanding, UT: Blanding Municipal",NOT_FOUND,NO,NO_ICAO_CODE,NO_MATCH,UNKNOWN
10525,"Bandar Lengeh, Iran: Bandar Lengeh Airport",NOT_FOUND,NO,NO_ICAO_CODE,INTERNATIONAL,UNKNOWN
10526,"Bird Island, Seychelles: Bird Island Airport",NOT_FOUND,NO,NO_ICAO_CODE,INTERNATIONAL,UNKNOWN
10527,"Bandjarmasin, Indonesia: Syamsudin Noor",NOT_FOUND,NO,NO_ICAO_CODE,INTERNATIONAL,UNKNOWN
10528,"Bondoukou, Cote d'Ivoire: Bondoukou/Soko",NOT_FOUND,NO,NO_ICAO_CODE,NO_STATE_CODE,UNKNOWN
10529,BDL,KBDL,YES,ASOS_AVAILABLE,DIRECT_MATCH,HIGH
10530,"Bandirma, Turkey: Bandirma Airport",NOT_FOUND,NO,NO_ICAO_CODE,INTERNATIONAL,UNKNOWN
10531,"Badin, Pakistan: Talhar",NOT_FOUND,NO,NO_ICAO_CODE,INTERNATIONAL,UNKNOWN
10532,"Bandung, Indonesia: Husein Sastranegara",NOT_FOUND,NO,NO_ICAO_CODE,INTERNATIONAL,UNKNOWN
10533,"Bhadrapur/Chandragadhi, Nepal: Chandragadhi",NOT_FOUND,NO,NO_ICAO_CODE,INTERNATIONAL,UNKNOWN
10534,"Vadodara, India: Vadodara Airport",NOT_FOUND,NO,INTERNATIONAL,INTERNATIONAL,UNKNOWN
10535,"Bridgeport, CT: Bridgeport Sikorsky",NOT_FOUND,NO,NO_ICAO_CODE,NO_MATCH,UNKNOWN
10536,"Brindisi, Italy: Brindisi Airport",NOT_FOUND,NO,NO_ICAO_CODE,INTERNATIONAL,UNKNOWN
10537,"Bardufoss, Norway: Bardufoss Airport",NOT_FOUND,NO,NO_ICAO_CODE,INTERNATIONAL,UNKNOWN
10538,"Bandon, OR: Bandon State",NOT_FOUND,NO,NO_ICAO_CODE,NO_MATCH,UNKNOWN
10539,"Benbecula, United Kingdom: Benbecula Airport",NOT_FOUND,NO,INTERNATIONAL,INTERNATIONAL,UNKNOWN
10540,"Bedford, MA: Laurence G Hanscom Field",NOT_FOUND,NO,NO_ICAO_CODE,NO_MATCH,UNKNOWN
10541,"Bluefields, Nicaragua: Bluefields Airport",NOT_FOUND,NO,NO_ICAO_CODE,INTERNATIONAL,UNKNOWN
10542,"Belgrade, Serbia: Beograd",NOT_FOUND,NO,NO_ICAO_CODE,INTERNATIONAL,UNKNOWN
10543,"Benton Harbor/St. Joseph, MI: Southwest Michigan Regional",NOT_FOUND,NO,NO_ICAO_CODE,NO_MATCH,UNKNOWN
10544,"Beica, Ethiopia: Beica Airport",NOT_FOUND,NO,NO_ICAO_CODE,INTERNATIONAL,UNKNOWN
10545,"Belem, Brazil: Val de Cans Julio Cezar Ribeiro International",NOT_FOUND,NO,INTERNATIONAL,INTERNATIONAL,UNKNOWN
10547,"Benghazi, Libya: Benina International",NOT_FOUND,NO,NO_ICAO_CODE,NO_STATE_CODE,UNKNOWN
10548,"Newcastle, Australia: Lake Macquarie",NOT_FOUND,NO,INTERNATIONAL,INTERNATIONAL,UNKNOWN
10549,"Berlin, Germany: Berlin Metropolitan Area",NOT_FOUND,NO,INTERNATIONAL,INTERNATIONAL,UNKNOWN
10550,"Brest, France: Brest Bretagne",NOT_FOUND,NO,INTERNATIONAL,INTERNATIONAL,UNKNOWN
10551,"Bethel, AK: Bethel Airport",PABE,YES,ASOS_AVAILABLE,DIRECT_MATCH,HIGH
10552,"Bedourie, Australia: Bedourie North",NOT_FOUND,NO,INTERNATIONAL,INTERNATIONAL,UNKNOWN
10553,"Beersheba, Israel: Teyman",NOT_FOUND,NO,NO_ICAO_CODE,INTERNATIONAL,UNKNOWN
10554,"Beira, Mozambique: Beira Airport",NOT_FOUND,NO,NO_ICAO_CODE,INTERNATIONAL,UNKNOWN
10555,"Beirut, Lebanon: Rafic Hariri International",NOT_FOUND,NO,NO_ICAO_CODE,INTERNATIONAL,UNKNOWN
10556,"Blue Fox Bay, AK: Blue Fox Bay Airport",NOT_FOUND,NO,NO_ICAO_CODE,NO_MATCH,UNKNOWN
10557,"Bradford, PA: Bradford Regional",NOT_FOUND,NO,NO_ICAO_CODE,NO_MATCH,UNKNOWN
10558,"Scottsbluff, NE: Scottsbluff W Neb Regional Wm B Heilig Field",NOT_FOUND,NO,NO_ICAO_CODE,NO_MATCH,UNKNOWN
10559,"Seattle, WA: Boeing Field/King County International",KSEA,YES,ASOS_AVAILABLE,DIRECT_MATCH,HIGH
10560,"Aurora, CO: Buckley Sfb",NOT_FOUND,NO,NO_ICAO_CODE,NO_MATCH,UNKNOWN
10561,"Bakersfield, CA: Meadows Field",NOT_FOUND,NO,NO_ICAO_CODE,NO_MATCH,UNKNOWN
10562,"Mobile, AL: Mobile International",KMOB,YES,ASOS_AVAILABLE,DIRECT_MATCH,HIGH
10563,"Bloemfontein, South Africa: Bram Fischer International",NOT_FOUND,NO,NO_ICAO_CODE,INTERNATIONAL,UNKNOWN
10564,"Buffalo Range, Zimbabwe: Buffalo Range Airport",NOT_FOUND,NO,NO_ICAO_CODE,INTERNATIONAL,UNKNOWN
10565,"Beaver Falls, PA: Beaver County",NOT_FOUND,NO,NO_ICAO_CODE,NO_MATCH,UNKNOWN
10566,"Bahia de Pinas, Panama: Bahia de Pinas Airport",NOT_FOUND,NO,NO_ICAO_CODE,INTERNATIONAL,UNKNOWN
10567,"Bedford, IN: Virgil I Grissom Municipal",NOT_FOUND,NO,NO_ICAO_CODE,NO_MATCH,UNKNOWN
10568,"Belfast, United Kingdom: Belfast Aldergrove",NOT_FOUND,NO,INTERNATIONAL,INTERNATIONAL,UNKNOWN
10569,"Beaufort, SC: Beaufort Executive",NOT_FOUND,NO,NO_ICAO_CODE,NO_MATCH,UNKNOWN
10570,"Bucaramanga, Colombia: Palonegro",NOT_FOUND,NO,NO_ICAO_CODE,INTERNATIONAL,UNKNOWN
10571,"Booue, Gabon: Booue Airport",NOT_FOUND,NO,NO_ICAO_CODE,NO_STATE_CODE,UNKNOWN
10572,"Borger, TX: Hutchinson County",NOT_FOUND,NO,NO_ICAO_CODE,NO_MATCH,UNKNOWN
10573,"Bainbridge, GA: Decatur County Industrial Air Park",NOT_FOUND,NO,NO_ICAO_CODE,NO_MATCH,UNKNOWN
10574,"Bangui, Central African Republic: Bangui-M'Poko",NOT_FOUND,NO,NO_ICAO_CODE,NO_STATE_CODE,UNKNOWN
10575,"Barbados/Bridgetown, Barbados: Grantley Adams International",NOT_FOUND,NO,NO_ICAO_CODE,INTERNATIONAL,UNKNOWN
10576,"Baglung, Nepal: Baglung Airport",NOT_FOUND,NO,NO_ICAO_CODE,INTERNATIONAL,UNKNOWN
10577,"Binghamton, NY: Greater Binghamton/Edwin A. Link Field",NOT_FOUND,NO,NO_ICAO_CODE,NO_MATCH,UNKNOWN
10578,"Bruggen, Germany: Bruggen Airport",NOT_FOUND,NO,INTERNATIONAL,INTERNATIONAL,UNKNOWN
10579,"Bergen, Norway: Bergen Airport",NOT_FOUND,NO,NO_ICAO_CODE,INTERNATIONAL,UNKNOWN
10580,"Big Lake, AK: Big Lake Airport",NOT_FOUND,NO,NO_ICAO_CODE,NO_MATCH,UNKNOWN
10581,"Bangor, ME: Bangor International",NOT_FOUND,NO,NO_ICAO_CODE,NO_MATCH,UNKNOWN
10582,"Big Spring, TX: Big Spring McMahon-Wrinkle",NOT_FOUND,NO,NO_ICAO_CODE,NO_MATCH,UNKNOWN
10583,"Bagdad, AZ: Bagdad Airport",NOT_FOUND,NO,NO_ICAO_CODE,NO_MATCH,UNKNOWN
10584,"Bangassou, Central African Republic: Bangassou Airport",NOT_FOUND,NO,NO_ICAO_CODE,NO_STATE_CODE,UNKNOWN
10585,"Baghdad, Iraq: Al Muthana",NOT_FOUND,NO,NO_ICAO_CODE,INTERNATIONAL,UNKNOWN
10586,"Bage, Brazil: Comandante Gustavo Kraemer",NOT_FOUND,NO,INTERNATIONAL,INTERNATIONAL,UNKNOWN
10587,"Bergamo, Italy: Bergamo Orio Al Serio",NOT_FOUND,NO,NO_ICAO_CODE,INTERNATIONAL,UNKNOWN
10588,"Shaikh Isa, Bahrain: Isa AB",NOT_FOUND,NO,NO_ICAO_CODE,INTERNATIONAL,UNKNOWN
10589,"Bar Harbor, ME: Hancock County-Bar Harbor",NOT_FOUND,NO,NO_ICAO_CODE,NO_MATCH,UNKNOWN
10590,"Bullhead City, AZ: Laughlin/Bullhead International",NOT_FOUND,NO,NO_ICAO_CODE,NO_MATCH,UNKNOWN
10591,"Belfast, United Kingdom: Belfast City",NOT_FOUND,NO,INTERNATIONAL,INTERNATIONAL,UNKNOWN
10592,"Blenheim, New Zealand: Woodbourne",NOT_FOUND,NO,NO_ICAO_CODE,INTERNATIONAL,UNKNOWN
10593,"Brus Laguna, Honduras: Araslaya",NOT_FOUND,NO,NO_ICAO_CODE,INTERNATIONAL,UNKNOWN
10594,"Bisha, Saudi Arabia: Bisha Airport",NOT_FOUND,NO,NO_ICAO_CODE,INTERNATIONAL,UNKNOWN
10595,"Bahia Blanca, Argentina: Comandante Espora",NOT_FOUND,NO,NO_ICAO_CODE,INTERNATIONAL,UNKNOWN
10596,"Bhuj, India: Bhuj Airport",NOT_FOUND,NO,INTERNATIONAL,INTERNATIONAL,UNKNOWN
10597,"Bukhara, Uzbekistan: Bukhara International",NOT_FOUND,NO,NO_ICAO_CODE,INTERNATIONAL,UNKNOWN
10598,"Bahia de Los Angeles, Mexico: Bahia de Los Angeles North",NOT_FOUND,NO,INTERNATIONAL,INTERNATIONAL,UNKNOWN
10599,BHM,KBHM,YES,ASOS_AVAILABLE,DIRECT_MATCH,HIGH
10600,"Beihan, Yemen: Beihan Airport",NOT_FOUND,NO,NO_ICAO_CODE,INTERNATIONAL,UNKNOWN
10601,"Bhopal, India: Raja Bhoj",NOT_FOUND,NO,INTERNATIONAL,INTERNATIONAL,UNKNOWN
10602,"Broken Hill, Australia: Broken Hill Airport",NOT_FOUND,NO,INTERNATIONAL,INTERNATIONAL,UNKNOWN
10603,"Bharatpur, Nepal: Bharatpur Airport",NOT_FOUND,NO,NO_ICAO_CODE,INTERNATIONAL,UNKNOWN
10604,"Bathurst, Australia: Bathurst Airport",NOT_FOUND,NO,INTERNATIONAL,INTERNATIONAL,UNKNOWN
10605,"Brighton Downs, Australia: Brighton Downs Airport",NOT_FOUND,NO,INTERNATIONAL,INTERNATIONAL,UNKNOWN
10606,"Bhavnagar, India: Bhavnagar Airport",NOT_FOUND,NO,INTERNATIONAL,INTERNATIONAL,UNKNOWN
10607,"Bahawalpur, Pakistan: Bahawalpur International",NOT_FOUND,NO,NO_ICAO_CODE,INTERNATIONAL,UNKNOWN
10608,"Birmingham, United Kingdom: Birmingham Airport",NOT_FOUND,NO,INTERNATIONAL,INTERNATIONAL,UNKNOWN
10609,"Beihai, China: Beihai Airport",NOT_FOUND,NO,INTERNATIONAL,INTERNATIONAL,UNKNOWN
10610,"Belo Horizonte, Brazil: Belo Horizonte Metropolitan Area",NOT_FOUND,NO,INTERNATIONAL,INTERNATIONAL,UNKNOWN
10611,"Bastia, France: Bastia Poretta",NOT_FOUND,NO,INTERNATIONAL,INTERNATIONAL,UNKNOWN
10612,"Big Creek, AK: Big Creek Airport",NOT_FOUND,NO,NO_ICAO_CODE,NO_MATCH,UNKNOWN
10613,"Block Island, RI: Block Island State",NOT_FOUND,NO,NO_ICAO_CODE,NO_MATCH,UNKNOWN
10614,"Beatrice, NE: Beatrice Municipal",NOT_FOUND,NO,NO_ICAO_CODE,NO_MATCH,UNKNOWN
10615,"El Paso, TX: Biggs AAF",KELP,YES,ASOS_AVAILABLE,DIRECT_MATCH,HIGH
10616,"Big Delta, AK: Allen AAF",NOT_FOUND,NO,NO_ICAO_CODE,NO_MATCH,UNKNOWN
10617,"Bishop, CA: Bishop Airport",NOT_FOUND,NO,NO_ICAO_CODE,NO_MATCH,UNKNOWN
10618,"Bikini Atoll, Marshall Islands: Bikini Atoll Airport",NOT_FOUND,NO,NO_ICAO_CODE,NO_STATE_CODE,UNKNOWN
10619,"Biak, Indonesia: Manuhua",NOT_FOUND,NO,NO_ICAO_CODE,INTERNATIONAL,UNKNOWN
10620,BOS,KBOS,YES,ASOS_AVAILABLE,DIRECT_MATCH,HIGH
10621,"Bimini, The Bahamas: Bimini International",NOT_FOUND,NO,NO_ICAO_CODE,INTERNATIONAL,UNKNOWN
10622,"Bamyan, Afghanistan: Bamyan Airport",NOT_FOUND,NO,NO_ICAO_CODE,INTERNATIONAL,UNKNOWN
10623,"Bilbao, Spain: Bilbao Airport",NOT_FOUND,NO,INTERNATIONAL,INTERNATIONAL,UNKNOWN
10624,"Bulimba, Australia: Bulimba Airport",NOT_FOUND,NO,INTERNATIONAL,INTERNATIONAL,UNKNOWN
10625,"Biarritz, France: Biarritz Pays Basque",NOT_FOUND,NO,INTERNATIONAL,INTERNATIONAL,UNKNOWN
10626,"Biratnagar, Nepal: Biratnagar Airport",NOT_FOUND,NO,NO_ICAO_CODE,INTERNATIONAL,UNKNOWN
10627,"Bismarck/Mandan, ND: Bismarck Municipal",KBIS,YES,ASOS_AVAILABLE,DIRECT_MATCH,HIGH
10628,"Bria, Central African Republic: Bria Airport",NOT_FOUND,NO,NO_ICAO_CODE,NO_STATE_CODE,UNKNOWN
10629,"Biloxi, MS: Keesler AFB",NOT_FOUND,NO,NO_ICAO_CODE,NO_MATCH,UNKNOWN
10630,"Broomfield, CO: Rocky Mountain Metro",NOT_FOUND,NO,NO_ICAO_CODE,NO_MATCH,UNKNOWN
10631,"Bemidji, MN: Bemidji Regional",NOT_FOUND,NO,NO_ICAO_CODE,NO_MATCH,UNKNOWN
10632,"Wooster, OH: Wayne County",NOT_FOUND,NO,NO_ICAO_CODE,NO_MATCH,UNKNOWN
10633,"Banjul, The Gambia: Banjul International",NOT_FOUND,NO,NO_ICAO_CODE,INTERNATIONAL,UNKNOWN
10634,"Bujumbura, Burundi: Bujumbura International",NOT_FOUND,NO,NO_ICAO_CODE,INTERNATIONAL,UNKNOWN
10635,"Bahir Dar, Ethiopia: Bahir Dar Ginbot Haya International",NOT_FOUND,NO,NO_ICAO_CODE,INTERNATIONAL,UNKNOWN
10636,"Bajura, Nepal: Bajura Airport",NOT_FOUND,NO,NO_ICAO_CODE,INTERNATIONAL,UNKNOWN
10637,"Bodrum, Turkey: Imsik",NOT_FOUND,NO,NO_ICAO_CODE,INTERNATIONAL,UNKNOWN
10638,"Leon/Guanajuato, Mexico: Leon International",NOT_FOUND,NO,INTERNATIONAL,INTERNATIONAL,UNKNOWN
10639,"Badajoz, Spain: Badajoz Airport",NOT_FOUND,NO,INTERNATIONAL,INTERNATIONAL,UNKNOWN
10640,"Buckland, AK: Buckland Airport",NOT_FOUND,NO,NO_ICAO_CODE,NO_MATCH,UNKNOWN
10641,"Baker, OR: Baker City Municipal",NOT_FOUND,NO,NO_ICAO_CODE,NO_MATCH,UNKNOWN
10642,"Brooks Lake, AK: Brooks Lake Airport",NOT_FOUND,NO,NO_ICAO_CODE,NO_MATCH,UNKNOWN
10643,"Branson, MO: Branson Airport",NOT_FOUND,NO,NO_ICAO_CODE,NO_MATCH,UNKNOWN
10644,"Kekaha, Kauai, HI: Barking Sands PMRF",NOT_FOUND,NO,NO_ICAO_CODE,NO_MATCH,UNKNOWN
10645,"Kota Kinabalu, Malaysia: Kota Kinabalu International",NOT_FOUND,NO,NO_ICAO_CODE,INTERNATIONAL,UNKNOWN
10646,"Bangkok, Thailand: Don Mueang International",NOT_FOUND,NO,NO_ICAO_CODE,INTERNATIONAL,UNKNOWN
10647,"Cleveland, OH: Burke Lakefront",KCLE,YES,ASOS_AVAILABLE,DIRECT_MATCH,HIGH
10648,"Bakelalan, Malaysia: Bakelalan Airport",NOT_FOUND,NO,NO_ICAO_CODE,INTERNATIONAL,UNKNOWN
10650,"Bamako, Mali: President Modibo Keita",NOT_FOUND,NO,NO_ICAO_CODE,INTERNATIONAL,UNKNOWN
10651,"Blackall, Australia: Blackall Airport",NOT_FOUND,NO,INTERNATIONAL,INTERNATIONAL,UNKNOWN
10652,"Bengkulu, Indonesia: Fatmawati Soekarno",NOT_FOUND,NO,NO_ICAO_CODE,INTERNATIONAL,UNKNOWN
10653,"Betioky, Madagascar: Betioky Airport",NOT_FOUND,NO,NO_ICAO_CODE,INTERNATIONAL,UNKNOWN
10654,"Beckley, WV: Raleigh County Memorial",KRDU,YES,ASOS_AVAILABLE,DIRECT_MATCH,HIGH
10655,"Brookings, SD: Brookings Regional",NOT_FOUND,NO,NO_ICAO_CODE,NO_MATCH,UNKNOWN
10656,"Bukavu, Congo (Kinshasa): Bukavu Kavumu",NOT_FOUND,NO,NO_ICAO_CODE,INTERNATIONAL,UNKNOWN
10657,"Bukoba, Tanzania: Bukoba Airport",NOT_FOUND,NO,NO_ICAO_CODE,INTERNATIONAL,UNKNOWN
10658,"Barcelona, Venezuela: Gd Jose Antonio Anzoategui International",NOT_FOUND,NO,NO_ICAO_CODE,INTERNATIONAL,UNKNOWN
10659,"Balboa, Panama: Albrook AFB",NOT_FOUND,NO,NO_ICAO_CODE,INTERNATIONAL,UNKNOWN
10660,"Bali, Cameroon: Bali Airport",NOT_FOUND,NO,NO_ICAO_CODE,INTERNATIONAL,UNKNOWN
10661,"Boulder City, NV: Boulder City Municipal",NOT_FOUND,NO,NO_ICAO_CODE,NO_MATCH,UNKNOWN
10662,"Borlange, Sweden: Borlange Airport",NOT_FOUND,NO,NO_ICAO_CODE,INTERNATIONAL,UNKNOWN
10663,"Princeton/Bluefield, WV: Mercer County",NOT_FOUND,NO,NO_ICAO_CODE,NO_MATCH,UNKNOWN
10664,"Belaga, Malaysia: Belaga Airport",NOT_FOUND,NO,NO_ICAO_CODE,INTERNATIONAL,UNKNOWN
10665,"Blythe, CA: Blythe Airport",NOT_FOUND,NO,NO_ICAO_CODE,NO_MATCH,UNKNOWN
10666,"Bellingham, WA: Bellingham International",KBLI,YES,ASOS_AVAILABLE,DIRECT_MATCH,HIGH
10667,"Batna, Algeria: Mostepha Ben Boulaid",NOT_FOUND,NO,NO_ICAO_CODE,INTERNATIONAL,UNKNOWN
10668,"Blackpool, United Kingdom: Blackpool Airport",NOT_FOUND,NO,INTERNATIONAL,INTERNATIONAL,UNKNOWN
10669,"Billund, Denmark: Billund Airport",NOT_FOUND,NO,NO_ICAO_CODE,INTERNATIONAL,UNKNOWN
10670,"Belmar/Farmingdale, NJ: Monmouth Executive",NOT_FOUND,NO,NO_ICAO_CODE,NO_MATCH,UNKNOWN
10671,"Blonduos, Iceland: Blonduos Airport",NOT_FOUND,NO,NO_ICAO_CODE,INTERNATIONAL,UNKNOWN
10672,"Bellavista, Peru: Bellavista 1",NOT_FOUND,NO,NO_ICAO_CODE,INTERNATIONAL,UNKNOWN
10673,"Bologna, Italy: Bologna Airport",NOT_FOUND,NO,NO_ICAO_CODE,INTERNATIONAL,UNKNOWN
10674,"Bangalore, India: Kempegowda International",NOT_FOUND,NO,INTERNATIONAL,INTERNATIONAL,UNKNOWN
10675,"Blackwater, Australia: Blackwater Airport",NOT_FOUND,NO,INTERNATIONAL,INTERNATIONAL,UNKNOWN
10676,"Belleville, IL: Scott AFB MidAmerica St Louis",KSTL,YES,ASOS_AVAILABLE,DIRECT_MATCH,HIGH
10677,"Blantyre, Malawi: Chileka International",NOT_FOUND,NO,NO_ICAO_CODE,INTERNATIONAL,UNKNOWN
10678,"Stockholm, Sweden: Bromma",NOT_FOUND,NO,NO_ICAO_CODE,INTERNATIONAL,UNKNOWN
10679,"Bumba, Congo (Kinshasa): Bumba Airport",NOT_FOUND,NO,NO_ICAO_CODE,INTERNATIONAL,UNKNOWN
10680,"Brigham City, UT: Brigham City Regional",NOT_FOUND,NO,NO_ICAO_CODE,NO_MATCH,UNKNOWN
10681,"Belo, Madagascar: Belo Sur Tsiribihina",NOT_FOUND,NO,NO_ICAO_CODE,INTERNATIONAL,UNKNOWN
10682,"Broome, Australia: Broome International",NOT_FOUND,NO,INTERNATIONAL,INTERNATIONAL,UNKNOWN
10683,"Bloomington, IN: Monroe County",NOT_FOUND,NO,NO_ICAO_CODE,NO_MATCH,UNKNOWN
10684,"Bomai, Papua New Guinea: Bomai Airport",NOT_FOUND,NO,NO_ICAO_CODE,INTERNATIONAL,UNKNOWN
10685,"Bloomington/Normal, IL: Central Il Regional Airport at Bloomington",NOT_FOUND,NO,NO_ICAO_CODE,NO_MATCH,UNKNOWN
10686,"Baramita, Guyana: Baramita Airport",NOT_FOUND,NO,NO_ICAO_CODE,INTERNATIONAL,UNKNOWN
10687,"Berlin, NH: Berlin Regional",NOT_FOUND,NO,NO_ICAO_CODE,NO_MATCH,UNKNOWN
10688,"Bitam, Gabon: Bitam Airport",NOT_FOUND,NO,NO_ICAO_CODE,NO_STATE_CODE,UNKNOWN
10689,"Bhamo, Burma: Banmaw",NOT_FOUND,NO,NO_ICAO_CODE,INTERNATIONAL,UNKNOWN
10690,"Brampton Island, Australia: Brampton Island Airport",NOT_FOUND,NO,INTERNATIONAL,INTERNATIONAL,UNKNOWN
10691,"Bordj Badji Mokhtar, Algeria: Bordj Mokhtar",NOT_FOUND,NO,NO_ICAO_CODE,INTERNATIONAL,UNKNOWN
10692,"Big Mountain, AK: Big Mountain AFS",NOT_FOUND,NO,NO_ICAO_CODE,NO_MATCH,UNKNOWN
10693,BNA,KBNA,YES,ASOS_AVAILABLE,DIRECT_MATCH,HIGH
10694,"Boende, Congo (Kinshasa): Boende Airport",NOT_FOUND,NO,NO_ICAO_CODE,INTERNATIONAL,UNKNOWN
10695,"Bandar Abbas, Iran: Bandar Abbas International",NOT_FOUND,NO,NO_ICAO_CODE,INTERNATIONAL,UNKNOWN
10696,"Brisbane, Australia: Brisbane International",NOT_FOUND,NO,INTERNATIONAL,INTERNATIONAL,UNKNOWN
10697,"Baranof, AK: Warm Spring Bay Seaplane Base",NOT_FOUND,NO,PRIVATE/SPECIAL_USE,NO_MATCH,UNKNOWN
10698,"Banning, CA: Banning Municipal",NOT_FOUND,NO,NO_ICAO_CODE,NO_MATCH,UNKNOWN
10699,"Benin City, Nigeria: Benin City Airport",NOT_FOUND,NO,NO_ICAO_CODE,INTERNATIONAL,UNKNOWN
10700,"Ballina, Australia: Ballina Byron Gateway",NOT_FOUND,NO,INTERNATIONAL,INTERNATIONAL,UNKNOWN
10701,"Barnwell, SC: Barnwell Regional",NOT_FOUND,NO,NO_ICAO_CODE,NO_MATCH,UNKNOWN
10702,"Bronnoysund, Norway: Bronnoysund Airport",NOT_FOUND,NO,NO_ICAO_CODE,INTERNATIONAL,UNKNOWN
10703,"Burns, OR: Burns Municipal",NOT_FOUND,NO,NO_ICAO_CODE,NO_MATCH,UNKNOWN
10704,"Barinas, Venezuela: Barinas Airport",NOT_FOUND,NO,NO_ICAO_CODE,INTERNATIONAL,UNKNOWN
10705,"Banja Luka, Bosnia and Herzegovina: Banja Luka Airport",NOT_FOUND,NO,NO_ICAO_CODE,INTERNATIONAL,UNKNOWN
10706,"Banz, Papua New Guinea: Banz Airport",NOT_FOUND,NO,NO_ICAO_CODE,INTERNATIONAL,UNKNOWN
10707,"Boma, Congo (Kinshasa): Boma Airport",NOT_FOUND,NO,NO_ICAO_CODE,INTERNATIONAL,UNKNOWN
10708,"Bora Bora, French Polynesia: Bora Bora Motu Mute",NOT_FOUND,NO,NO_ICAO_CODE,INTERNATIONAL,UNKNOWN
10709,"Bocas del Toro, Panama: Jose Ezequiel Hall",NOT_FOUND,NO,NO_ICAO_CODE,INTERNATIONAL,UNKNOWN
10710,"Bordeaux, France: Bordeaux Merignac",NOT_FOUND,NO,INTERNATIONAL,INTERNATIONAL,UNKNOWN
10711,"Bogota, Colombia: El Dorado International",NOT_FOUND,NO,NO_ICAO_CODE,INTERNATIONAL,UNKNOWN
10712,"Bournemouth, United Kingdom: Bournemouth Airport",NOT_FOUND,NO,INTERNATIONAL,INTERNATIONAL,UNKNOWN
10713,BOI,KBOI,YES,ASOS_AVAILABLE,DIRECT_MATCH,HIGH
10714,"Burgas, Bulgaria: Burgas Airport",NOT_FOUND,NO,NO_ICAO_CODE,INTERNATIONAL,UNKNOWN
10715,"Brookings, OR: Brookings Airport",NOT_FOUND,NO,NO_ICAO_CODE,NO_MATCH,UNKNOWN
10716,"Mumbai, India: Chhatrapati Shivaji Maharaj International",NOT_FOUND,NO,INTERNATIONAL,INTERNATIONAL,UNKNOWN
10717,"Bonaire, Bonaire, Sint Eustatius, and Saba: Flamingo International",NOT_FOUND,NO,NO_ICAO_CODE,NO_STATE_CODE,UNKNOWN
10718,"Bodo, Norway: Bodo Airport",NOT_FOUND,NO,NO_ICAO_CODE,INTERNATIONAL,UNKNOWN
10719,"Boku, Papua New Guinea: Boku Airport",NOT_FOUND,NO,NO_ICAO_CODE,INTERNATIONAL,UNKNOWN
10720,"Belfort, France: Fontaine",NOT_FOUND,NO,INTERNATIONAL,INTERNATIONAL,UNKNOWN
10721,BOS,KBOS,YES,ASOS_AVAILABLE,DIRECT_MATCH,HIGH
10722,"Bartow, FL: Bartow Executive",NOT_FOUND,NO,NO_ICAO_CODE,NO_MATCH,UNKNOWN
10723,"Borroloola, Australia: Borroloola Airport",NOT_FOUND,NO,INTERNATIONAL,INTERNATIONAL,UNKNOWN
10724,"Bobo Dioulasso, Burkina Faso: Bobo Dioulasso Airport",NOT_FOUND,NO,NO_ICAO_CODE,INTERNATIONAL,UNKNOWN
10725,"Bislig, Philippines: Bislig Airport",NOT_FOUND,NO,NO_ICAO_CODE,INTERNATIONAL,UNKNOWN
10726,"Balikpapan, Indonesia: Sultan Aji Muhammad Sulaiman Sepinggan",NOT_FOUND,NO,NO_ICAO_CODE,INTERNATIONAL,UNKNOWN
10727,"Porto Seguro, Brazil: Porto Seguro Airport",NOT_FOUND,NO,INTERNATIONAL,INTERNATIONAL,UNKNOWN
10728,"Beaumont/Port Arthur, TX: Jack Brooks Regional",KBPT,YES,ASOS_AVAILABLE,DIRECT_MATCH,HIGH
10729,"Baler, Philippines: Baler Airport",NOT_FOUND,NO,NO_ICAO_CODE,INTERNATIONAL,UNKNOWN
10730,"London, United Kingdom: Biggin Hill",NOT_FOUND,NO,INTERNATIONAL,INTERNATIONAL,UNKNOWN
10731,"Brunswick, GA: Brunswick Golden Isles",NOT_FOUND,NO,NO_ICAO_CODE,NO_MATCH,UNKNOWN
10732,"Aguadilla, PR: Rafael Hernandez",NOT_FOUND,NO,NO_ICAO_CODE,NO_MATCH,UNKNOWN
10733,"Blagoveschensk, Russia: Ignatyevo",NOT_FOUND,NO,INTERNATIONAL,INTERNATIONAL,UNKNOWN
10734,"Bequia, Saint Vincent and the Grenadines: J. F. Mitchell",NOT_FOUND,NO,NO_ICAO_CODE,INTERNATIONAL,UNKNOWN
10735,"Bartlett Cove, AK: Bartlett Cove Seaplane Base",NOT_FOUND,NO,PRIVATE/SPECIAL_USE,NO_MATCH,UNKNOWN
10736,"Parana, Brazil: Regional de Pato Branco",NOT_FOUND,NO,INTERNATIONAL,INTERNATIONAL,UNKNOWN
10737,"Barreiras, Brazil: Dom Ricardo Webererger",NOT_FOUND,NO,INTERNATIONAL,INTERNATIONAL,UNKNOWN
10738,"San Carlos de Bariloche, Argentina: San Carlos de Bariloche Airport",NOT_FOUND,NO,NO_ICAO_CODE,INTERNATIONAL,UNKNOWN
10739,"Brainerd, MN: Brainerd Lakes Regional",NOT_FOUND,NO,NO_ICAO_CODE,NO_MATCH,UNKNOWN
10740,"Bremen, Germany: Bremen Airport",NOT_FOUND,NO,INTERNATIONAL,INTERNATIONAL,UNKNOWN
10741,"Whitesburg, KY: Whitesburg Municipal",NOT_FOUND,NO,NO_ICAO_CODE,NO_MATCH,UNKNOWN
10742,"Bari, Italy: Bari Airport",NOT_FOUND,NO,NO_ICAO_CODE,INTERNATIONAL,UNKNOWN
10743,"Bourke, Australia: Bourke Airport",NOT_FOUND,NO,INTERNATIONAL,INTERNATIONAL,UNKNOWN
10744,"Burlington, IA: Southeast Iowa Regional",KBTV,YES,ASOS_AVAILABLE,DIRECT_MATCH,HIGH
10745,"Barquisimeto, Venezuela: Barquisimeto International",NOT_FOUND,NO,NO_ICAO_CODE,INTERNATIONAL,UNKNOWN
10746,"Berne, Switzerland: Bern",NOT_FOUND,NO,NO_ICAO_CODE,INTERNATIONAL,UNKNOWN
10747,"Brownsville, TX: Brownsville South Padre Island International",KBRO,YES,ASOS_AVAILABLE,DIRECT_MATCH,HIGH
10748,"Brno, Czech Republic: Turany",NOT_FOUND,NO,NO_ICAO_CODE,INTERNATIONAL,UNKNOWN
10749,"Barra, United Kingdom: Barra Airport",NOT_FOUND,NO,INTERNATIONAL,INTERNATIONAL,UNKNOWN
10750,"Bristol, United Kingdom: Bristol Airport",NOT_FOUND,NO,INTERNATIONAL,INTERNATIONAL,UNKNOWN
10751,"Bathurst Island, Australia: Bathurst Island Airport",NOT_FOUND,NO,INTERNATIONAL,INTERNATIONAL,UNKNOWN
10752,"Brussels, Belgium: Brussels National",NOT_FOUND,NO,NO_ICAO_CODE,INTERNATIONAL,UNKNOWN
10753,"Bremerhaven, Germany: Bremerhaven Airport",NOT_FOUND,NO,INTERNATIONAL,INTERNATIONAL,UNKNOWN
10754,"Barrow, AK: Wiley Post/Will Rogers Memorial",PABR,YES,ASOS_AVAILABLE,DIRECT_MATCH,HIGH
10755,"Barahona, Dominican Republic: Barahona Habanero",NOT_FOUND,NO,NO_ICAO_CODE,INTERNATIONAL,UNKNOWN
10756,"Bardstown, KY: Samuels Field",NOT_FOUND,NO,NO_ICAO_CODE,NO_MATCH,UNKNOWN
10757,"Bosaso, Somalia: Bosaso Airport",NOT_FOUND,NO,NO_ICAO_CODE,INTERNATIONAL,UNKNOWN
10758,"Brasilia, Brazil: Presidente Juscelino Kubitschek International",NOT_FOUND,NO,INTERNATIONAL,INTERNATIONAL,UNKNOWN
10759,"Baoshan, China: Baoshan Airport",NOT_FOUND,NO,INTERNATIONAL,INTERNATIONAL,UNKNOWN
10760,"Bata, Equatorial Guinea: Bata Airport",NOT_FOUND,NO,NO_ICAO_CODE,INTERNATIONAL,UNKNOWN
10761,"Biskra, Algeria: Mohamed Khider",NOT_FOUND,NO,NO_ICAO_CODE,INTERNATIONAL,UNKNOWN
10762,"Mulhouse, France: EuroAirport",NOT_FOUND,NO,INTERNATIONAL,INTERNATIONAL,UNKNOWN
10763,"Austin, TX: Bergstrom AFB",KAUS,YES,ASOS_AVAILABLE,DIRECT_MATCH,HIGH
10764,"Basco, Philippines: Basco Airport",NOT_FOUND,NO,NO_ICAO_CODE,INTERNATIONAL,UNKNOWN
10765,"Bisbee, AZ: Bisbee Municipal",NOT_FOUND,NO,NO_ICAO_CODE,NO_MATCH,UNKNOWN
10766,"Basra, Iraq: Basrah International",NOT_FOUND,NO,NO_ICAO_CODE,INTERNATIONAL,UNKNOWN
10767,"Balsas, Brazil: Balsas Airport",NOT_FOUND,NO,INTERNATIONAL,INTERNATIONAL,UNKNOWN
10768,"Basankusu, Congo (Kinshasa): Basankusu Airport",NOT_FOUND,NO,NO_ICAO_CODE,INTERNATIONAL,UNKNOWN
10769,"Boswell Bay, AK: Boswell Bay Airport",NOT_FOUND,NO,NO_ICAO_CODE,NO_MATCH,UNKNOWN
10770,"Bartletts, AK: Bartletts Airport",NOT_FOUND,NO,NO_ICAO_CODE,NO_MATCH,UNKNOWN
10771,"Bertoua, Cameroon: Bertoua Airport",NOT_FOUND,NO,NO_ICAO_CODE,INTERNATIONAL,UNKNOWN
10772,"Batticaloa, Sri Lanka: Batticaloa Airport",NOT_FOUND,NO,NO_ICAO_CODE,INTERNATIONAL,UNKNOWN
10773,"Bonthe, Sierra Leone: Bonthe Airport",NOT_FOUND,NO,NO_ICAO_CODE,INTERNATIONAL,UNKNOWN
10774,"Batu Besar, Indonesia: Batu Besar Airport",NOT_FOUND,NO,NO_ICAO_CODE,INTERNATIONAL,UNKNOWN
10775,"Barter Island, AK: Barter Island Airport",NOT_FOUND,NO,NO_ICAO_CODE,NO_MATCH,UNKNOWN
10776,"Banda Aceh, Indonesia: Sultan Iskandar Muda",NOT_FOUND,NO,NO_ICAO_CODE,INTERNATIONAL,UNKNOWN
10777,"Bratsk, Russia: Bratsk Airport",NOT_FOUND,NO,INTERNATIONAL,INTERNATIONAL,UNKNOWN
10778,"Battle Creek, MI: Battle Creek Executive at Kellogg Field",NOT_FOUND,NO,NO_ICAO_CODE,NO_MATCH,UNKNOWN
10779,"Butte, MT: Bert Mooney",NOT_FOUND,NO,NO_ICAO_CODE,NO_MATCH,UNKNOWN
10780,"Butler, PA: Pittsburgh Butler Regional",KPIT,YES,ASOS_AVAILABLE,DIRECT_MATCH,HIGH
10781,"Baton Rouge, LA: Baton Rouge Metropolitan/Ryan Field",KBTR,YES,ASOS_AVAILABLE,DIRECT_MATCH,HIGH
10782,"Bratislava, Slovakia: M R Stefanik",NOT_FOUND,NO,NO_ICAO_CODE,INTERNATIONAL,UNKNOWN
10783,"Bettles, AK: Bettles Airport",NOT_FOUND,NO,NO_ICAO_CODE,NO_MATCH,UNKNOWN
10784,"Bintulu, Malaysia: Bintulu Airport",NOT_FOUND,NO,NO_ICAO_CODE,INTERNATIONAL,UNKNOWN
10785,"Burlington, VT: Patrick Leahy Burlington International",KBTV,YES,ASOS_AVAILABLE,DIRECT_MATCH,HIGH
10786,"Beatty, NV: Beatty Airport",NOT_FOUND,NO,NO_ICAO_CODE,NO_MATCH,UNKNOWN
10787,"Bursa, Turkey: Bursa Airport",NOT_FOUND,NO,NO_ICAO_CODE,INTERNATIONAL,UNKNOWN
10788,"Buka Islands, Papua New Guinea: Buka",NOT_FOUND,NO,NO_ICAO_CODE,INTERNATIONAL,UNKNOWN
10789,"Burketown, Australia: Burketown Airport",NOT_FOUND,NO,INTERNATIONAL,INTERNATIONAL,UNKNOWN
10790,"Budapest, Hungary: Budapest Liszt Ferenc International",NOT_FOUND,NO,NO_ICAO_CODE,INTERNATIONAL,UNKNOWN
10791,"Buenos Aires, Argentina: Buenos Aires Metropolitan Area",NOT_FOUND,NO,NO_ICAO_CODE,INTERNATIONAL,UNKNOWN
10792,BUF,KBUF,YES,ASOS_AVAILABLE,DIRECT_MATCH,HIGH
10793,"Benguela, Angola: 17 de Setembro",NOT_FOUND,NO,NO_ICAO_CODE,INTERNATIONAL,UNKNOWN
10794,"Bucharest, Romania: Bucharest Metropolitan Area",NOT_FOUND,NO,NO_ICAO_CODE,INTERNATIONAL,UNKNOWN
10795,"Bulolo, Papua New Guinea: Bulolo Airport",NOT_FOUND,NO,NO_ICAO_CODE,INTERNATIONAL,UNKNOWN
10796,"Butler, MO: Butler Memorial",NOT_FOUND,NO,NO_ICAO_CODE,NO_MATCH,UNKNOWN
10797,"Buenaventura, Colombia: Gerardo Tobar Lopez",NOT_FOUND,NO,NO_ICAO_CODE,INTERNATIONAL,UNKNOWN
10798,"Burao, Somalia: Burao Airport",NOT_FOUND,NO,NO_ICAO_CODE,INTERNATIONAL,UNKNOWN
10799,"Bulawayo, Zimbabwe: J. M. Nkomo International",NOT_FOUND,NO,NO_ICAO_CODE,INTERNATIONAL,UNKNOWN
10800,"Burbank, CA: Bob Hope",KBUR,YES,ASOS_AVAILABLE,DIRECT_MATCH,HIGH
10801,"Batumi, Georgia: Batumi Airport",NOT_FOUND,NO,NO_ICAO_CODE,INTERNATIONAL,UNKNOWN
10802,"Buyo, Cote d'Ivoire: Buyo Airport",NOT_FOUND,NO,NO_ICAO_CODE,NO_STATE_CODE,UNKNOWN
10803,"Bella Union, Uruguay: Bella Union Airport",NOT_FOUND,NO,NO_ICAO_CODE,INTERNATIONAL,UNKNOWN
10804,"Bunia, Congo (Kinshasa): Bunia Airport",NOT_FOUND,NO,NO_ICAO_CODE,INTERNATIONAL,UNKNOWN
10805,"Bunbury, Australia: Bunbury Airport",NOT_FOUND,NO,INTERNATIONAL,INTERNATIONAL,UNKNOWN
10806,"Bushehr, Iran: Bushehr Airport",NOT_FOUND,NO,NO_ICAO_CODE,INTERNATIONAL,UNKNOWN
10807,"Beauvais, France: Beauvais Tille",NOT_FOUND,NO,INTERNATIONAL,INTERNATIONAL,UNKNOWN
10808,"Boa Vista, Brazil: Atlas Brasil Cantanhede",NOT_FOUND,NO,INTERNATIONAL,INTERNATIONAL,UNKNOWN
10809,"Beaver Inlet, AK: Beaver Inlet Seaport",NOT_FOUND,NO,NO_ICAO_CODE,NO_MATCH,UNKNOWN
10810,"Birdsville, Australia: Birdsville Airport",NOT_FOUND,NO,INTERNATIONAL,INTERNATIONAL,UNKNOWN
10811,"Bartlesville, OK: Bartlesville Municipal",NOT_FOUND,NO,NO_ICAO_CODE,NO_MATCH,UNKNOWN
10812,"St. James, MI: Beaver Island",NOT_FOUND,NO,NO_ICAO_CODE,NO_MATCH,UNKNOWN
10814,"Batesville, AR: Batesville Regional",NOT_FOUND,NO,NO_ICAO_CODE,NO_MATCH,UNKNOWN
10815,"Beverly, MA: Beverly Regional",NOT_FOUND,NO,NO_ICAO_CODE,NO_MATCH,UNKNOWN
10816,"Bhairawa, Nepal: Gautam Buddha",NOT_FOUND,NO,NO_ICAO_CODE,INTERNATIONAL,UNKNOWN
10817,"Brownwood, TX: Brownwood Regional",NOT_FOUND,NO,NO_ICAO_CODE,NO_MATCH,UNKNOWN
10818,"Braunschweig, Germany: Braunschweig/Wolfsburg",NOT_FOUND,NO,INTERNATIONAL,INTERNATIONAL,UNKNOWN
10819,"Bowling Green, KY: Bowling Green-Warren County Regional",NOT_FOUND,NO,NO_ICAO_CODE,NO_MATCH,UNKNOWN
10820,"Butterworth, Malaysia: Butterworth Airport",NOT_FOUND,NO,NO_ICAO_CODE,INTERNATIONAL,UNKNOWN
10821,BWI,KDCA,YES,ASOS_AVAILABLE,DIRECT_MATCH,HIGH
10822,"Bawan, Papua New Guinea: Bawan Airport",NOT_FOUND,NO,NO_ICAO_CODE,INTERNATIONAL,UNKNOWN
10823,"Bowman, ND: Bowman Municipal",NOT_FOUND,NO,NO_ICAO_CODE,NO_MATCH,UNKNOWN
10824,"Bandar Seri Begawan, Brunei: Brunei International",NOT_FOUND,NO,NO_ICAO_CODE,NO_STATE_CODE,UNKNOWN
10825,"Blaine, WA: Blaine Municipal",NOT_FOUND,NO,NO_ICAO_CODE,NO_MATCH,UNKNOWN
10826,"Burnie, Australia: Wynyard",NOT_FOUND,NO,INTERNATIONAL,INTERNATIONAL,UNKNOWN
10827,"Woodbridge, United Kingdom: RAF Bentwaters",NOT_FOUND,NO,INTERNATIONAL,INTERNATIONAL,UNKNOWN
10828,"Boxborough, MA: Sheraton Inn Heliport",NOT_FOUND,NO,PRIVATE/SPECIAL_USE,NO_MATCH,UNKNOWN
10829,"Bade, Indonesia: Bade Airport",NOT_FOUND,NO,NO_ICAO_CODE,INTERNATIONAL,UNKNOWN
10830,"Bakel, Senegal: Bakel Airport",NOT_FOUND,NO,NO_ICAO_CODE,INTERNATIONAL,UNKNOWN
10832,"Borrego Springs, CA: Borrego Valley",NOT_FOUND,NO,NO_ICAO_CODE,NO_MATCH,UNKNOWN
10833,"Butuan, Philippines: Bancasi",NOT_FOUND,NO,NO_ICAO_CODE,INTERNATIONAL,UNKNOWN
10834,"Boundary, AK: Boundary Airport",NOT_FOUND,NO,NO_ICAO_CODE,NO_MATCH,UNKNOWN
10835,"Yacuiba, Bolivia: Yacuiba Airport",NOT_FOUND,NO,NO_ICAO_CODE,INTERNATIONAL,UNKNOWN
10836,"Rock Hill, SC: Rock Hill/York County/Bryant Field",NOT_FOUND,NO,NO_ICAO_CODE,NO_MATCH,UNKNOWN
10837,"Buffalo, WY: Johnson County",KBUF,YES,ASOS_AVAILABLE,DIRECT_MATCH,HIGH
10838,"Blytheville, AR: Arkansas International",NOT_FOUND,NO,NO_ICAO_CODE,NO_MATCH,UNKNOWN
10839,"Burley/Rupert, ID: Burley Municipal",NOT_FOUND,NO,NO_ICAO_CODE,NO_MATCH,UNKNOWN
10840,"Bouake, Cote d'Ivoire: Bouake Airport",NOT_FOUND,NO,NO_ICAO_CODE,NO_STATE_CODE,UNKNOWN
10841,"Boyne Falls, MI: Boyne Mountain",NOT_FOUND,NO,NO_ICAO_CODE,NO_MATCH,UNKNOWN
10842,"Bantry, Ireland: Bantry Airport",NOT_FOUND,NO,NO_ICAO_CODE,INTERNATIONAL,UNKNOWN
10843,"Bayreuth, Germany: Bayreuth Airport",NOT_FOUND,NO,INTERNATIONAL,INTERNATIONAL,UNKNOWN
10844,"Blakely Island, WA: Blakely Island Airport",NOT_FOUND,NO,NO_ICAO_CODE,NO_MATCH,UNKNOWN
10845,"Bonanza, Nicaragua: Bonanza Airport",NOT_FOUND,NO,NO_ICAO_CODE,INTERNATIONAL,UNKNOWN
10846,"Belize City, Belize: Philip S. W. Goldson International",NOT_FOUND,NO,NO_ICAO_CODE,INTERNATIONAL,UNKNOWN
10847,"Bydgoszcz, Poland: Bydgoszcz Airport",NOT_FOUND,NO,NO_ICAO_CODE,INTERNATIONAL,UNKNOWN
10848,"Balikesir, Turkey: Balikesir Airport",NOT_FOUND,NO,NO_ICAO_CODE,INTERNATIONAL,UNKNOWN
10849,"Bozeman, MT: Bozeman Yellowstone International",NOT_FOUND,NO,NO_ICAO_CODE,NO_MATCH,UNKNOWN
10850,"Bolzano, Italy: Bolzano Airport",NOT_FOUND,NO,NO_ICAO_CODE,INTERNATIONAL,UNKNOWN
10851,"Beziers, France: Beziers Vias",NOT_FOUND,NO,INTERNATIONAL,INTERNATIONAL,UNKNOWN
10852,"Washington, DC: Buzzards Point Seaplane Base",NOT_FOUND,NO,PRIVATE/SPECIAL_USE,NON_US_STATE,UNKNOWN
10853,"Brazoria, TX: Eagle Air Park",NOT_FOUND,NO,NO_ICAO_CODE,NO_MATCH,UNKNOWN
10854,"Brazzaville, Congo (Brazaville): Maya Maya",NOT_FOUND,NO,NO_ICAO_CODE,INTERNATIONAL,UNKNOWN
10856,"Brize Norton, United Kingdom: Brize Norton Airport",NOT_FOUND,NO,INTERNATIONAL,INTERNATIONAL,UNKNOWN
10857,"Camarillo, CA: Camarillo Airport",NOT_FOUND,NO,NO_ICAO_CODE,NO_MATCH,UNKNOWN
10858,"Bakersfield, CA: Bakersfield Municipal",NOT_FOUND,NO,NO_ICAO_CODE,NO_MATCH,UNKNOWN
10859,"Koala Mine, Canada: Koala Mine Airport",NOT_FOUND,NO,PRIVATE/SPECIAL_USE,INTERNATIONAL,UNKNOWN
10860,"Lake Simcoe, Canada: Lake Simcoe Airport",NOT_FOUND,NO,INTERNATIONAL,INTERNATIONAL,UNKNOWN
10861,"Thetford Mines, Canada: Thetford Mines Airport",NOT_FOUND,NO,PRIVATE/SPECIAL_USE,INTERNATIONAL,UNKNOWN
10862,"Pelee Island, Canada: Pelee Island Airport",NOT_FOUND,NO,INTERNATIONAL,INTERNATIONAL,UNKNOWN
10863,"Calgary, Canada: Calgary Springbank",NOT_FOUND,NO,INTERNATIONAL,INTERNATIONAL,UNKNOWN
10865,"Cabinda, Angola: Cabinda Airport",NOT_FOUND,NO,NO_ICAO_CODE,INTERNATIONAL,UNKNOWN
10866,"Cascavel, Brazil: Aeroporto Regional Do Oeste",NOT_FOUND,NO,INTERNATIONAL,INTERNATIONAL,UNKNOWN
10867,"Cadillac, MI: Wexford County",NOT_FOUND,NO,NO_ICAO_CODE,NO_MATCH,UNKNOWN
10868,CAE,KCAE,YES,ASOS_AVAILABLE,DIRECT_MATCH,HIGH
10869,"Carauari, Brazil: Carauari Airport",NOT_FOUND,NO,INTERNATIONAL,INTERNATIONAL,UNKNOWN
10870,"Cagliari, Italy: Elmas",NOT_FOUND,NO,NO_ICAO_CODE,INTERNATIONAL,UNKNOWN
10871,"Ca Mau, Vietnam: Ca Mau Airport",NOT_FOUND,NO,NO_ICAO_CODE,INTERNATIONAL,UNKNOWN
10872,"Cairo, Egypt: Cairo International",NOT_FOUND,NO,NO_ICAO_CODE,INTERNATIONAL,UNKNOWN
10873,"Canaima, Venezuela: Canaima Airport",NOT_FOUND,NO,NO_ICAO_CODE,INTERNATIONAL,UNKNOWN
10874,"Akron, OH: Akron-Canton Regional",NOT_FOUND,NO,NO_ICAO_CODE,NO_MATCH,UNKNOWN
10875,"Campbeltown, United Kingdom: Campbeltown Airport",NOT_FOUND,NO,INTERNATIONAL,INTERNATIONAL,UNKNOWN
10876,"Camiri, Bolivia: Choreti",NOT_FOUND,NO,NO_ICAO_CODE,INTERNATIONAL,UNKNOWN
10877,"Guangzhou, China: Baiyun",NOT_FOUND,NO,INTERNATIONAL,INTERNATIONAL,UNKNOWN
10878,"Cap-Haitien, Haiti: Cap-Haitien International",NOT_FOUND,NO,NO_ICAO_CODE,INTERNATIONAL,UNKNOWN
10879,"Caribou, ME: Caribou Municipal",NOT_FOUND,NO,NO_ICAO_CODE,NO_MATCH,UNKNOWN
10880,"Casablanca, Morocco: Anfa",NOT_FOUND,NO,NO_ICAO_CODE,INTERNATIONAL,UNKNOWN
10881,"New Bight, The Bahamas: New Bight Airport",NOT_FOUND,NO,NO_ICAO_CODE,INTERNATIONAL,UNKNOWN
10882,"Campos, Brazil: Bartolomeu Lisandro",NOT_FOUND,NO,INTERNATIONAL,INTERNATIONAL,UNKNOWN
10883,"Carlisle, United Kingdom: Carlisle Airport",NOT_FOUND,NO,INTERNATIONAL,INTERNATIONAL,UNKNOWN
10884,"Cayenne, French Guiana: Cayenne Felix Eboue",NOT_FOUND,NO,NO_ICAO_CODE,NO_STATE_CODE,UNKNOWN
10885,"Cobar, Australia: Cobar Airport",NOT_FOUND,NO,INTERNATIONAL,INTERNATIONAL,UNKNOWN
10886,"Corner Bay, AK: Corner Bay Airport",NOT_FOUND,NO,NO_ICAO_CODE,NO_MATCH,UNKNOWN
10887,"Cochabamba, Bolivia: Jorge Wilstermann International",NOT_FOUND,NO,NO_ICAO_CODE,INTERNATIONAL,UNKNOWN
10888,"Cumberland, MD: Greater Cumberland Regional",NOT_FOUND,NO,NO_ICAO_CODE,NO_MATCH,UNKNOWN
10889,"Council Bluffs, IA: Council Bluffs Municipal",NOT_FOUND,NO,NO_ICAO_CODE,NO_MATCH,UNKNOWN
10890,"Cambridge, United Kingdom: Cambridge Airport",NOT_FOUND,NO,INTERNATIONAL,INTERNATIONAL,UNKNOWN
10891,"Colomb-Bechar, Algeria: Bechar/Leger",NOT_FOUND,NO,NO_ICAO_CODE,INTERNATIONAL,UNKNOWN
10892,"Colby, KS: Murray",NOT_FOUND,NO,NO_ICAO_CODE,NO_MATCH,UNKNOWN
10893,"Ciudad Bolivar, Venezuela: Ciudad Bolivar Airport",NOT_FOUND,NO,NO_ICAO_CODE,INTERNATIONAL,UNKNOWN
10894,"Columbus, MS: Columbus AFB",KCMH,YES,ASOS_AVAILABLE,DIRECT_MATCH,HIGH
10895,"Cotabato, Philippines: Cotabato Airport",NOT_FOUND,NO,NO_ICAO_CODE,INTERNATIONAL,UNKNOWN
10896,"Calabar, Nigeria: Margaret Ekpo International",NOT_FOUND,NO,NO_ICAO_CODE,INTERNATIONAL,UNKNOWN
10897,"Canberra, Australia: Canberra Airport",NOT_FOUND,NO,INTERNATIONAL,INTERNATIONAL,UNKNOWN
10898,"Coban, Guatemala: Coban Airport",NOT_FOUND,NO,NO_ICAO_CODE,INTERNATIONAL,UNKNOWN
10899,"Canobie, Australia: Canobie Airport",NOT_FOUND,NO,INTERNATIONAL,INTERNATIONAL,UNKNOWN
10900,"Cayo Coco, Cuba: Jardines del Rey International",NOT_FOUND,NO,NO_ICAO_CODE,NO_STATE_CODE,UNKNOWN
10902,"Carcassonne, France: Carcassonne Salvaza",NOT_FOUND,NO,INTERNATIONAL,INTERNATIONAL,UNKNOWN
10903,"Chile Chico, Chile: Chile Chico Airport",NOT_FOUND,NO,NO_ICAO_CODE,INTERNATIONAL,UNKNOWN
10904,"Concordia, Brazil: Olavo Cecco Rigon",NOT_FOUND,NO,INTERNATIONAL,INTERNATIONAL,UNKNOWN
10905,"Calicut, India: Calicut International",NOT_FOUND,NO,INTERNATIONAL,INTERNATIONAL,UNKNOWN
10906,"West Island, Cocos (Keeling) Islands: Cocos Keeling Islands",NOT_FOUND,NO,NO_ICAO_CODE,NO_STATE_CODE,UNKNOWN
10907,"Crisciuma, Brazil: Criciuma",NOT_FOUND,NO,INTERNATIONAL,INTERNATIONAL,UNKNOWN
10908,"Chakhcharan, Afghanistan: Chaghcharan",NOT_FOUND,NO,NO_ICAO_CODE,INTERNATIONAL,UNKNOWN
10909,"Concepcion, Chile: Carriel Sur International",NOT_FOUND,NO,NO_ICAO_CODE,INTERNATIONAL,UNKNOWN
10910,"Concord, CA: Buchanan Field",NOT_FOUND,NO,NO_ICAO_CODE,NO_MATCH,UNKNOWN
10911,"Caracas, Venezuela: Simon Bolivar International",NOT_FOUND,NO,NO_ICAO_CODE,INTERNATIONAL,UNKNOWN
10912,"Kolkata, India: Netaji Subhash Chandra Bose International",NOT_FOUND,NO,INTERNATIONAL,INTERNATIONAL,UNKNOWN
10914,"Caceres, Brazil: Caceres Airport",NOT_FOUND,NO,INTERNATIONAL,INTERNATIONAL,UNKNOWN
10915,"Charles City, IA: Northeast Iowa Regional",NOT_FOUND,NO,NO_ICAO_CODE,NO_MATCH,UNKNOWN
10916,"Chub Cay, The Bahamas: Chub Cay Airport",NOT_FOUND,NO,NO_ICAO_CODE,INTERNATIONAL,UNKNOWN
10917,"Cold Bay, AK: Cold Bay Airport",PACD,YES,ASOS_AVAILABLE,DIRECT_MATCH,HIGH
10918,"Cedar City, UT: Cedar City Regional",NOT_FOUND,NO,NO_ICAO_CODE,NO_MATCH,UNKNOWN
10919,"Cortina d'Ampezzo, Italy: Cortina d'Ampezzo Airport",NOT_FOUND,NO,NO_ICAO_CODE,INTERNATIONAL,UNKNOWN
10920,"Paris, France: Charles de Gaulle",NOT_FOUND,NO,INTERNATIONAL,INTERNATIONAL,UNKNOWN
10921,"Camden, AR: Harrell Field",NOT_FOUND,NO,NO_ICAO_CODE,NO_MATCH,UNKNOWN
10922,"Conceicao Do Araguaia, Brazil: Conceicao Do Araguaia Airport",NOT_FOUND,NO,INTERNATIONAL,INTERNATIONAL,UNKNOWN
10923,"Candle, AK: Candle 2",NOT_FOUND,NO,NO_ICAO_CODE,NO_MATCH,UNKNOWN
10924,"Camden, SC: Woodward Field",NOT_FOUND,NO,NO_ICAO_CODE,NO_MATCH,UNKNOWN
10925,"Chadron, NE: Chadron Municipal",NOT_FOUND,NO,NO_ICAO_CODE,INTERNATIONAL,UNKNOWN
10926,"Cordova, AK: Merle K Mudhole Smith",PACV,YES,ASOS_AVAILABLE,DIRECT_MATCH,HIGH
10927,"Caldwell, NJ: Essex County",NOT_FOUND,NO,NO_ICAO_CODE,NO_MATCH,UNKNOWN
10928,"Wichita, KS: Cessna Aircraft Field",KICT,YES,ASOS_AVAILABLE,DIRECT_MATCH,HIGH
10929,"Lapu-Lapu City, Philippines: Mactan-Cebu International",NOT_FOUND,NO,NO_ICAO_CODE,INTERNATIONAL,UNKNOWN
10930,"Crescent City, CA: Jack McNamara Field",NOT_FOUND,NO,NO_ICAO_CODE,NO_MATCH,UNKNOWN
10931,"Ceduna, Australia: Ceduna Airport",NOT_FOUND,NO,INTERNATIONAL,INTERNATIONAL,UNKNOWN
10933,"Chicopee Falls, MA: Westover ARB Metropolitan",NOT_FOUND,NO,NO_ICAO_CODE,NO_MATCH,UNKNOWN
10934,"Chester, United Kingdom: Hawarden",NOT_FOUND,NO,INTERNATIONAL,INTERNATIONAL,UNKNOWN
10935,"Chiang Rai, Thailand: Chiang Rai Airport",NOT_FOUND,NO,NO_ICAO_CODE,INTERNATIONAL,UNKNOWN
10936,"Chelyabinsk, Russia: Balandino",NOT_FOUND,NO,INTERNATIONAL,INTERNATIONAL,UNKNOWN
10937,"Cape Eleuthera, The Bahamas: Cape Eleuthera Airport",NOT_FOUND,NO,NO_ICAO_CODE,INTERNATIONAL,UNKNOWN
10938,"Central, AK: Central Airport",NOT_FOUND,NO,NO_ICAO_CODE,NO_MATCH,UNKNOWN
10939,"Ciudad Obregon, Mexico: Ciudad Obregon International",NOT_FOUND,NO,INTERNATIONAL,INTERNATIONAL,UNKNOWN
10940,"Waco Kungo, Angola: Waco Kungo Airport",NOT_FOUND,NO,NO_ICAO_CODE,INTERNATIONAL,UNKNOWN
10941,"Concepcion, Bolivia: Concepcion Airport",NOT_FOUND,NO,NO_ICAO_CODE,INTERNATIONAL,UNKNOWN
10942,"Cannes, France: Cannes Mandelieu",NOT_FOUND,NO,INTERNATIONAL,INTERNATIONAL,UNKNOWN
10943,"Cherbourg, France: Cherbourg Manche",NOT_FOUND,NO,INTERNATIONAL,INTERNATIONAL,UNKNOWN
10944,"Cholet, France: Cholet Le Pontreau",NOT_FOUND,NO,INTERNATIONAL,INTERNATIONAL,UNKNOWN
10945,"Clemson, SC: Oconee County Regional",NOT_FOUND,NO,NO_ICAO_CODE,NO_MATCH,UNKNOWN
10946,"Connersville, IN: Mettel Field",NOT_FOUND,NO,NO_ICAO_CODE,NO_MATCH,UNKNOWN
10947,"Crestview, FL: Bob Sikes",NOT_FOUND,NO,NO_ICAO_CODE,NO_MATCH,UNKNOWN
10948,"Chena Hot Springs, AK: Chena Hot Springs Airport",NOT_FOUND,NO,NO_ICAO_CODE,NO_MATCH,UNKNOWN
10949,"Murray, KY: Kyle-Oakley Field",NOT_FOUND,NO,NO_ICAO_CODE,NO_MATCH,UNKNOWN
10950,"Cortez, CO: Cortez Municipal",NOT_FOUND,NO,NO_ICAO_CODE,NO_MATCH,UNKNOWN
10951,"Coffee Point, AK: Coffee Point Airport",NOT_FOUND,NO,NO_ICAO_CODE,NO_MATCH,UNKNOWN
10952,"Cabo Frio, Brazil: Cabo Frio International",NOT_FOUND,NO,INTERNATIONAL,INTERNATIONAL,UNKNOWN
10953,"Clermont-Ferrand, France: Clermont Ferrand Auvergne",NOT_FOUND,NO,INTERNATIONAL,INTERNATIONAL,UNKNOWN
10954,"Cienfuegos, Cuba: Jaime Gonzalez International",NOT_FOUND,NO,NO_ICAO_CODE,NO_STATE_CODE,UNKNOWN
10955,"Silver City, Canada: Silver City Airport",NOT_FOUND,NO,INTERNATIONAL,INTERNATIONAL,UNKNOWN
10956,"Caen, France: Caen Carpiquet",NOT_FOUND,NO,INTERNATIONAL,INTERNATIONAL,UNKNOWN
10957,"Coffs Harbour, Australia: Coffs Harbour Airport",NOT_FOUND,NO,INTERNATIONAL,INTERNATIONAL,UNKNOWN
10958,"Clifton, AZ: Greenlee County",NOT_FOUND,NO,NO_ICAO_CODE,NO_MATCH,UNKNOWN
10959,"Corfu, Greece: Ioannis Kapodistrias International",NOT_FOUND,NO,NO_ICAO_CODE,INTERNATIONAL,UNKNOWN
10960,"Coffeyville, KS: Coffeyville Municipal",NOT_FOUND,NO,NO_ICAO_CODE,NO_MATCH,UNKNOWN
10961,"Craig, AK: Craig Seaplane Base",NOT_FOUND,NO,PRIVATE/SPECIAL_USE,NO_MATCH,UNKNOWN
10962,"Cuiaba, Brazil: Marechal Rondon International",NOT_FOUND,NO,INTERNATIONAL,INTERNATIONAL,UNKNOWN
10963,"Cape Gloucester, Papua New Guinea: Cape Gloucester Airport",NOT_FOUND,NO,NO_ICAO_CODE,INTERNATIONAL,UNKNOWN
10964,"Cambridge, MD: Cambridge Dorchester Regional",NOT_FOUND,NO,NO_ICAO_CODE,NO_MATCH,UNKNOWN
10965,"Cleveland, OH: Cuyahoga County",KCLE,YES,ASOS_AVAILABLE,DIRECT_MATCH,HIGH
10966,"Sao Paulo, Brazil: Congonhas Deputado Freitas Nobre",NOT_FOUND,NO,INTERNATIONAL,INTERNATIONAL,UNKNOWN
10967,"Cape Girardeau, MO: Cape Girardeau Regional",NOT_FOUND,NO,NO_ICAO_CODE,NO_MATCH,UNKNOWN
10968,"Jakarta, Indonesia: Soekarno Hatta",NOT_FOUND,NO,NO_ICAO_CODE,INTERNATIONAL,UNKNOWN
10969,"Camiguin, Philippines: Camiguin Airport",NOT_FOUND,NO,NO_ICAO_CODE,INTERNATIONAL,UNKNOWN
10970,"Cologne, Germany: Koeln Bonn",NOT_FOUND,NO,INTERNATIONAL,INTERNATIONAL,UNKNOWN
10971,"Zhengzhou, China: Xinzheng",NOT_FOUND,NO,INTERNATIONAL,INTERNATIONAL,UNKNOWN
10972,"Chittagong, Bangladesh: Chittagong Airport",NOT_FOUND,NO,NO_ICAO_CODE,INTERNATIONAL,UNKNOWN
10973,"Changchun, China: Dafangshen",NOT_FOUND,NO,INTERNATIONAL,INTERNATIONAL,UNKNOWN
10974,"Campo Grande, Brazil: Campo Grande International",NOT_FOUND,NO,INTERNATIONAL,INTERNATIONAL,UNKNOWN
10975,"College Park, MD: College Park Airport",NOT_FOUND,NO,NO_ICAO_CODE,NO_MATCH,UNKNOWN
10976,"Ciudad Guayana, Venezuela: Ciudad Guayana Metropolitan Area",NOT_FOUND,NO,NO_ICAO_CODE,INTERNATIONAL,UNKNOWN
10977,"Chicago, IL: Meigs Field",KORD,YES,ASOS_AVAILABLE,DIRECT_MATCH,HIGH
10978,"Cagayan, Philippines: Cagayan de Oro Mil",NOT_FOUND,NO,NO_ICAO_CODE,INTERNATIONAL,UNKNOWN
10979,"Casa Grande, AZ: Casa Grande Municipal",NOT_FOUND,NO,NO_ICAO_CODE,NO_MATCH,UNKNOWN
10980,"Chattanooga, TN: Lovell Field",KCHA,YES,ASOS_AVAILABLE,DIRECT_MATCH,HIGH
10981,"Christchurch, New Zealand: Christchurch International",NOT_FOUND,NO,NO_ICAO_CODE,INTERNATIONAL,UNKNOWN
10982,"Chandler, AZ: Chandler Municipal",NOT_FOUND,NO,NO_ICAO_CODE,NO_MATCH,UNKNOWN
10983,"Caherciveen, Ireland: Caherciveen Reenroe",NOT_FOUND,NO,NO_ICAO_CODE,INTERNATIONAL,UNKNOWN
10984,"Chinhae, South Korea: Jinhae",NOT_FOUND,NO,INTERNATIONAL,INTERNATIONAL,UNKNOWN
10985,"Chaoyang, China: Chaoyang Airport",NOT_FOUND,NO,INTERNATIONAL,INTERNATIONAL,UNKNOWN
10986,"Chicago, IL: Chicago Metropolitan Area",KORD,YES,ASOS_AVAILABLE,DIRECT_MATCH,HIGH
10987,"Challis, ID: Challis Airport",NOT_FOUND,NO,NO_ICAO_CODE,NO_MATCH,UNKNOWN
10988,"Chimbote, Peru: Teniente Jaime A. de Montreuil Morales",NOT_FOUND,NO,NO_ICAO_CODE,INTERNATIONAL,UNKNOWN
10990,"Charlottesville, VA: Charlottesville Albemarle",NOT_FOUND,NO,NO_ICAO_CODE,NO_MATCH,UNKNOWN
10991,"Circle Hot Springs, AK: Circle Hot Springs Airport",NOT_FOUND,NO,NO_ICAO_CODE,NO_MATCH,UNKNOWN
10992,"Chania, Greece: Souda",NOT_FOUND,NO,NO_ICAO_CODE,INTERNATIONAL,UNKNOWN
10993,"Chateauroux, France: Chateauroux Airport",NOT_FOUND,NO,INTERNATIONAL,INTERNATIONAL,UNKNOWN
10994,"Charleston, SC: Charleston AFB/International",KCHS,YES,ASOS_AVAILABLE,DIRECT_MATCH,HIGH
10995,"Chatham Islands, New Zealand: Chatham Islands Airport",NOT_FOUND,NO,NO_ICAO_CODE,INTERNATIONAL,UNKNOWN
10996,"Chuathbaluk, AK: Chuathbaluk Airport",NOT_FOUND,NO,NO_ICAO_CODE,NO_MATCH,UNKNOWN
10997,"Jiuquan, China: Jiuquan Airport",NOT_FOUND,NO,INTERNATIONAL,INTERNATIONAL,UNKNOWN
10998,"Changuinola, Panama: Changuinola 1",NOT_FOUND,NO,NO_ICAO_CODE,INTERNATIONAL,UNKNOWN
10999,"Chiloquin, OR: Chiloquin State",NOT_FOUND,NO,NO_ICAO_CODE,NO_MATCH,UNKNOWN
11000,"Rome, Italy: Ciampino",NOT_FOUND,NO,NO_ICAO_CODE,INTERNATIONAL,UNKNOWN
11001,"Avalon, CA: Catalina",NOT_FOUND,NO,NO_ICAO_CODE,NO_MATCH,UNKNOWN
11002,"Chico, CA: Chico Regional",NOT_FOUND,NO,NO_ICAO_CODE,NO_MATCH,UNKNOWN
11003,"Cedar Rapids/Iowa City, IA: The Eastern Iowa",KCID,YES,ASOS_AVAILABLE,DIRECT_MATCH,HIGH
11004,"Craig, CO: Craig-Moffat",NOT_FOUND,NO,NO_ICAO_CODE,NO_MATCH,UNKNOWN
11005,"Changzhi, China: Changzhi Airport",NOT_FOUND,NO,INTERNATIONAL,INTERNATIONAL,UNKNOWN
11006,"Cobija, Bolivia: Cap Av Civ Anibal Arab Fadul International",NOT_FOUND,NO,NO_ICAO_CODE,INTERNATIONAL,UNKNOWN
11007,"Chalkyitsik, AK: Chalkyitsik Airport",NOT_FOUND,NO,NO_ICAO_CODE,NO_MATCH,UNKNOWN
11008,"Council, AK: Council Airport",NOT_FOUND,NO,NO_ICAO_CODE,NO_MATCH,UNKNOWN
11009,"Carroll, IA: Arthur N Neu",NOT_FOUND,NO,NO_ICAO_CODE,NO_MATCH,UNKNOWN
11010,"Chipata, Zambia: Chipata Airport",NOT_FOUND,NO,NO_ICAO_CODE,INTERNATIONAL,UNKNOWN
11011,"Cairo, IL: Cairo Regional",NOT_FOUND,NO,NO_ICAO_CODE,NO_MATCH,UNKNOWN
11013,"Sault Ste. Marie, MI: Chippewa County International",NOT_FOUND,NO,NO_ICAO_CODE,NO_MATCH,UNKNOWN
11014,"Chomley, AK: Chomley Airport",NOT_FOUND,NO,NO_ICAO_CODE,NO_MATCH,UNKNOWN
11015,"Canouan, Saint Vincent and the Grenadines: Canouan Airport",NOT_FOUND,NO,NO_ICAO_CODE,INTERNATIONAL,UNKNOWN
11016,"Chiclayo, Peru: Cap FAP Jose A Quinones Gonzales International",NOT_FOUND,NO,NO_ICAO_CODE,INTERNATIONAL,UNKNOWN
11017,"Comiso, Italy: Comiso Airport",NOT_FOUND,NO,NO_ICAO_CODE,INTERNATIONAL,UNKNOWN
11018,"Cajamarca, Peru: Gen FAP Armando Revoredo Iglesias",NOT_FOUND,NO,NO_ICAO_CODE,INTERNATIONAL,UNKNOWN
11019,"Coimbatore, India: Coimbatore International",NOT_FOUND,NO,INTERNATIONAL,INTERNATIONAL,UNKNOWN
11020,"Calama, Chile: El Loa",NOT_FOUND,NO,NO_ICAO_CODE,INTERNATIONAL,UNKNOWN
11021,"Crafton Island, AK: Crafton Island Airport",NOT_FOUND,NO,NO_ICAO_CODE,NO_MATCH,UNKNOWN
11023,"Chitral, Pakistan: Chitral Airport",NOT_FOUND,NO,NO_ICAO_CODE,INTERNATIONAL,UNKNOWN
11024,"Ciudad Juarez, Mexico: Ciudad Juarez International",NOT_FOUND,NO,INTERNATIONAL,INTERNATIONAL,UNKNOWN
11025,"Jeju, South Korea: Jeju International",NOT_FOUND,NO,INTERNATIONAL,INTERNATIONAL,UNKNOWN
11026,"Clay Center, KS: Clay Center Municipal",NOT_FOUND,NO,NO_ICAO_CODE,NO_MATCH,UNKNOWN
11027,"Clarksburg/Fairmont, WV: North Central West Virginia",NOT_FOUND,NO,NO_ICAO_CODE,NO_MATCH,UNKNOWN
11028,"Crooked Creek, AK: Crooked Creek Airport",NOT_FOUND,NO,NO_ICAO_CODE,NO_MATCH,UNKNOWN
11029,"Clear Lake, CA: Pearce Field",NOT_FOUND,NO,NO_ICAO_CODE,NO_MATCH,UNKNOWN
11030,"Chongqing, China: Jiangbei",NOT_FOUND,NO,INTERNATIONAL,INTERNATIONAL,UNKNOWN
11031,"Clarksdale, MS: Fletcher Field",NOT_FOUND,NO,NO_ICAO_CODE,NO_MATCH,UNKNOWN
11032,"Cancun, Mexico: Cancun International",NOT_FOUND,NO,INTERNATIONAL,INTERNATIONAL,UNKNOWN
11033,"Carajas, Brazil: Carajas Airport",NOT_FOUND,NO,INTERNATIONAL,INTERNATIONAL,UNKNOWN
11034,"Cordova, AK: Cordova Municipal",PACV,YES,ASOS_AVAILABLE,DIRECT_MATCH,HIGH
11035,"Clarksville, TN: Outlaw Field",NOT_FOUND,NO,NO_ICAO_CODE,NO_MATCH,UNKNOWN
11036,"Chicken, AK: Chicken Airport",NOT_FOUND,NO,NO_ICAO_CODE,NO_MATCH,UNKNOWN
11037,"Conakry, Guinea: Ahmed Sekou Toure International",NOT_FOUND,NO,NO_ICAO_CODE,INTERNATIONAL,UNKNOWN
11038,"Comilla, Bangladesh: Comilla Airport",NOT_FOUND,NO,NO_ICAO_CODE,INTERNATIONAL,UNKNOWN
11039,"Castlebar, Ireland: Castlebar Airport",NOT_FOUND,NO,NO_ICAO_CODE,INTERNATIONAL,UNKNOWN
11040,"Clear Lake City, TX: Clear Lake Metroport",NOT_FOUND,NO,NO_ICAO_CODE,NO_MATCH,UNKNOWN
11041,"Carlsbad, CA: McClellan-Palomar",NOT_FOUND,NO,NO_ICAO_CODE,NO_MATCH,UNKNOWN
11042,"Cleveland, OH: Cleveland-Hopkins International",KCLE,YES,ASOS_AVAILABLE,DIRECT_MATCH,HIGH
11043,"Clear, AK: Clear Mews",NOT_FOUND,NO,NO_ICAO_CODE,NO_MATCH,UNKNOWN
11044,"Coalinga, CA: New Coalinga Municipal",NOT_FOUND,NO,NO_ICAO_CODE,NO_MATCH,UNKNOWN
11045,"Coolah, Australia: Coolah Airport",NOT_FOUND,NO,INTERNATIONAL,INTERNATIONAL,UNKNOWN
11046,"Clintonville, WI: Clintonville Municipal",NOT_FOUND,NO,NO_ICAO_CODE,NO_MATCH,UNKNOWN
11047,"Cluj-Napoca, Romania: Avram Iancu",NOT_FOUND,NO,NO_ICAO_CODE,INTERNATIONAL,UNKNOWN
11048,"Clinton, OK: Clinton Regional",NOT_FOUND,NO,NO_ICAO_CODE,NO_MATCH,UNKNOWN
11049,"College Station/Bryan, TX: Easterwood Field",NOT_FOUND,NO,NO_ICAO_CODE,NO_MATCH,UNKNOWN
11050,"Port Angeles, WA: William R. Fairchild International",NOT_FOUND,NO,NO_ICAO_CODE,NO_MATCH,UNKNOWN
11051,"Carolina, Brazil: Carolina Airport",NOT_FOUND,NO,INTERNATIONAL,INTERNATIONAL,UNKNOWN
11052,"Cali, Colombia: Alfonso Bonilla Aragon International",NOT_FOUND,NO,NO_ICAO_CODE,INTERNATIONAL,UNKNOWN
11053,"Clarks Point, AK: Clarks Point Airport",NOT_FOUND,NO,NO_ICAO_CODE,NO_MATCH,UNKNOWN
11054,"Colima, Mexico: Colima Airport",NOT_FOUND,NO,INTERNATIONAL,INTERNATIONAL,UNKNOWN
11055,"Calipatria, CA: Cliff Hatfield Memorial",NOT_FOUND,NO,NO_ICAO_CODE,NO_MATCH,UNKNOWN
11056,"Chehalis, WA: Chehalis Centralia",NOT_FOUND,NO,NO_ICAO_CODE,NO_MATCH,UNKNOWN
11057,CLT,KCLT,YES,ASOS_AVAILABLE,DIRECT_MATCH,HIGH
11058,"Columbus, IN: Columbus Municipal",KCMH,YES,ASOS_AVAILABLE,DIRECT_MATCH,HIGH
11059,"Calvi, France: Calvi Sainte Catherine",NOT_FOUND,NO,INTERNATIONAL,INTERNATIONAL,UNKNOWN
11060,"Cunnamulla, Australia: Cunnamulla Airport",NOT_FOUND,NO,INTERNATIONAL,INTERNATIONAL,UNKNOWN
11061,"Colombo, Sri Lanka: Bandaranaike International Colombo",NOT_FOUND,NO,NO_ICAO_CODE,INTERNATIONAL,UNKNOWN
11062,"Cootamundra, Australia: Cootamundra Airport",NOT_FOUND,NO,INTERNATIONAL,INTERNATIONAL,UNKNOWN
11063,"Ciudad del Carmen, Mexico: Ciudad del Carmen International",NOT_FOUND,NO,INTERNATIONAL,INTERNATIONAL,UNKNOWN
11064,"Chambery, France: Chambery Aix Les Bains",NOT_FOUND,NO,INTERNATIONAL,INTERNATIONAL,UNKNOWN
11065,"Corumba, Brazil: Corumba International",NOT_FOUND,NO,INTERNATIONAL,INTERNATIONAL,UNKNOWN
11066,"Columbus, OH: John Glenn Columbus International",KCMH,YES,ASOS_AVAILABLE,DIRECT_MATCH,HIGH
11067,"Champaign/Urbana, IL: University of Illinois/Willard",NOT_FOUND,NO,NO_ICAO_CODE,NO_MATCH,UNKNOWN
11068,"Chi Mei, Taiwan: Chi Mei Airport",NOT_FOUND,NO,NO_ICAO_CODE,INTERNATIONAL,UNKNOWN
11069,"Carmelita, Guatemala: Carmelita Airport",NOT_FOUND,NO,NO_ICAO_CODE,INTERNATIONAL,UNKNOWN
11070,"Casablanca, Morocco: Mohammed V International",NOT_FOUND,NO,NO_ICAO_CODE,INTERNATIONAL,UNKNOWN
11071,"Colmar, France: Colmar Houssen",NOT_FOUND,NO,INTERNATIONAL,INTERNATIONAL,UNKNOWN
11072,"Cameta, Brazil: Cameta Airport",NOT_FOUND,NO,INTERNATIONAL,INTERNATIONAL,UNKNOWN
11073,"Kundiawa, Papua New Guinea: Chimbu",NOT_FOUND,NO,NO_ICAO_CODE,INTERNATIONAL,UNKNOWN
11074,"Coromandel, New Zealand: Coromandel Airport",NOT_FOUND,NO,NO_ICAO_CODE,INTERNATIONAL,UNKNOWN
11075,"Camaguey, Cuba: Ignacio Agramonte International",NOT_FOUND,NO,NO_ICAO_CODE,NO_STATE_CODE,UNKNOWN
11076,"Hancock/Houghton, MI: Houghton County Memorial",NOT_FOUND,NO,NO_ICAO_CODE,NO_MATCH,UNKNOWN
11077,"Cananea, Mexico: Cananea Airport",NOT_FOUND,NO,INTERNATIONAL,INTERNATIONAL,UNKNOWN
11078,"Coonamble, Australia: Coonamble Airport",NOT_FOUND,NO,INTERNATIONAL,INTERNATIONAL,UNKNOWN
11079,"Coconut Island, Australia: Coconut Island Airport",NOT_FOUND,NO,INTERNATIONAL,INTERNATIONAL,UNKNOWN
11080,"Constanta, Romania: Rum Kogalniceanu",NOT_FOUND,NO,NO_ICAO_CODE,INTERNATIONAL,UNKNOWN
11081,"Canon City, CO: Fremont County",NOT_FOUND,NO,NO_ICAO_CODE,NO_MATCH,UNKNOWN
11082,"Belo Horizonte, Brazil: Tancredo Neves International",NOT_FOUND,NO,INTERNATIONAL,INTERNATIONAL,UNKNOWN
11083,"Concordia, KS: Blosser Municipal",NOT_FOUND,NO,NO_ICAO_CODE,NO_MATCH,UNKNOWN
11084,"Sindal, Denmark: Sindal Airport",NOT_FOUND,NO,NO_ICAO_CODE,INTERNATIONAL,UNKNOWN
11085,"Carlsbad, NM: Cavern City Air Terminal",NOT_FOUND,NO,NO_ICAO_CODE,NO_MATCH,UNKNOWN
11086,"Chino, CA: Chino Airport",NOT_FOUND,NO,NO_ICAO_CODE,NO_MATCH,UNKNOWN
11087,"Corrientes, Argentina: Corrientes Airport",NOT_FOUND,NO,NO_ICAO_CODE,INTERNATIONAL,UNKNOWN
11088,"Chanaral, Chile: Chanaral Airport",NOT_FOUND,NO,NO_ICAO_CODE,INTERNATIONAL,UNKNOWN
11089,"Cairns, Australia: Cairns International",NOT_FOUND,NO,INTERNATIONAL,INTERNATIONAL,UNKNOWN
11090,"Waco, TX: TSTC Waco",KACT,YES,ASOS_AVAILABLE,DIRECT_MATCH,HIGH
11091,"Chiang Mai, Thailand: Chiang Mai International",NOT_FOUND,NO,NO_ICAO_CODE,INTERNATIONAL,UNKNOWN
11092,"Moab, UT: Canyonlands Regional",NOT_FOUND,NO,NO_ICAO_CODE,NO_MATCH,UNKNOWN
11093,"Marina, CA: Marina Municipal",NOT_FOUND,NO,NO_ICAO_CODE,NO_MATCH,UNKNOWN
11094,"Melgar, Colombia: Tolemaida AB",NOT_FOUND,NO,NO_ICAO_CODE,INTERNATIONAL,UNKNOWN
11095,"Columbia, CA: Columbia Airport",KCAE,YES,ASOS_AVAILABLE,DIRECT_MATCH,HIGH
11096,"Concordia, Argentina: Comodoro Pierrestegui",NOT_FOUND,NO,NO_ICAO_CODE,INTERNATIONAL,UNKNOWN
11097,"Cody, WY: Yellowstone Regional",NOT_FOUND,NO,NO_ICAO_CODE,NO_MATCH,UNKNOWN
11098,"Coeur d'Alene, ID: Coeur d'Alene - Pappy Boyington Field",NOT_FOUND,NO,NO_ICAO_CODE,NO_MATCH,UNKNOWN
11099,"Cocoa Beach, FL: Patrick Sfb",NOT_FOUND,NO,NO_ICAO_CODE,NO_MATCH,UNKNOWN
11100,"Condoto, Colombia: Mandinga",NOT_FOUND,NO,NO_ICAO_CODE,INTERNATIONAL,UNKNOWN
11101,"Cooch Behar, India: Cooch Behar Airport",NOT_FOUND,NO,INTERNATIONAL,INTERNATIONAL,UNKNOWN
11102,"Coonabarabran, Australia: Coonabarabran Airport",NOT_FOUND,NO,INTERNATIONAL,INTERNATIONAL,UNKNOWN
11103,"Kochi, India: Cochin International",NOT_FOUND,NO,INTERNATIONAL,INTERNATIONAL,UNKNOWN
11104,"Coll Island, United Kingdom: Coll",NOT_FOUND,NO,INTERNATIONAL,INTERNATIONAL,UNKNOWN
11105,"Coleman, TX: Coleman Municipal",NOT_FOUND,NO,NO_ICAO_CODE,NO_MATCH,UNKNOWN
11106,"Concord, NH: Concord Municipal",NOT_FOUND,NO,NO_ICAO_CODE,NO_MATCH,UNKNOWN
11107,"Cotonou, Benin: Card Bernardin Gadin de Cadjehoun International",NOT_FOUND,NO,NO_ICAO_CODE,NO_STATE_CODE,UNKNOWN
11108,"Cordoba, Argentina: Ambrosio L. V. Taravella",NOT_FOUND,NO,NO_ICAO_CODE,INTERNATIONAL,UNKNOWN
11109,"Colorado Springs, CO: City of Colorado Springs Municipal",NOT_FOUND,NO,NO_ICAO_CODE,NO_MATCH,UNKNOWN
11110,"Cotulla, TX: Cotulla-La Salle County",NOT_FOUND,NO,NO_ICAO_CODE,NO_MATCH,UNKNOWN
11111,"Columbia, MO: Columbia Regional",KCAE,YES,ASOS_AVAILABLE,DIRECT_MATCH,HIGH
11112,"Coolawanyah, Australia: Coolawanyah Airport",NOT_FOUND,NO,INTERNATIONAL,INTERNATIONAL,UNKNOWN
11113,"Cape Palmas, Liberia: Cape Palmas Airport",NOT_FOUND,NO,NO_ICAO_CODE,INTERNATIONAL,UNKNOWN
11114,"Capurgana, Colombia: Capurgana Airport",NOT_FOUND,NO,NO_ICAO_CODE,INTERNATIONAL,UNKNOWN
11115,"Chapelco, Argentina: Aviador C. Campos",NOT_FOUND,NO,NO_ICAO_CODE,INTERNATIONAL,UNKNOWN
11116,"Coober Pedy, Australia: Coober Pedy Airport",NOT_FOUND,NO,INTERNATIONAL,INTERNATIONAL,UNKNOWN
11117,"Campeche, Mexico: Campeche International",NOT_FOUND,NO,INTERNATIONAL,INTERNATIONAL,UNKNOWN
11118,"Copenhagen, Denmark: Kastrup",NOT_FOUND,NO,NO_ICAO_CODE,INTERNATIONAL,UNKNOWN
11119,"Cape Rodney, Papua New Guinea: Cape Rodney Airport",NOT_FOUND,NO,NO_ICAO_CODE,INTERNATIONAL,UNKNOWN
11120,"Copiapo, Chile: Chamonate",NOT_FOUND,NO,NO_ICAO_CODE,INTERNATIONAL,UNKNOWN
11121,"Campinas, Brazil: Viracopos International",NOT_FOUND,NO,INTERNATIONAL,INTERNATIONAL,UNKNOWN
11122,"Casper, WY: Casper/Natrona County International",KCPR,YES,ASOS_AVAILABLE,DIRECT_MATCH,HIGH
11123,"St. Louis, MO: Bi-State Parks",KSTL,YES,ASOS_AVAILABLE,DIRECT_MATCH,HIGH
11124,"Cape Town, South Africa: Cape Town International",NOT_FOUND,NO,NO_ICAO_CODE,INTERNATIONAL,UNKNOWN
11125,"Campina Grande, Brazil: Presidente Joao Suassuna",NOT_FOUND,NO,INTERNATIONAL,INTERNATIONAL,UNKNOWN
11126,"Culebra, PR: Benjamin Rivera Noriega",NOT_FOUND,NO,NO_ICAO_CODE,NO_MATCH,UNKNOWN
11127,"Calais, France: Calais Marck",NOT_FOUND,NO,INTERNATIONAL,INTERNATIONAL,UNKNOWN
11128,"Carbondale, CO: Glen-Aspen",NOT_FOUND,NO,NO_ICAO_CODE,NO_MATCH,UNKNOWN
11130,"Cheraw, SC: Cheraw Municipal/Lynch Bellinger Field",NOT_FOUND,NO,NO_ICAO_CODE,NO_MATCH,UNKNOWN
11131,"Craiova, Romania: Craiova Airport",NOT_FOUND,NO,NO_ICAO_CODE,INTERNATIONAL,UNKNOWN
11132,"Collarenebri, Australia: Collarenebri Airport",NOT_FOUND,NO,INTERNATIONAL,INTERNATIONAL,UNKNOWN
11133,"Cartago, Colombia: Cartago Airport",NOT_FOUND,NO,NO_ICAO_CODE,INTERNATIONAL,UNKNOWN
11134,"Comodoro Rivadavia, Argentina: Comodoro Rivadavia Airport",NOT_FOUND,NO,NO_ICAO_CODE,INTERNATIONAL,UNKNOWN
11135,"Myrtle Beach, SC: Grand Strand",KMYR,YES,ASOS_AVAILABLE,DIRECT_MATCH,HIGH
11136,"Jacksonville, FL: Jacksonville Executive at Craig",KJAX,YES,ASOS_AVAILABLE,DIRECT_MATCH,HIGH
11137,"Crooked Island, The Bahamas: Colonel Hill",NOT_FOUND,NO,NO_ICAO_CODE,INTERNATIONAL,UNKNOWN
11138,"Luzon Island, Philippines: Diosdado Macapagal International",NOT_FOUND,NO,NO_ICAO_CODE,INTERNATIONAL,UNKNOWN
11139,"Charleroi, Belgium: Brussels South",NOT_FOUND,NO,NO_ICAO_CODE,INTERNATIONAL,UNKNOWN
11140,"Corpus Christi, TX: Corpus Christi International",KCRP,YES,ASOS_AVAILABLE,DIRECT_MATCH,HIGH
11141,"Caravelas, Brazil: Caravelas Airport",NOT_FOUND,NO,INTERNATIONAL,INTERNATIONAL,UNKNOWN
11142,"Ceres, Argentina: Ceres Airport",NOT_FOUND,NO,NO_ICAO_CODE,INTERNATIONAL,UNKNOWN
11143,"Corsicana, TX: C David Campbell Field-Corsicana Municipal",NOT_FOUND,NO,NO_ICAO_CODE,NO_MATCH,UNKNOWN
11144,"Carriacou, Grenada: Lauriston",NOT_FOUND,NO,NO_ICAO_CODE,INTERNATIONAL,UNKNOWN
11145,"Crotone, Italy: Crotone Airport",NOT_FOUND,NO,NO_ICAO_CODE,INTERNATIONAL,UNKNOWN
11146,"Charleston/Dunbar, WV: West Virginia International Yeager",KCHS,YES,ASOS_AVAILABLE,DIRECT_MATCH,HIGH
11147,"Corinth, MS: Roscoe Turner",NOT_FOUND,NO,NO_ICAO_CODE,NO_MATCH,UNKNOWN
11148,"Cresswell Downs, Australia: Cresswell Downs Airport",NOT_FOUND,NO,INTERNATIONAL,INTERNATIONAL,UNKNOWN
11149,"Crested Butte, CO: Crested Butte Airpark",NOT_FOUND,NO,NO_ICAO_CODE,NO_MATCH,UNKNOWN
11150,"Columbus, GA: Columbus Airport",KCMH,YES,ASOS_AVAILABLE,DIRECT_MATCH,HIGH
11151,"Casino, Australia: Casino Airport",NOT_FOUND,NO,INTERNATIONAL,INTERNATIONAL,UNKNOWN
11152,"Clinton, OK: Clinton Sherman",NOT_FOUND,NO,NO_ICAO_CODE,NO_MATCH,UNKNOWN
11153,"Carson City, NV: Carson City Airport",NOT_FOUND,NO,NO_ICAO_CODE,NO_MATCH,UNKNOWN
11154,"Cape Spencer, AK: Cape Spencer C.G. Helipad",NOT_FOUND,NO,NO_ICAO_CODE,NO_MATCH,UNKNOWN
11155,"Casuarito, Colombia: Casuarito Airport",NOT_FOUND,NO,NO_ICAO_CODE,INTERNATIONAL,UNKNOWN
11156,"Cassilandia, Brazil: Cassilandia Airport",NOT_FOUND,NO,INTERNATIONAL,INTERNATIONAL,UNKNOWN
11157,"Castaway, Fiji: Castaway Airport",NOT_FOUND,NO,NO_ICAO_CODE,INTERNATIONAL,UNKNOWN
11158,"Cape Sabine, AK: Cape Sabine Airport",NOT_FOUND,NO,NO_ICAO_CODE,NO_MATCH,UNKNOWN
11159,"Crossville, TN: Crossville Memorial-Whitson Field",NOT_FOUND,NO,NO_ICAO_CODE,NO_MATCH,UNKNOWN
11160,"Changsha, China: Huanghua",NOT_FOUND,NO,INTERNATIONAL,INTERNATIONAL,UNKNOWN
11161,"Catania, Italy: Catania-Fontanarossa",NOT_FOUND,NO,NO_ICAO_CODE,INTERNATIONAL,UNKNOWN
11162,"Cut Bank, MT: Cut Bank International",NOT_FOUND,NO,NO_ICAO_CODE,NO_MATCH,UNKNOWN
11163,"Catamarca, Argentina: Catamarca Aeroclub",NOT_FOUND,NO,NO_ICAO_CODE,INTERNATIONAL,UNKNOWN
11164,"Cartagena, Colombia: Rafael Nunez",NOT_FOUND,NO,NO_ICAO_CODE,INTERNATIONAL,UNKNOWN
11165,"Coatesville, PA: Chester County G. O. Carlson",NOT_FOUND,NO,NO_ICAO_CODE,NO_MATCH,UNKNOWN
11166,"Charleville, Australia: Charleville Airport",NOT_FOUND,NO,INTERNATIONAL,INTERNATIONAL,UNKNOWN
11167,"Chetumal, Mexico: Chetumal International",NOT_FOUND,NO,INTERNATIONAL,INTERNATIONAL,UNKNOWN
11168,"Cooktown, Australia: Cooktown Airport",NOT_FOUND,NO,INTERNATIONAL,INTERNATIONAL,UNKNOWN
11169,"Calverton, NY: Calverton Executive Airpark",NOT_FOUND,NO,NO_ICAO_CODE,NO_MATCH,UNKNOWN
11170,"Sapporo, Japan: New Chitose",NOT_FOUND,NO,INTERNATIONAL,INTERNATIONAL,UNKNOWN
11171,"Le Castellet, France: Le Castellet Airport",NOT_FOUND,NO,INTERNATIONAL,INTERNATIONAL,UNKNOWN
11172,"Chengdu, China: Shuangliu International",NOT_FOUND,NO,INTERNATIONAL,INTERNATIONAL,UNKNOWN
11173,"Cottonwood, AZ: Cottonwood Airport",NOT_FOUND,NO,NO_ICAO_CODE,NO_MATCH,UNKNOWN
11174,"Cortland, NY: Cortland County Chase Field",NOT_FOUND,NO,NO_ICAO_CODE,NO_MATCH,UNKNOWN
11175,"Cross City, FL: Cross City Airport",NOT_FOUND,NO,NO_ICAO_CODE,NO_MATCH,UNKNOWN
11176,"Columbia, SC: Jim Hamilton L. B. Owens",KCAE,YES,ASOS_AVAILABLE,DIRECT_MATCH,HIGH
11177,"Cucuta, Colombia: Camilo Daza",NOT_FOUND,NO,NO_ICAO_CODE,INTERNATIONAL,UNKNOWN
11178,"Cuenca, Ecuador: Cuenca Airport",NOT_FOUND,NO,NO_ICAO_CODE,INTERNATIONAL,UNKNOWN
11179,"Cuneo, Italy: Levaldigi",NOT_FOUND,NO,NO_ICAO_CODE,INTERNATIONAL,UNKNOWN
11180,"Culiacan, Mexico: Culiacan International",NOT_FOUND,NO,INTERNATIONAL,INTERNATIONAL,UNKNOWN
11181,"Cumana, Venezuela: Cumana Airport",NOT_FOUND,NO,NO_ICAO_CODE,INTERNATIONAL,UNKNOWN
11183,"Carupano, Venezuela: General Jose Francisco Bermudez",NOT_FOUND,NO,NO_ICAO_CODE,INTERNATIONAL,UNKNOWN
11184,"Coen, Australia: Coen Airport",NOT_FOUND,NO,INTERNATIONAL,INTERNATIONAL,UNKNOWN
11185,"Willemstad, Curacao: Hato Curacao International",NOT_FOUND,NO,NO_ICAO_CODE,NO_STATE_CODE,UNKNOWN
11186,"Cutral-Co, Argentina: Cutral-Co Airport",NOT_FOUND,NO,NO_ICAO_CODE,INTERNATIONAL,UNKNOWN
11187,"Chihuahua, Mexico: Chihuahua International",NOT_FOUND,NO,INTERNATIONAL,INTERNATIONAL,UNKNOWN
11188,"Cube Cove, AK: Cube Cove Airport",NOT_FOUND,NO,NO_ICAO_CODE,NO_MATCH,UNKNOWN
11189,"Cue, Australia: Cue Airport",NOT_FOUND,NO,INTERNATIONAL,INTERNATIONAL,UNKNOWN
11190,"Cusco, Peru: Teniente Alejandro Velasco Astete International",NOT_FOUND,NO,NO_ICAO_CODE,INTERNATIONAL,UNKNOWN
11191,"Pittsburgh, PA: Civic Arena H/P",KPIT,YES,ASOS_AVAILABLE,DIRECT_MATCH,HIGH
11192,"Courchevel, France: Courchevel Airport",NOT_FOUND,NO,INTERNATIONAL,INTERNATIONAL,UNKNOWN
11193,CVG,KCVG,YES,ASOS_AVAILABLE,DIRECT_MATCH,HIGH
11194,"Cuernavaca, Mexico: Cuernavaca International",NOT_FOUND,NO,INTERNATIONAL,INTERNATIONAL,UNKNOWN
11195,"Cape Vogel, Papua New Guinea: Cape Vogel Airport",NOT_FOUND,NO,NO_ICAO_CODE,INTERNATIONAL,UNKNOWN
11196,"Ciudad Victoria, Mexico: Ciudad Victoria International",NOT_FOUND,NO,INTERNATIONAL,INTERNATIONAL,UNKNOWN
11197,"Clovis, NM: Clovis Regional",NOT_FOUND,NO,NO_ICAO_CODE,NO_MATCH,UNKNOWN
11198,"Corvallis, OR: Corvallis Municipal",NOT_FOUND,NO,NO_ICAO_CODE,NO_MATCH,UNKNOWN
11199,"Carnarvon, Australia: Carnarvon Airport",NOT_FOUND,NO,INTERNATIONAL,INTERNATIONAL,UNKNOWN
11200,"Clovis, NM: Cannon AFB",NOT_FOUND,NO,NO_ICAO_CODE,NO_MATCH,UNKNOWN
11201,"Coventry, United Kingdom: Coventry Airport",NOT_FOUND,NO,INTERNATIONAL,INTERNATIONAL,UNKNOWN
11202,"Charlevoix, MI: Charlevoix Municipal",NOT_FOUND,NO,NO_ICAO_CODE,NO_MATCH,UNKNOWN
11203,"Mosinee, WI: Central Wisconsin",NOT_FOUND,NO,NO_ICAO_CODE,NO_MATCH,UNKNOWN
11204,"Curitiba, Brazil: Afonso Pena International",NOT_FOUND,NO,INTERNATIONAL,INTERNATIONAL,UNKNOWN
11207,"Clinton, IA: Clinton Municipal",NOT_FOUND,NO,NO_ICAO_CODE,NO_MATCH,UNKNOWN
11208,"Cardiff, United Kingdom: Cardiff Airport",NOT_FOUND,NO,INTERNATIONAL,INTERNATIONAL,UNKNOWN
11209,"Center Island, WA: Center Island Airport",NOT_FOUND,NO,NO_ICAO_CODE,NO_MATCH,UNKNOWN
11210,"Cowra, Australia: Cowra Airport",NOT_FOUND,NO,INTERNATIONAL,INTERNATIONAL,UNKNOWN
11211,"Caicara, Venezuela: Caicara Venez.",NOT_FOUND,NO,NO_ICAO_CODE,INTERNATIONAL,UNKNOWN
11212,"Cox's Bazar, Bangladesh: Cox's Bazar Airport",NOT_FOUND,NO,NO_ICAO_CODE,INTERNATIONAL,UNKNOWN
11213,"Chitina, AK: Chitina Airport",NOT_FOUND,NO,NO_ICAO_CODE,NO_MATCH,UNKNOWN
11214,"Coldfoot, AK: Coldfoot Airport",NOT_FOUND,NO,NO_ICAO_CODE,NO_MATCH,UNKNOWN
11215,"Vancouver, Canada: Coal Harbour Seaplane Base",NOT_FOUND,NO,PRIVATE/SPECIAL_USE,INTERNATIONAL,UNKNOWN
11216,"Christmas Island, Kiribati: Christmas Island Airport",NOT_FOUND,NO,NO_ICAO_CODE,NO_STATE_CODE,UNKNOWN
11217,"Caxias Do Sul, Brazil: Hugo Cantergiani",NOT_FOUND,NO,INTERNATIONAL,INTERNATIONAL,UNKNOWN
11218,"Calexico, CA: Calexico International",NOT_FOUND,NO,NO_ICAO_CODE,NO_MATCH,UNKNOWN
11219,"Conroe, TX: Conroe North Houston Regional",KIAH,YES,ASOS_AVAILABLE,DIRECT_MATCH,HIGH
11220,"Cilacap, Indonesia: Tunggul Wulung",NOT_FOUND,NO,NO_ICAO_CODE,INTERNATIONAL,UNKNOWN
11222,"Charters Towers, Australia: Charters Towers Airport",NOT_FOUND,NO,INTERNATIONAL,INTERNATIONAL,UNKNOWN
11223,"Cat Cay, The Bahamas: Cat Cay Airport",NOT_FOUND,NO,NO_ICAO_CODE,INTERNATIONAL,UNKNOWN
11224,"Les Cayes, Haiti: Cayes",NOT_FOUND,NO,NO_ICAO_CODE,INTERNATIONAL,UNKNOWN
11225,"Cayman Brac, Cayman Islands: Charles Kirkconnell International",NOT_FOUND,NO,NO_ICAO_CODE,NO_STATE_CODE,UNKNOWN
11226,"Caye Chapel, Belize: Caye Chapel Airport",NOT_FOUND,NO,NO_ICAO_CODE,INTERNATIONAL,UNKNOWN
11227,"Chefornak, AK: Chefornak Airport",NOT_FOUND,NO,NO_ICAO_CODE,NO_MATCH,UNKNOWN
11229,"Chiayi, Taiwan: Chiayi Airport",NOT_FOUND,NO,NO_ICAO_CODE,INTERNATIONAL,UNKNOWN
11230,"Chatham, AK: Chatham Airport",NOT_FOUND,NO,NO_ICAO_CODE,NO_MATCH,UNKNOWN
11231,"Calbayog, Philippines: Calbayog Airport",NOT_FOUND,NO,NO_ICAO_CODE,INTERNATIONAL,UNKNOWN
11232,"Colonia, Uruguay: Laguna de Los Patos International",NOT_FOUND,NO,NO_ICAO_CODE,INTERNATIONAL,UNKNOWN
11233,"Cheyenne, WY: Cheyenne Regional/Jerry Olson Field",KCYS,YES,ASOS_AVAILABLE,DIRECT_MATCH,HIGH
11234,"Cape Yakataga, AK: Yakataga",NOT_FOUND,NO,NO_ICAO_CODE,NO_MATCH,UNKNOWN
11235,"Cauayan, Philippines: Cauayan Airport",NOT_FOUND,NO,NO_ICAO_CODE,INTERNATIONAL,UNKNOWN
11236,"Chichen Itza, Mexico: Chichen Itza International",NOT_FOUND,NO,INTERNATIONAL,INTERNATIONAL,UNKNOWN
11237,"Cruz Alta, Brazil: Cruz Alta Airport",NOT_FOUND,NO,INTERNATIONAL,INTERNATIONAL,UNKNOWN
11238,"Copper Center, AK: Copper Center 2",NOT_FOUND,NO,NO_ICAO_CODE,NO_MATCH,UNKNOWN
11240,"Coro, Venezuela: Jose Leonardo Chirino",NOT_FOUND,NO,NO_ICAO_CODE,INTERNATIONAL,UNKNOWN
11241,"Cape Romanzof, AK: Cape Romanzof LRRS",NOT_FOUND,NO,NO_ICAO_CODE,INTERNATIONAL,UNKNOWN
11242,"Corozal, Belize: Ranchito",NOT_FOUND,NO,NO_ICAO_CODE,INTERNATIONAL,UNKNOWN
11243,"Constantine, Algeria: Constantine/Ain El Bey",NOT_FOUND,NO,NO_ICAO_CODE,INTERNATIONAL,UNKNOWN
11244,"Cozumel, Mexico: Cozumel International",NOT_FOUND,NO,INTERNATIONAL,INTERNATIONAL,UNKNOWN
11245,"Chisana, AK: Chisana Airport",NOT_FOUND,NO,NO_ICAO_CODE,NO_MATCH,UNKNOWN
11246,"Chistochina, AK: Chistochina Airport",NOT_FOUND,NO,INTERNATIONAL,INTERNATIONAL,UNKNOWN
11247,"Cape Pole, AK: Cape Pole Airport",NOT_FOUND,NO,NO_ICAO_CODE,NO_MATCH,UNKNOWN
11248,"Cruzeiro Do Sul, Brazil: Cruzeiro Do Sul Airport",NOT_FOUND,NO,INTERNATIONAL,INTERNATIONAL,UNKNOWN
11249,"Corozal, Colombia: Las Brujas",NOT_FOUND,NO,NO_ICAO_CODE,INTERNATIONAL,UNKNOWN
11250,"Czestochowa, Poland: Czestochowy",NOT_FOUND,NO,NO_ICAO_CODE,INTERNATIONAL,UNKNOWN
11251,"Changzhou, China: Changzhou Benniu International",NOT_FOUND,NO,INTERNATIONAL,INTERNATIONAL,UNKNOWN
11252,"Daytona Beach, FL: Daytona Beach International",KDAB,YES,ASOS_AVAILABLE,DIRECT_MATCH,HIGH
11253,"Dhaka, Bangladesh: Hazrat Shahjalal International",NOT_FOUND,NO,NO_ICAO_CODE,INTERNATIONAL,UNKNOWN
11254,"Danang, Vietnam: Da Nang International",NOT_FOUND,NO,NO_ICAO_CODE,INTERNATIONAL,UNKNOWN
11255,"Daet, Philippines: Daet Airport",NOT_FOUND,NO,NO_ICAO_CODE,INTERNATIONAL,UNKNOWN
11256,"Daup, Papua New Guinea: Daup Airport",NOT_FOUND,NO,NO_ICAO_CODE,INTERNATIONAL,UNKNOWN
11257,"Daggett, CA: Barstow/Daggett",NOT_FOUND,NO,NO_ICAO_CODE,NO_MATCH,UNKNOWN
11258,"Dakhla Oasis, Egypt: Dakhla",NOT_FOUND,NO,NO_ICAO_CODE,INTERNATIONAL,UNKNOWN
11259,DAL,KDFW,YES,ASOS_AVAILABLE,DIRECT_MATCH,HIGH
11260,"Damascus, Syria: Damascus International",NOT_FOUND,NO,NO_ICAO_CODE,INTERNATIONAL,UNKNOWN
11261,"Danville, VA: Danville Regional",NOT_FOUND,NO,NO_ICAO_CODE,NO_MATCH,UNKNOWN
11262,"Dar Es Salaam, Tanzania: Julius Nyerere International",NOT_FOUND,NO,NO_ICAO_CODE,INTERNATIONAL,UNKNOWN
11263,"Datong, China: Datong Airport",NOT_FOUND,NO,INTERNATIONAL,INTERNATIONAL,UNKNOWN
11264,"Daru, Papua New Guinea: Daru Airport",NOT_FOUND,NO,NO_ICAO_CODE,INTERNATIONAL,UNKNOWN
11265,"David, Panama: Enrique Malek International",NOT_FOUND,NO,NO_ICAO_CODE,INTERNATIONAL,UNKNOWN
11266,"Daxian, China: Daxian Airport",NOT_FOUND,NO,INTERNATIONAL,INTERNATIONAL,UNKNOWN
11267,"Dayton, OH: James M Cox/Dayton International",KDAY,YES,ASOS_AVAILABLE,DIRECT_MATCH,HIGH
11269,"Dabaa City, Egypt: Al Alamain International",NOT_FOUND,NO,NO_ICAO_CODE,INTERNATIONAL,UNKNOWN
11271,"Debra Marcos, Ethiopia: Debre Marcos",NOT_FOUND,NO,NO_ICAO_CODE,INTERNATIONAL,UNKNOWN
11272,"Dublin, GA: W H Bud Barron",NOT_FOUND,NO,NO_ICAO_CODE,NO_MATCH,UNKNOWN
11273,"Dubbo, Australia: Dubbo Airport",NOT_FOUND,NO,INTERNATIONAL,INTERNATIONAL,UNKNOWN
11274,"Dubuque, IA: Dubuque Regional",NOT_FOUND,NO,NO_ICAO_CODE,NO_MATCH,UNKNOWN
11275,"Debra Tabor, Ethiopia: Debre Tabor",NOT_FOUND,NO,NO_ICAO_CODE,INTERNATIONAL,UNKNOWN
11276,"Dubrovnik, Croatia: Dubrovnik Airport",NOT_FOUND,NO,NO_ICAO_CODE,INTERNATIONAL,UNKNOWN
11277,"Dalby, Australia: Dalby Airport",NOT_FOUND,NO,INTERNATIONAL,INTERNATIONAL,UNKNOWN
11278,DCA,NOT_FOUND,NO,NO_ICAO_CODE,NON_US_STATE,UNKNOWN
11279,"Roseau, Dominica: Canefield",NOT_FOUND,NO,NO_ICAO_CODE,INTERNATIONAL,UNKNOWN
11280,"Dahl Creek, AK: Dahl Creek Airport",NOT_FOUND,NO,NO_ICAO_CODE,NO_MATCH,UNKNOWN
11281,"Finningley, United Kingdom: RAF Finningley",NOT_FOUND,NO,INTERNATIONAL,INTERNATIONAL,UNKNOWN
11282,"Decatur, AL: Pryor Field Regional",NOT_FOUND,NO,NO_ICAO_CODE,NO_MATCH,UNKNOWN
11283,"Dodge City, KS: Dodge City Regional",NOT_FOUND,NO,NO_ICAO_CODE,NO_MATCH,UNKNOWN
11284,"Dorado, PR: Dorado Airport",NOT_FOUND,NO,NO_ICAO_CODE,NO_MATCH,UNKNOWN
11285,"Zweibrucken, Germany: Zweibruecken",NOT_FOUND,NO,INTERNATIONAL,INTERNATIONAL,UNKNOWN
11286,"Dera Ghazi Khan, Pakistan: Farooq Ahmad Khan Leghari International",NOT_FOUND,NO,NO_ICAO_CODE,INTERNATIONAL,UNKNOWN
11287,"Debrecen, Hungary: Debrecen Airport",NOT_FOUND,NO,NO_ICAO_CODE,INTERNATIONAL,UNKNOWN
11288,"Decatur, IL: Decatur Airport",NOT_FOUND,NO,NO_ICAO_CODE,NO_MATCH,UNKNOWN
11289,"Decorah, IA: Decorah Municipal",NOT_FOUND,NO,NO_ICAO_CODE,NO_MATCH,UNKNOWN
11290,"Delhi, India: Indira Gandhi International",NOT_FOUND,NO,INTERNATIONAL,INTERNATIONAL,UNKNOWN
11291,"Dembi Dollo, Ethiopia: Dembi Dollo Airport",NOT_FOUND,NO,NO_ICAO_CODE,INTERNATIONAL,UNKNOWN
11292,DEN,KDEN,YES,ASOS_AVAILABLE,DIRECT_MATCH,HIGH
11294,"Desroches, Seychelles: Desroches Airport",NOT_FOUND,NO,NO_ICAO_CODE,INTERNATIONAL,UNKNOWN
11295,"Detroit, MI: Coleman A. Young Municipal",KDTW,YES,ASOS_AVAILABLE,DIRECT_MATCH,HIGH
11296,"Deir Ezzor, Syria: Al Jafrah/Deir Ezzor",NOT_FOUND,NO,NO_ICAO_CODE,INTERNATIONAL,UNKNOWN
11297,"Defiance, OH: Defiance Memorial",NOT_FOUND,NO,NO_ICAO_CODE,NO_MATCH,UNKNOWN
11298,DFW,KDFW,YES,ASOS_AVAILABLE,DIRECT_MATCH,HIGH
11299,"Danger Bay, AK: Danger Bay Airport",NOT_FOUND,NO,NO_ICAO_CODE,NO_MATCH,UNKNOWN
11301,"Durango, Mexico: Durango International",NOT_FOUND,NO,INTERNATIONAL,INTERNATIONAL,UNKNOWN
11302,"Dumaguete, Philippines: Dumaguete Airport",NOT_FOUND,NO,NO_ICAO_CODE,INTERNATIONAL,UNKNOWN
11303,"Douglas, WY: Converse County",NOT_FOUND,NO,NO_ICAO_CODE,NO_MATCH,UNKNOWN
11304,"Dhahran, Saudi Arabia: King Abdulaziz AB",NOT_FOUND,NO,NO_ICAO_CODE,INTERNATIONAL,UNKNOWN
11306,"Dhangadhi, Nepal: Dhangadhi Airport",NOT_FOUND,NO,NO_ICAO_CODE,INTERNATIONAL,UNKNOWN
11307,"Dhala, Yemen: Dhala Airport",NOT_FOUND,NO,NO_ICAO_CODE,INTERNATIONAL,UNKNOWN
11308,"Dothan, AL: Dothan Regional",NOT_FOUND,NO,NO_ICAO_CODE,NO_MATCH,UNKNOWN
11309,"Dalhart, TX: Dalhart Municipal",NOT_FOUND,NO,NO_ICAO_CODE,NO_MATCH,UNKNOWN
11311,"Dibrugarh, India: Dibrugarh Airport",NOT_FOUND,NO,INTERNATIONAL,INTERNATIONAL,UNKNOWN
11312,"Antsiranana, Madagascar: Arrachart",NOT_FOUND,NO,NO_ICAO_CODE,INTERNATIONAL,UNKNOWN
11313,"Shangri-La, China: Zhongdian",NOT_FOUND,NO,INTERNATIONAL,INTERNATIONAL,UNKNOWN
11314,"Dijon, France: Dijon Longvic",NOT_FOUND,NO,INTERNATIONAL,INTERNATIONAL,UNKNOWN
11315,"Dickinson, ND: Dickinson - Theodore Roosevelt Regional",NOT_FOUND,NO,NO_ICAO_CODE,NO_MATCH,UNKNOWN
11316,"Dili, Timor-Leste: Presidente Nicolau Lobato International",NOT_FOUND,NO,NO_ICAO_CODE,NO_STATE_CODE,UNKNOWN
11317,"Diomede Island, AK: Diomede Heliport",NOT_FOUND,NO,PRIVATE/SPECIAL_USE,NO_MATCH,UNKNOWN
11318,"Dire Dawa, Ethiopia: Aba Tenna Dejazmatch Yilma",NOT_FOUND,NO,NO_ICAO_CODE,INTERNATIONAL,UNKNOWN
11319,"Dolisie, Congo (Brazaville): Dolisie Airport",NOT_FOUND,NO,NO_ICAO_CODE,INTERNATIONAL,UNKNOWN
11320,"Diu, India: Diu Airport",NOT_FOUND,NO,INTERNATIONAL,INTERNATIONAL,UNKNOWN
11321,"Divo, Cote d'Ivoire: Divo Airport",NOT_FOUND,NO,NO_ICAO_CODE,NO_STATE_CODE,UNKNOWN
11322,"Diyarbakir, Turkey: Diyarbakir Airport",NOT_FOUND,NO,NO_ICAO_CODE,INTERNATIONAL,UNKNOWN
11323,"Jambi, Indonesia: Paalmerah",NOT_FOUND,NO,NO_ICAO_CODE,INTERNATIONAL,UNKNOWN
11324,"Djerba, Tunisia: Djerba Airport",NOT_FOUND,NO,NO_ICAO_CODE,INTERNATIONAL,UNKNOWN
11325,"Djanet, Algeria: Tiska",NOT_FOUND,NO,NO_ICAO_CODE,INTERNATIONAL,UNKNOWN
11326,"Jayapura, Indonesia: Sentani",NOT_FOUND,NO,NO_ICAO_CODE,INTERNATIONAL,UNKNOWN
11327,"Delta Junction, AK: Delta Junction Airport",NOT_FOUND,NO,NO_ICAO_CODE,NO_MATCH,UNKNOWN
11328,"Daloa, Cote d'Ivoire: Daloa Airport",NOT_FOUND,NO,NO_ICAO_CODE,NO_STATE_CODE,UNKNOWN
11329,"Kolding Vamdrup, Denmark: Kolding Vamdrup Airport",NOT_FOUND,NO,NO_ICAO_CODE,INTERNATIONAL,UNKNOWN
11330,"Dunk Island, Australia: Kyboola",NOT_FOUND,NO,INTERNATIONAL,INTERNATIONAL,UNKNOWN
11331,"Dunkirk, NY: Chautauqua County/Dunkirk",NOT_FOUND,NO,NO_ICAO_CODE,NO_MATCH,UNKNOWN
11332,"Dakar, Senegal: Leopold Sedar Senghor International",NOT_FOUND,NO,NO_ICAO_CODE,INTERNATIONAL,UNKNOWN
11333,"Douala, Cameroon: Douala Airport",NOT_FOUND,NO,NO_ICAO_CODE,INTERNATIONAL,UNKNOWN
11334,"Dalian, China: Zhoushuizi",NOT_FOUND,NO,INTERNATIONAL,INTERNATIONAL,UNKNOWN
11335,"Del Rio, TX: Laughlin AFB",NOT_FOUND,NO,NO_ICAO_CODE,NO_MATCH,UNKNOWN
11336,"Dillingham, AK: Dillingham Airport",PADL,YES,ASOS_AVAILABLE,DIRECT_MATCH,HIGH
11337,"Duluth, MN: Duluth International",NOT_FOUND,NO,NO_ICAO_CODE,NO_MATCH,UNKNOWN
11338,"Dalat, Vietnam: Lienkhang",NOT_FOUND,NO,NO_ICAO_CODE,INTERNATIONAL,UNKNOWN
11339,"Dillon, SC: Dillon County",NOT_FOUND,NO,NO_ICAO_CODE,NO_MATCH,UNKNOWN
11340,"Dalaman, Turkey: Dalaman Airport",NOT_FOUND,NO,NO_ICAO_CODE,INTERNATIONAL,UNKNOWN
11341,"Dolomi, AK: Dolomi Airport",NOT_FOUND,NO,NO_ICAO_CODE,NO_MATCH,UNKNOWN
11342,"The Dalles, OR: Columbia Gorge Regional/The Dalles Municipal",KCAE,YES,ASOS_AVAILABLE,DIRECT_MATCH,HIGH
11343,"Dali City, China: Xiaguan",NOT_FOUND,NO,INTERNATIONAL,INTERNATIONAL,UNKNOWN
11344,"Tucson, AZ: Davis Monthan AFB",KTUS,YES,ASOS_AVAILABLE,DIRECT_MATCH,HIGH
11345,"Moscow, Russia: Domodedovo",NOT_FOUND,NO,INTERNATIONAL,INTERNATIONAL,UNKNOWN
11348,"Deming, NM: Deming Municipal",NOT_FOUND,NO,NO_ICAO_CODE,NO_MATCH,UNKNOWN
11349,"Sedalia, MO: Sedalia Regional",NOT_FOUND,NO,NO_ICAO_CODE,NO_MATCH,UNKNOWN
11350,"Dimapur, India: Manipur Road",NOT_FOUND,NO,INTERNATIONAL,INTERNATIONAL,UNKNOWN
11351,"Okinawa, Japan: Kadena AB",NOT_FOUND,NO,INTERNATIONAL,INTERNATIONAL,UNKNOWN
11352,"Dunbar, Australia: Dunbar Airport",NOT_FOUND,NO,INTERNATIONAL,INTERNATIONAL,UNKNOWN
11353,"Duncan Canal, AK: Duncan Canal Airport",NOT_FOUND,NO,NO_ICAO_CODE,NO_MATCH,UNKNOWN
11354,"Dundee, United Kingdom: Dundee Airport",NOT_FOUND,NO,INTERNATIONAL,INTERNATIONAL,UNKNOWN
11355,"Dallas/Fort Worth, TX: Dallas North",KDFW,YES,ASOS_AVAILABLE,DIRECT_MATCH,HIGH
11357,"Dnipropetrovsk, Ukraine: Dnipro International",NOT_FOUND,NO,NO_ICAO_CODE,INTERNATIONAL,UNKNOWN
11358,"Augusta, GA: Daniel Field",KAGS,YES,ASOS_AVAILABLE,DIRECT_MATCH,HIGH
11359,"Dalton, GA: Dalton Municipal",NOT_FOUND,NO,NO_ICAO_CODE,NO_MATCH,UNKNOWN
11360,"Dianopolis, Brazil: Dianopolis Airport",NOT_FOUND,NO,INTERNATIONAL,INTERNATIONAL,UNKNOWN
11361,"Deniliquin, Australia: Deniliquin Airport",NOT_FOUND,NO,INTERNATIONAL,INTERNATIONAL,UNKNOWN
11362,"Dinard, France: Dinard Pleurtuit Saint Malo",NOT_FOUND,NO,INTERNATIONAL,INTERNATIONAL,UNKNOWN
11363,"Danville, IL: Vermilion Regional",NOT_FOUND,NO,NO_ICAO_CODE,NO_MATCH,UNKNOWN
11365,"Denizli, Turkey: Cardak",NOT_FOUND,NO,NO_ICAO_CODE,INTERNATIONAL,UNKNOWN
11366,"Dodoma, Tanzania: Dodoma Airport",NOT_FOUND,NO,NO_ICAO_CODE,INTERNATIONAL,UNKNOWN
11367,"Dora Bay, AK: Dora Bay Airport",NOT_FOUND,NO,NO_ICAO_CODE,NO_MATCH,UNKNOWN
11368,"Dongola, Sudan: Dongola Airport",NOT_FOUND,NO,NO_ICAO_CODE,INTERNATIONAL,UNKNOWN
11369,"Doha, Qatar:  Hamad International",NOT_FOUND,NO,NO_ICAO_CODE,INTERNATIONAL,UNKNOWN
11370,"Donetsk, Ukraine: Donetsk International",NOT_FOUND,NO,NO_ICAO_CODE,INTERNATIONAL,UNKNOWN
11371,"Deauville, France: Deauville Normandie",NOT_FOUND,NO,INTERNATIONAL,INTERNATIONAL,UNKNOWN
11372,"Marigot, Dominica: Douglas Charles",NOT_FOUND,NO,NO_ICAO_CODE,INTERNATIONAL,UNKNOWN
11373,"Dos Lagunas, Guatemala: Dos Lagunas Airport",NOT_FOUND,NO,NO_ICAO_CODE,INTERNATIONAL,UNKNOWN
11374,"Dourados, Brazil: Dourados Airport",NOT_FOUND,NO,INTERNATIONAL,INTERNATIONAL,UNKNOWN
11375,"Dover, DE: Dover AFB",KDOV,YES,ASOS_AVAILABLE,DIRECT_MATCH,HIGH
11376,"Chicago, IL: Du Page County",KORD,YES,ASOS_AVAILABLE,DIRECT_MATCH,HIGH
11377,"Dugway, UT: Michael AAF",NOT_FOUND,NO,NO_ICAO_CODE,NO_MATCH,UNKNOWN
11378,"Dipolog, Philippines: Dipolog Airport",NOT_FOUND,NO,NO_ICAO_CODE,INTERNATIONAL,UNKNOWN
11379,"Devonport, Australia: Devonport Airport",NOT_FOUND,NO,INTERNATIONAL,INTERNATIONAL,UNKNOWN
11380,"Denpasar, Indonesia: I Gusti Ngurah Rai",NOT_FOUND,NO,NO_ICAO_CODE,INTERNATIONAL,UNKNOWN
11381,"Deadhorse, AK: Badami",PASC,YES,ASOS_AVAILABLE,DIRECT_MATCH,HIGH
11382,"Montijo, Portugal: Montijo Airport",NOT_FOUND,NO,NO_ICAO_CODE,INTERNATIONAL,UNKNOWN
11383,"Sebastian, FL: Sebastian Municipal",NOT_FOUND,NO,NO_ICAO_CODE,NO_MATCH,UNKNOWN
11384,"Soda Springs, ID: Allen H Tigert",NOT_FOUND,NO,NO_ICAO_CODE,NO_MATCH,UNKNOWN
11385,"Holtville, CA: Holtville Airport",NOT_FOUND,NO,NO_ICAO_CODE,NO_MATCH,UNKNOWN
11387,"Springfield, TN: Springfield Robertson County",NOT_FOUND,NO,NO_ICAO_CODE,NO_MATCH,UNKNOWN
11388,"Alpine, AK: Alpine Airstrip",NOT_FOUND,NO,PRIVATE/SPECIAL_USE,NO_MATCH,UNKNOWN
11389,"Colusa, CA: Colusa County",NOT_FOUND,NO,NO_ICAO_CODE,NO_MATCH,UNKNOWN
11390,"Killdeer, ND: Dunn County Weydahl Field",NOT_FOUND,NO,NO_ICAO_CODE,NO_MATCH,UNKNOWN
11391,"Fort Drum, NY: Wheeler-Sack AAF",NOT_FOUND,NO,NO_ICAO_CODE,NO_MATCH,UNKNOWN
11392,"Anchorage, AK: Lake Hood",PANC,YES,ASOS_AVAILABLE,DIRECT_MATCH,HIGH
11394,"New Smyrna Beach, FL: New Smyrna Beach Municipal Jack Bolt Field",NOT_FOUND,NO,NO_ICAO_CODE,NO_MATCH,UNKNOWN
11395,"Delhi, LA: Delhi Municipal",NOT_FOUND,NO,NO_ICAO_CODE,NO_MATCH,UNKNOWN
11396,"Georgetown, KY: Marshall Field",NOT_FOUND,NO,NO_ICAO_CODE,NO_MATCH,UNKNOWN
11397,"Cozad, NE: Cozad Municipal",NOT_FOUND,NO,NO_ICAO_CODE,NO_MATCH,UNKNOWN
11398,"Peach Springs, AZ: Grand Canyon West",NOT_FOUND,NO,NO_ICAO_CODE,NO_MATCH,UNKNOWN
11399,"Whitmore, AZ: Grand Canyon Bar Ten Airstrip",NOT_FOUND,NO,PRIVATE/SPECIAL_USE,NO_MATCH,UNKNOWN
11400,"Boscombe, United Kingdom: Boscombe Down",NOT_FOUND,NO,INTERNATIONAL,INTERNATIONAL,UNKNOWN
11401,"Ketchikan, AK: Neets Bay",PAKT,YES,ASOS_AVAILABLE,DIRECT_MATCH,HIGH
11402,"Haines, AK: Glacier Point",NOT_FOUND,NO,NO_ICAO_CODE,NO_MATCH,UNKNOWN
11403,"Peach Springs, AZ: Hualapai",NOT_FOUND,NO,NO_ICAO_CODE,NO_MATCH,UNKNOWN
11404,"Tsui River, AK: Tsui River Airport",NOT_FOUND,NO,NO_ICAO_CODE,NO_MATCH,UNKNOWN
11405,"Cape Canaveral, FL: Cape Canaveral Sfs Skid Strip",NOT_FOUND,NO,PRIVATE/SPECIAL_USE,NO_MATCH,UNKNOWN
11406,"Platinum, AK: Platinum Mine",NOT_FOUND,NO,PRIVATE/SPECIAL_USE,NO_MATCH,UNKNOWN
11407,"Mercury, NV: Desert Rock",NOT_FOUND,NO,NO_ICAO_CODE,NO_MATCH,UNKNOWN
11408,"Derby, Australia: Derby Airport",NOT_FOUND,NO,INTERNATIONAL,INTERNATIONAL,UNKNOWN
11409,"Drummond Island, MI: Drummond Island Airport",NOT_FOUND,NO,NO_ICAO_CODE,NO_MATCH,UNKNOWN
11410,"Drift River, AK: Drift River Airport",NOT_FOUND,NO,NO_ICAO_CODE,NO_MATCH,UNKNOWN
11411,"Deering, AK: Deering Airport",NOT_FOUND,NO,NO_ICAO_CODE,NO_MATCH,UNKNOWN
11412,"Dirranbandi, Australia: Dirranbandi Airport",NOT_FOUND,NO,INTERNATIONAL,INTERNATIONAL,UNKNOWN
11413,"Durango, CO: Durango La Plata County",NOT_FOUND,NO,NO_ICAO_CODE,NO_MATCH,UNKNOWN
11414,"Dresden, Germany: Dresden Airport",NOT_FOUND,NO,INTERNATIONAL,INTERNATIONAL,UNKNOWN
11415,"Del Rio, TX: Del Rio International",NOT_FOUND,NO,NO_ICAO_CODE,NO_MATCH,UNKNOWN
11416,"Drummond, MT: Drummond Airport",NOT_FOUND,NO,NO_ICAO_CODE,NO_MATCH,UNKNOWN
11417,"Darwin, Australia: Darwin International",NOT_FOUND,NO,INTERNATIONAL,INTERNATIONAL,UNKNOWN
11418,"Finningley, United Kingdom: Doncaster Sheffield",NOT_FOUND,NO,INTERNATIONAL,INTERNATIONAL,UNKNOWN
11419,"La Desirade, Guadeloupe: La Desirade Airport",NOT_FOUND,NO,NO_ICAO_CODE,NO_STATE_CODE,UNKNOWN
11420,"Dessie, Ethiopia: Kombolcha",NOT_FOUND,NO,NO_ICAO_CODE,INTERNATIONAL,UNKNOWN
11421,"Destin, FL: Destin Executive",NOT_FOUND,NO,NO_ICAO_CODE,NO_MATCH,UNKNOWN
11422,"Dera Ismail Khan, Pakistan: D. I. Khan",NOT_FOUND,NO,NO_ICAO_CODE,INTERNATIONAL,UNKNOWN
11423,"Des Moines, IA: Des Moines International",KDSM,YES,ASOS_AVAILABLE,DIRECT_MATCH,HIGH
11424,"Delta, UT: Delta Municipal",NOT_FOUND,NO,NO_ICAO_CODE,NO_MATCH,UNKNOWN
11425,"Death Valley, CA: Furnace Creek",NOT_FOUND,NO,NO_ICAO_CODE,NO_MATCH,UNKNOWN
11427,"Detroit Lakes, MN: Detroit Lakes-Wething Field",KDTW,YES,ASOS_AVAILABLE,DIRECT_MATCH,HIGH
11428,"Dortmund, Germany: Dortmund Airport",NOT_FOUND,NO,INTERNATIONAL,INTERNATIONAL,UNKNOWN
11429,"Shreveport, LA: Shreveport Downtown",KSHV,YES,ASOS_AVAILABLE,DIRECT_MATCH,HIGH
11430,"Denton, TX: Denton Enterprise",NOT_FOUND,NO,NO_ICAO_CODE,NO_MATCH,UNKNOWN
11431,"Decatur Island, WA: Decatur",NOT_FOUND,NO,NO_ICAO_CODE,NO_MATCH,UNKNOWN
11432,"Detroit, MI: Detroit Metropolitan Area",KDTW,YES,ASOS_AVAILABLE,DIRECT_MATCH,HIGH
11433,"Detroit, MI: Detroit Metro Wayne County",KDTW,YES,ASOS_AVAILABLE,DIRECT_MATCH,HIGH
11434,"Durant, OK: Eaker Field",NOT_FOUND,NO,NO_ICAO_CODE,NO_MATCH,UNKNOWN
11435,"Dublin, Ireland: Dublin Airport",NOT_FOUND,NO,NO_ICAO_CODE,INTERNATIONAL,UNKNOWN
11436,"Duncan, OK: Halliburton Field",NOT_FOUND,NO,NO_ICAO_CODE,NO_MATCH,UNKNOWN
11437,"Dunedin, New Zealand: Dunedin Airport",NOT_FOUND,NO,NO_ICAO_CODE,INTERNATIONAL,UNKNOWN
11438,"Dundo, Angola: Kamakenzo",NOT_FOUND,NO,NO_ICAO_CODE,INTERNATIONAL,UNKNOWN
11439,"Duck, NC: Pine Island",NOT_FOUND,NO,NO_ICAO_CODE,NO_MATCH,UNKNOWN
11440,"Douglas, AZ: Bisbee Douglas International",NOT_FOUND,NO,NO_ICAO_CODE,NO_MATCH,UNKNOWN
11441,"DuBois, PA: DuBois Regional",NOT_FOUND,NO,NO_ICAO_CODE,NO_MATCH,UNKNOWN
11442,"Duncan/Quamichan Lake, Canada: Duncan",NOT_FOUND,NO,INTERNATIONAL,INTERNATIONAL,UNKNOWN
11443,"Durban, South Africa: Louis Botha",NOT_FOUND,NO,NO_ICAO_CODE,INTERNATIONAL,UNKNOWN
11444,"Dusseldorf, Germany: Duesseldorf",NOT_FOUND,NO,INTERNATIONAL,INTERNATIONAL,UNKNOWN
11445,"Unalaska, AK: Unalaska Airport",PADU,YES,ASOS_AVAILABLE,DIRECT_MATCH,HIGH
11446,"Diavik, Canada: Diavik Airport",NOT_FOUND,NO,INTERNATIONAL,INTERNATIONAL,UNKNOWN
11447,"Devils Lake, ND: Devils Lake Regional",NOT_FOUND,NO,NO_ICAO_CODE,NO_MATCH,UNKNOWN
11448,"Davenport, IA: Davenport Municipal",NOT_FOUND,NO,NO_ICAO_CODE,NO_MATCH,UNKNOWN
11449,"Davao, Philippines: Francisco Bangoy International",NOT_FOUND,NO,NO_ICAO_CODE,INTERNATIONAL,UNKNOWN
11450,"Phoenix, AZ: Phoenix - Deer Valley",KPHX,YES,ASOS_AVAILABLE,DIRECT_MATCH,HIGH
11452,"Davis/Woodland/Winters, CA: Yolo County",NOT_FOUND,NO,NO_ICAO_CODE,NO_MATCH,UNKNOWN
11453,"Houston, TX: David Wayne Hooks Memorial",KIAH,YES,ASOS_AVAILABLE,DIRECT_MATCH,HIGH
11454,"Orlando, FL: Walt Disney World",KMCO,YES,ASOS_AVAILABLE,DIRECT_MATCH,HIGH
11455,"Dubai, United Arab Emirates: Dubai International",NOT_FOUND,NO,NO_ICAO_CODE,INTERNATIONAL,UNKNOWN
11456,"Danbury, CT: Danbury Municipal",NOT_FOUND,NO,NO_ICAO_CODE,NO_MATCH,UNKNOWN
11457,"Dayong, China: Hehua",NOT_FOUND,NO,INTERNATIONAL,INTERNATIONAL,UNKNOWN
11458,"Anadyr, Russia: Ugolny",NOT_FOUND,NO,INTERNATIONAL,INTERNATIONAL,UNKNOWN
11459,"Abilene, TX: Dyess AFB",KABI,YES,ASOS_AVAILABLE,DIRECT_MATCH,HIGH
11460,"Dushanbe, Tajikistan: Dushanbe Airport",NOT_FOUND,NO,NO_ICAO_CODE,INTERNATIONAL,UNKNOWN
11461,"Dzaoudzi, Mayotte: Dzaoudzi-Pamandzi",NOT_FOUND,NO,NO_ICAO_CODE,NO_STATE_CODE,UNKNOWN
11462,"Durazno, Uruguay: Durazno Airport",NOT_FOUND,NO,NO_ICAO_CODE,INTERNATIONAL,UNKNOWN
11463,"Eagle, AK: Eagle Airport",NOT_FOUND,NO,NO_ICAO_CODE,NO_MATCH,UNKNOWN
11464,"Noatak, AK: Eagle Creek Strip",NOT_FOUND,NO,PRIVATE/SPECIAL_USE,NO_MATCH,UNKNOWN
11466,"Nejran, Saudi Arabia: Nejran Airport",NOT_FOUND,NO,NO_ICAO_CODE,INTERNATIONAL,UNKNOWN
11467,"Wheatland, WY: Phifer Airfield",NOT_FOUND,NO,NO_ICAO_CODE,NO_MATCH,UNKNOWN
11468,"Kearney, NE: Kearney Regional",NOT_FOUND,NO,NO_ICAO_CODE,NO_MATCH,UNKNOWN
11469,"San Sebastian, Spain: San Sebastian Airport",NOT_FOUND,NO,INTERNATIONAL,INTERNATIONAL,UNKNOWN
11470,"Wenatchee, WA: Pangborn Memorial",NOT_FOUND,NO,NO_ICAO_CODE,NO_MATCH,UNKNOWN
11471,"Eau Claire, WI: Chippewa Valley Regional",NOT_FOUND,NO,NO_ICAO_CODE,NO_MATCH,UNKNOWN
11472,"Elba Island, Italy: Marina Di Campo",NOT_FOUND,NO,NO_ICAO_CODE,INTERNATIONAL,UNKNOWN
11473,"Entebbe/Kampala, Uganda: Entebbe International",NOT_FOUND,NO,NO_ICAO_CODE,INTERNATIONAL,UNKNOWN
11474,"El Obeid, Sudan: El Obeid Airport",NOT_FOUND,NO,NO_ICAO_CODE,INTERNATIONAL,UNKNOWN
11475,"Esbjerg, Denmark: Esbjerg Airport",NOT_FOUND,NO,NO_ICAO_CODE,INTERNATIONAL,UNKNOWN
11476,"Erbil, Iraq: Erbil International",NOT_FOUND,NO,NO_ICAO_CODE,INTERNATIONAL,UNKNOWN
11477,"St. Etienne, France: Saint Etienne Loire",NOT_FOUND,NO,INTERNATIONAL,INTERNATIONAL,UNKNOWN
11478,"East Tawas, MI: Iosco County",NOT_FOUND,NO,NO_ICAO_CODE,NO_MATCH,UNKNOWN
11479,"Elizabeth City, NC: Elizabeth City CGAS/Regional",NOT_FOUND,NO,NO_ICAO_CODE,NO_MATCH,UNKNOWN
11480,"Ercan, Cyprus: Ercan Airport",NOT_FOUND,NO,NO_ICAO_CODE,INTERNATIONAL,UNKNOWN
11481,"Panama City, FL: Northwest Florida Beaches International",NOT_FOUND,NO,NO_ICAO_CODE,INTERNATIONAL,UNKNOWN
11482,"Newcastle, WY: Mondell Field",NOT_FOUND,NO,NO_ICAO_CODE,NO_MATCH,UNKNOWN
11483,"Rocksprings, TX: Edwards County",NOT_FOUND,NO,NO_ICAO_CODE,NO_MATCH,UNKNOWN
11484,"Edna Bay, AK: Edna Bay Airport",NOT_FOUND,NO,NO_ICAO_CODE,NO_MATCH,UNKNOWN
11486,"Edenton, NC: Northeastern Regional",NOT_FOUND,NO,NO_ICAO_CODE,NO_MATCH,UNKNOWN
11487,"Anchorage, AK: Elmendorf AFB",PANC,YES,ASOS_AVAILABLE,DIRECT_MATCH,HIGH
11488,"Edinburgh, United Kingdom: Edinburgh Airport",NOT_FOUND,NO,INTERNATIONAL,INTERNATIONAL,UNKNOWN
11489,"Eldoret, Kenya: Eldoret Airport",NOT_FOUND,NO,NO_ICAO_CODE,INTERNATIONAL,UNKNOWN
11490,"Edwards, CA: Edwards AFB",NOT_FOUND,NO,NO_ICAO_CODE,NO_MATCH,UNKNOWN
11491,"Needles, CA: Needles Airport",NOT_FOUND,NO,NO_ICAO_CODE,NO_MATCH,UNKNOWN
11492,"Eek, AK: Eek Airport",NOT_FOUND,NO,NO_ICAO_CODE,NO_MATCH,UNKNOWN
11493,"Keene, NH: Dillant Hopkins",NOT_FOUND,NO,NO_ICAO_CODE,NO_MATCH,UNKNOWN
11494,"Eight Fathom Bight, AK: Eight Fathom Bight Airport",NOT_FOUND,NO,NO_ICAO_CODE,NO_MATCH,UNKNOWN
11495,"Houston, TX: Ellington",KIAH,YES,ASOS_AVAILABLE,DIRECT_MATCH,HIGH
11496,"Newport, VT: Northeast Kingdom International",NOT_FOUND,NO,NO_ICAO_CODE,NO_MATCH,UNKNOWN
11497,"Kefallinia Island, Greece: Argostolion",NOT_FOUND,NO,NO_ICAO_CODE,INTERNATIONAL,UNKNOWN
11498,"Cairo, Egypt: Sphinx International",NOT_FOUND,NO,NO_ICAO_CODE,INTERNATIONAL,UNKNOWN
11499,"Jiyanklis, Egypt: Jiyanklis AB",NOT_FOUND,NO,NO_ICAO_CODE,INTERNATIONAL,UNKNOWN
11500,"Beni Suef, Egypt: Beni Suef Airport",NOT_FOUND,NO,NO_ICAO_CODE,INTERNATIONAL,UNKNOWN
11501,"Chenega, AK: Chenega Airport",NOT_FOUND,NO,NO_ICAO_CODE,NO_MATCH,UNKNOWN
11502,"Bergerac, France: Bergerac Dordogne Perigord",NOT_FOUND,NO,INTERNATIONAL,INTERNATIONAL,UNKNOWN
11503,"Eagle, CO: Eagle County Regional",NOT_FOUND,NO,NO_ICAO_CODE,NO_MATCH,UNKNOWN
11504,"Crestview, FL: Duke Field",NOT_FOUND,NO,NO_ICAO_CODE,NO_MATCH,UNKNOWN
11505,"Geneina, Sudan: Geneina Airport",NOT_FOUND,NO,NO_ICAO_CODE,INTERNATIONAL,UNKNOWN
11506,"Eagle Pass, TX: Eagle Pass Municipal",NOT_FOUND,NO,NO_ICAO_CODE,NO_MATCH,UNKNOWN
11507,"Egilsstadir, Iceland: Egilsstadir Airport",NOT_FOUND,NO,NO_ICAO_CODE,INTERNATIONAL,UNKNOWN
11508,"Wellington, KS: Wellington Municipal",NOT_FOUND,NO,NO_ICAO_CODE,NO_MATCH,UNKNOWN
11510,"Eagle River, WI: Eagle River Union",NOT_FOUND,NO,NO_ICAO_CODE,NO_MATCH,UNKNOWN
11511,"Egegik, AK: Egegik Airport",NOT_FOUND,NO,NO_ICAO_CODE,NO_MATCH,UNKNOWN
11512,"Cape Newenham, AK: Cape Newenham LRRS",NOT_FOUND,NO,NO_ICAO_CODE,NO_MATCH,UNKNOWN
11513,"Eagle Harbor, AK: Eagle Harbor Airport",NOT_FOUND,NO,NO_ICAO_CODE,NO_MATCH,UNKNOWN
11514,"East Hartford, CT: Rentschler Heliport",KBDL,YES,ASOS_AVAILABLE,DIRECT_MATCH,HIGH
11515,"Eia, Papua New Guinea: Eia Airport",NOT_FOUND,NO,NO_ICAO_CODE,INTERNATIONAL,UNKNOWN
11516,"Eisenach, Germany: Eisenach Kindel",NOT_FOUND,NO,INTERNATIONAL,INTERNATIONAL,UNKNOWN
11517,"Fairbanks, AK: Eielson AFB",PAFA,YES,ASOS_AVAILABLE,DIRECT_MATCH,HIGH
11518,"Eindhoven, Netherlands: Eindhoven Airport",NOT_FOUND,NO,NO_ICAO_CODE,INTERNATIONAL,UNKNOWN
11519,"Road Town, British Virgin Islands: Terrance B Lettsome",NOT_FOUND,NO,NO_ICAO_CODE,NO_STATE_CODE,UNKNOWN
11520,"Barrancabermeja, Colombia: Yariguies",NOT_FOUND,NO,NO_ICAO_CODE,INTERNATIONAL,UNKNOWN
11521,"Wedjh, Saudi Arabia: Wedjh Airport",NOT_FOUND,NO,NO_ICAO_CODE,INTERNATIONAL,UNKNOWN
11522,"Eureka, CA: Murray Field",NOT_FOUND,NO,NO_ICAO_CODE,NO_MATCH,UNKNOWN
11523,"Elkhart, IN: Elkhart Municipal",NOT_FOUND,NO,NO_ICAO_CODE,NO_MATCH,UNKNOWN
11524,"Elkins, WV: Elkins Randolph County",NOT_FOUND,NO,NO_ICAO_CODE,NO_MATCH,UNKNOWN
11525,"Elko, NV: Elko Regional",NOT_FOUND,NO,NO_ICAO_CODE,NO_MATCH,UNKNOWN
11526,"Elizabethtown, KY: Addington Field",NOT_FOUND,NO,NO_ICAO_CODE,NO_MATCH,UNKNOWN
11527,"Bessemer, AL: Bessemer Ntl",NOT_FOUND,NO,NO_ICAO_CODE,NO_MATCH,UNKNOWN
11528,"Eagle Lake, TX: Eagle Lake Airport",NOT_FOUND,NO,NO_ICAO_CODE,NO_MATCH,UNKNOWN
11529,"El Banco, Colombia: El Banco Airport",NOT_FOUND,NO,NO_ICAO_CODE,INTERNATIONAL,UNKNOWN
11530,"Elcho Island, Australia: Elcho Island Airport",NOT_FOUND,NO,INTERNATIONAL,INTERNATIONAL,UNKNOWN
11531,"El Dorado, AR: South Arkansas Regional at Goodwin Field",NOT_FOUND,NO,NO_ICAO_CODE,NO_MATCH,UNKNOWN
11532,"El Fasher, Sudan: El Fasher Airport",NOT_FOUND,NO,NO_ICAO_CODE,INTERNATIONAL,UNKNOWN
11533,"El Golea, Algeria: El Golea Airport",NOT_FOUND,NO,NO_ICAO_CODE,INTERNATIONAL,UNKNOWN
11534,"North Eleuthera, The Bahamas: North Eleuthera Airport",NOT_FOUND,NO,NO_ICAO_CODE,INTERNATIONAL,UNKNOWN
11535,"Elim, AK: Elim Airport",NOT_FOUND,NO,NO_ICAO_CODE,NO_MATCH,UNKNOWN
11536,"El Recreo, Colombia: El Recreo Airport",NOT_FOUND,NO,NO_ICAO_CODE,INTERNATIONAL,UNKNOWN
11537,"Elmira/Corning, NY: Elmira/Corning Regional",NOT_FOUND,NO,NO_ICAO_CODE,NO_MATCH,UNKNOWN
11538,"Ellensburg, WA: Bowers Field",NOT_FOUND,NO,NO_ICAO_CODE,NO_MATCH,UNKNOWN
11540,ELP,KELP,YES,ASOS_AVAILABLE,DIRECT_MATCH,HIGH
11541,"Gassim, Saudi Arabia: Prince Naif Bin Abdulaziz",NOT_FOUND,NO,NO_ICAO_CODE,INTERNATIONAL,UNKNOWN
11543,"East London, South Africa: King Phalo",NOT_FOUND,NO,NO_ICAO_CODE,INTERNATIONAL,UNKNOWN
11544,"El Tor, Egypt: El Tor Airport",NOT_FOUND,NO,NO_ICAO_CODE,INTERNATIONAL,UNKNOWN
11545,"Elfin Cove, AK: Elfin Cove Seaplane Base",NOT_FOUND,NO,PRIVATE/SPECIAL_USE,NO_MATCH,UNKNOWN
11546,"Ellamar, AK: Ellamar Seaplane Base",NOT_FOUND,NO,PRIVATE/SPECIAL_USE,NO_MATCH,UNKNOWN
11547,"Ely, NV: Ely Airport/Yelland Field",NOT_FOUND,NO,NO_ICAO_CODE,NO_MATCH,UNKNOWN
11548,"Derby, United Kingdom: East Midlands",NOT_FOUND,NO,INTERNATIONAL,INTERNATIONAL,UNKNOWN
11549,"Emerald, Australia: Emerald Airport",NOT_FOUND,NO,INTERNATIONAL,INTERNATIONAL,UNKNOWN
11550,"Emmonak, AK: Emmonak Airport",NOT_FOUND,NO,NO_ICAO_CODE,NO_MATCH,UNKNOWN
11551,"Kemmerer, WY: Kemmerer Municipal",NOT_FOUND,NO,NO_ICAO_CODE,NO_MATCH,UNKNOWN
11552,"Nema, Mauritania: Nema Airport",NOT_FOUND,NO,NO_ICAO_CODE,NO_STATE_CODE,UNKNOWN
11553,"Emporia, KS: Emporia Municipal",NOT_FOUND,NO,NO_ICAO_CODE,NO_MATCH,UNKNOWN
11554,"El Monte, CA: San Gabriel Valley",KSAN,YES,ASOS_AVAILABLE,DIRECT_MATCH,HIGH
11555,"Kenai, AK: Kenai Municipal",PAEN,YES,ASOS_AVAILABLE,DIRECT_MATCH,HIGH
11556,"Nancy, France: Nancy Essey",NOT_FOUND,NO,INTERNATIONAL,INTERNATIONAL,UNKNOWN
11557,"Enid, OK: Vance AFB",NOT_FOUND,NO,NO_ICAO_CODE,NO_MATCH,UNKNOWN
11558,"Centralia, IL: Centralia Municipal",NOT_FOUND,NO,NO_ICAO_CODE,NO_MATCH,UNKNOWN
11559,"Nenana, AK: Nenana Municipal",NOT_FOUND,NO,NO_ICAO_CODE,NO_MATCH,UNKNOWN
11560,"Comayagua, Honduras: Palmerola International",NOT_FOUND,NO,NO_ICAO_CODE,INTERNATIONAL,UNKNOWN
11561,"Enschede, Netherlands: Twente",NOT_FOUND,NO,NO_ICAO_CODE,INTERNATIONAL,UNKNOWN
11562,"Enugu, Nigeria: Akanu Ibiam International",NOT_FOUND,NO,NO_ICAO_CODE,INTERNATIONAL,UNKNOWN
11563,"Wendover, UT: Wendover Airport",NOT_FOUND,NO,NO_ICAO_CODE,NO_MATCH,UNKNOWN
11564,"Kenosha, WI: Kenosha Regional",NOT_FOUND,NO,NO_ICAO_CODE,NO_MATCH,UNKNOWN
11565,"Medellin, Colombia: Olaya Herrera",NOT_FOUND,NO,NO_ICAO_CODE,INTERNATIONAL,UNKNOWN
11566,"Keokuk, IA: Keokuk Municipal",NOT_FOUND,NO,NO_ICAO_CODE,NO_MATCH,UNKNOWN
11567,"Ephrata/Moses Lake, WA: Ephrata Municipal",NOT_FOUND,NO,NO_ICAO_CODE,NO_MATCH,UNKNOWN
11569,"Epinal, France: Epinal Mirecourt",NOT_FOUND,NO,INTERNATIONAL,INTERNATIONAL,UNKNOWN
11570,"Epena, Congo (Brazaville): Epena Airport",NOT_FOUND,NO,NO_ICAO_CODE,INTERNATIONAL,UNKNOWN
11571,"Esperance, Australia: Esperance Airport",NOT_FOUND,NO,INTERNATIONAL,INTERNATIONAL,UNKNOWN
11572,"Esquel, Argentina: Esquel Airport",NOT_FOUND,NO,NO_ICAO_CODE,INTERNATIONAL,UNKNOWN
11573,"Erigavo, Somalia: Erigavo Airport",NOT_FOUND,NO,NO_ICAO_CODE,INTERNATIONAL,UNKNOWN
11574,"Erzincan, Turkey: Erzincan Airport",NOT_FOUND,NO,NO_ICAO_CODE,INTERNATIONAL,UNKNOWN
11575,"Berdyansk, Ukraine: Berdyansk Airport",NOT_FOUND,NO,NO_ICAO_CODE,INTERNATIONAL,UNKNOWN
11576,"Erfurt, Germany: Erfurt Weimar",NOT_FOUND,NO,INTERNATIONAL,INTERNATIONAL,UNKNOWN
11577,"Erie, PA: Erie International/Tom Ridge Field",KERI,YES,ASOS_AVAILABLE,DIRECT_MATCH,HIGH
11578,"Erechim, Brazil: Erechim Airport",NOT_FOUND,NO,INTERNATIONAL,INTERNATIONAL,UNKNOWN
11579,"Eirunepe, Brazil: Eirunepe Airport",NOT_FOUND,NO,INTERNATIONAL,INTERNATIONAL,UNKNOWN
11580,"Windhoek, Namibia: Eros",NOT_FOUND,NO,NO_ICAO_CODE,INTERNATIONAL,UNKNOWN
11581,"Erdenet, Mongolia: Erdenet Airport",NOT_FOUND,NO,NO_ICAO_CODE,INTERNATIONAL,UNKNOWN
11582,"Kerrville, TX: Kerrville Municipal/Louis Schreiner Field",NOT_FOUND,NO,NO_ICAO_CODE,NO_MATCH,UNKNOWN
11583,"Erzurum, Turkey: Erzurum Airport",NOT_FOUND,NO,NO_ICAO_CODE,INTERNATIONAL,UNKNOWN
11584,"Madrid, Spain: Getafe",NOT_FOUND,NO,INTERNATIONAL,INTERNATIONAL,UNKNOWN
11585,"Esa'ala, Papua New Guinea: Esa'ala Airport",NOT_FOUND,NO,NO_ICAO_CODE,INTERNATIONAL,UNKNOWN
11586,"Ankara, Turkey: Esenboga",NOT_FOUND,NO,NO_ICAO_CODE,INTERNATIONAL,UNKNOWN
11587,"Escanaba, MI: Delta County",NOT_FOUND,NO,NO_ICAO_CODE,NO_MATCH,UNKNOWN
11588,"Eastsound, WA: Orcas Island",NOT_FOUND,NO,NO_ICAO_CODE,NO_MATCH,UNKNOWN
11589,"Ensenada, Mexico: Ensenada Airport",NOT_FOUND,NO,INTERNATIONAL,INTERNATIONAL,UNKNOWN
11590,"Alexandria, LA: Esler Regional",NOT_FOUND,NO,NO_ICAO_CODE,NO_MATCH,UNKNOWN
11591,"Esmeraldas, Ecuador: Coronel Carlos Concha Torres",NOT_FOUND,NO,NO_ICAO_CODE,INTERNATIONAL,UNKNOWN
11592,"Easton, MD: Easton/Newnam Field",NOT_FOUND,NO,NO_ICAO_CODE,NO_MATCH,UNKNOWN
11593,"Stroudsburg, PA: Stroudsburg Pocono",NOT_FOUND,NO,NO_ICAO_CODE,NO_MATCH,UNKNOWN
11594,"El Salvador, Chile: Ricardo Garcia Posada",NOT_FOUND,NO,NO_ICAO_CODE,INTERNATIONAL,UNKNOWN
11595,"Essen, Germany: Essen Muelheim",NOT_FOUND,NO,INTERNATIONAL,INTERNATIONAL,UNKNOWN
11596,"Eilat, Israel: Eilat Airport",NOT_FOUND,NO,NO_ICAO_CODE,INTERNATIONAL,UNKNOWN
11597,"Eastland, TX: Eastland Municipal",NOT_FOUND,NO,NO_ICAO_CODE,NO_MATCH,UNKNOWN
11598,"Enterprise, AL: Enterprise Municipal",NOT_FOUND,NO,NO_ICAO_CODE,NO_MATCH,UNKNOWN
11599,"Metz/Nancy, France: Metz Nancy Lorraine",NOT_FOUND,NO,INTERNATIONAL,INTERNATIONAL,UNKNOWN
11600,"Eua, Tonga: Eua Airport",NOT_FOUND,NO,NO_ICAO_CODE,INTERNATIONAL,UNKNOWN
11601,"Eureka, NV: Eureka Airport",NOT_FOUND,NO,NO_ICAO_CODE,NO_MATCH,UNKNOWN
11602,"Eufaula, AL: Weedon Field",NOT_FOUND,NO,NO_ICAO_CODE,NO_MATCH,UNKNOWN
11603,"Eugene, OR: Mahlon Sweet Field",KEUG,YES,ASOS_AVAILABLE,DIRECT_MATCH,HIGH
11604,"Laayoune, Morocco: Hassan I International",NOT_FOUND,NO,NO_ICAO_CODE,INTERNATIONAL,UNKNOWN
11605,"St. Eustatius, Bonaire, Sint Eustatius, and Saba: F.D. Roosevelt",NOT_FOUND,NO,NO_ICAO_CODE,NO_STATE_CODE,UNKNOWN
11606,"Eva Creek, AK: Eva Creek Airport",NOT_FOUND,NO,NO_ICAO_CODE,NO_MATCH,UNKNOWN
11607,"Evenes, Norway: Harstad Narvik",NOT_FOUND,NO,NO_ICAO_CODE,INTERNATIONAL,UNKNOWN
11608,"Sveg, Sweden: Sveg Airport",NOT_FOUND,NO,NO_ICAO_CODE,INTERNATIONAL,UNKNOWN
11609,"Eveleth, MN: Eveleth Virginia Municipal",NOT_FOUND,NO,NO_ICAO_CODE,NO_MATCH,UNKNOWN
11610,"Yerevan, Armenia: Zvartnots",NOT_FOUND,NO,NO_ICAO_CODE,INTERNATIONAL,UNKNOWN
11612,"Evansville, IN: Evansville Regional",NOT_FOUND,NO,NO_ICAO_CODE,NO_MATCH,UNKNOWN
11613,"Evanston, WY: Evanston-Uinta County Burns Field",NOT_FOUND,NO,NO_ICAO_CODE,NO_MATCH,UNKNOWN
11614,"Evreux, France: Evreux Fauville",NOT_FOUND,NO,INTERNATIONAL,INTERNATIONAL,UNKNOWN
11615,"New Bedford/Fall River, MA: New Bedford Regional",NOT_FOUND,NO,NO_ICAO_CODE,NO_MATCH,UNKNOWN
11616,"Newton, KS: Newton City County",NOT_FOUND,NO,NO_ICAO_CODE,NO_MATCH,UNKNOWN
11617,"New Bern/Morehead/Beaufort, NC: Coastal Carolina Regional",NOT_FOUND,NO,NO_ICAO_CODE,NO_MATCH,UNKNOWN
11618,EWR,KEWR,YES,ASOS_AVAILABLE,DIRECT_MATCH,HIGH
11619,"Excursion Inlet, AK: Excursion Inlet Seaplane Base",NOT_FOUND,NO,PRIVATE/SPECIAL_USE,NO_MATCH,UNKNOWN
11620,"Exeter, United Kingdom: Exeter Airport",NOT_FOUND,NO,INTERNATIONAL,INTERNATIONAL,UNKNOWN
11621,"George Town, The Bahamas: George Town Airport",NOT_FOUND,NO,NO_ICAO_CODE,INTERNATIONAL,UNKNOWN
11622,"Yelimane, Mali: Yelimane Airport",NOT_FOUND,NO,NO_ICAO_CODE,INTERNATIONAL,UNKNOWN
11623,"El Yopal, Colombia: El Alcaravan",NOT_FOUND,NO,NO_ICAO_CODE,INTERNATIONAL,UNKNOWN
11624,"Key West, FL: Key West International",KEYW,YES,ASOS_AVAILABLE,DIRECT_MATCH,HIGH
11625,"Ezeiza, Argentina: Ministro Pistarini",NOT_FOUND,NO,NO_ICAO_CODE,INTERNATIONAL,UNKNOWN
11626,"Elazig, Turkey: Elazig Airport",NOT_FOUND,NO,NO_ICAO_CODE,INTERNATIONAL,UNKNOWN
11627,"Murrieta/Temecula, CA: French Valley",NOT_FOUND,NO,NO_ICAO_CODE,NO_MATCH,UNKNOWN
11628,"Farnborough, United Kingdom: Farnborough Airport",NOT_FOUND,NO,INTERNATIONAL,INTERNATIONAL,UNKNOWN
11629,"Sorvagur, Denmark: Vagar",NOT_FOUND,NO,NO_ICAO_CODE,INTERNATIONAL,UNKNOWN
11630,"Fairbanks, AK: Fairbanks International",PAFA,YES,ASOS_AVAILABLE,DIRECT_MATCH,HIGH
11631,"Fajardo, PR: Diego Jimenez Torres",NOT_FOUND,NO,NO_ICAO_CODE,NO_MATCH,UNKNOWN
11632,"False Island, AK: False Island Airport",NOT_FOUND,NO,NO_ICAO_CODE,NO_MATCH,UNKNOWN
11633,"Roma, TX: Falcon State Park",NOT_FOUND,NO,NO_ICAO_CODE,NO_MATCH,UNKNOWN
11634,"Farmington, MO: Farmington Regional",NOT_FOUND,NO,NO_ICAO_CODE,NO_MATCH,UNKNOWN
11635,"Farsund, Norway: Lista",NOT_FOUND,NO,NO_ICAO_CODE,INTERNATIONAL,UNKNOWN
11636,"Faro, Portugal: Faro Airport",NOT_FOUND,NO,NO_ICAO_CODE,INTERNATIONAL,UNKNOWN
11637,"Fargo, ND: Hector International",KFAR,YES,ASOS_AVAILABLE,DIRECT_MATCH,HIGH
11638,"Fresno, CA: Fresno Yosemite International",KFAT,YES,ASOS_AVAILABLE,DIRECT_MATCH,HIGH
11639,"Fairmount Island, AK: Fairmount Island Airport",NOT_FOUND,NO,NO_ICAO_CODE,NO_MATCH,UNKNOWN
11640,"Fakarava, French Polynesia: Fakarava Airport",NOT_FOUND,NO,NO_ICAO_CODE,INTERNATIONAL,UNKNOWN
11641,"Fayetteville, NC: Fayetteville Regional/Grannis Field",NOT_FOUND,NO,NO_ICAO_CODE,NO_MATCH,UNKNOWN
11642,"Fort Bragg, NC: Simmons AAF",NOT_FOUND,NO,NO_ICAO_CODE,NO_MATCH,UNKNOWN
11643,"Fairbanks, AK: Ladd AAF",PAFA,YES,ASOS_AVAILABLE,DIRECT_MATCH,HIGH
11644,"Lubumbashi, Congo (Kinshasa): Lubumbashi International",NOT_FOUND,NO,NO_ICAO_CODE,INTERNATIONAL,UNKNOWN
11645,"Fort Bridger, WY: Fort Bridger Airport",NOT_FOUND,NO,NO_ICAO_CODE,NO_MATCH,UNKNOWN
11646,"Friday Harbor, WA: Friday Harbor Seaplane Base",NOT_FOUND,NO,PRIVATE/SPECIAL_USE,NO_MATCH,UNKNOWN
11647,"Oslo, Norway: Fornebu",NOT_FOUND,NO,NO_ICAO_CODE,INTERNATIONAL,UNKNOWN
11648,"Kalispell, MT: Glacier Park International",NOT_FOUND,NO,NO_ICAO_CODE,NO_MATCH,UNKNOWN
11649,"Fresno, CA: Fresno Chandler Executive",KFAT,YES,ASOS_AVAILABLE,DIRECT_MATCH,HIGH
11650,"Minneapolis, MN: Flying Cloud",KMSP,YES,ASOS_AVAILABLE,DIRECT_MATCH,HIGH
11651,"Rome, Italy: Fiumicino",NOT_FOUND,NO,NO_ICAO_CODE,INTERNATIONAL,UNKNOWN
11652,"Colorado Springs, CO: Butts AHP",NOT_FOUND,NO,NO_ICAO_CODE,NO_MATCH,UNKNOWN
11653,"Forde, Norway: Forde Airport",NOT_FOUND,NO,NO_ICAO_CODE,INTERNATIONAL,UNKNOWN
11654,"Fort de France, Martinique: Martinique Aime Cesaire",NOT_FOUND,NO,INTERNATIONAL,INTERNATIONAL,UNKNOWN
11655,"Friedrichshafen, Germany: Friedrichshafen Airport",NOT_FOUND,NO,INTERNATIONAL,INTERNATIONAL,UNKNOWN
11656,"Frederick, MD: Frederick Municipal",NOT_FOUND,NO,NO_ICAO_CODE,NO_MATCH,UNKNOWN
11657,"Frederick, OK: Frederick Regional",NOT_FOUND,NO,NO_ICAO_CODE,NO_MATCH,UNKNOWN
11658,"Bandundu, Congo (Kinshasa): Bandundu Airport",NOT_FOUND,NO,NO_ICAO_CODE,INTERNATIONAL,UNKNOWN
11659,"Findlay, OH: Findlay Airport",NOT_FOUND,NO,NO_ICAO_CODE,NO_MATCH,UNKNOWN
11660,"Fergana, Uzbekistan: Fergana Airport",NOT_FOUND,NO,NO_ICAO_CODE,INTERNATIONAL,UNKNOWN
11661,"Fernando de Noronha, Brazil: Fernando de Noronha Airport",NOT_FOUND,NO,INTERNATIONAL,INTERNATIONAL,UNKNOWN
11662,"Freeport, IL: Albertus",NOT_FOUND,NO,NO_ICAO_CODE,NO_MATCH,UNKNOWN
11663,"Fremont, NE: Fremont Municipal",NOT_FOUND,NO,NO_ICAO_CODE,NO_MATCH,UNKNOWN
11664,"Cheyenne, WY: Francis E. Warren AFB Heliport",KCYS,YES,ASOS_AVAILABLE,DIRECT_MATCH,HIGH
11665,"Fez, Morocco: Saiss International",NOT_FOUND,NO,NO_ICAO_CODE,INTERNATIONAL,UNKNOWN
11666,"Fairford, United Kingdom: RAF Fairford",NOT_FOUND,NO,INTERNATIONAL,INTERNATIONAL,UNKNOWN
11667,"Fergus Falls, MN: Fergus Falls Municipal-Einar Mickelson Field",NOT_FOUND,NO,NO_ICAO_CODE,NO_MATCH,UNKNOWN
11668,"Dayton, OH: Wright-Patterson AFB",KDAY,YES,ASOS_AVAILABLE,DIRECT_MATCH,HIGH
11669,"Frankfort, KY: Capital City",NOT_FOUND,NO,NO_ICAO_CODE,NO_MATCH,UNKNOWN
11670,"Fderik, Mauritania: Fderik Airport",NOT_FOUND,NO,NO_ICAO_CODE,NO_STATE_CODE,UNKNOWN
11671,"Apia, Samoa: Fagali I",NOT_FOUND,NO,NO_ICAO_CODE,INTERNATIONAL,UNKNOWN
11673,"Fort Huachuca, AZ: Sierra Vista Municipal-Libby AAF",NOT_FOUND,NO,NO_ICAO_CODE,NO_MATCH,UNKNOWN
11674,"Fire Cove, AK: Fire Cove Airport",NOT_FOUND,NO,NO_ICAO_CODE,NO_MATCH,UNKNOWN
11675,"Fishers Island, NY: Elizabeth Field",NOT_FOUND,NO,NO_ICAO_CODE,NO_MATCH,UNKNOWN
11676,"Kinshasa, Congo (Kinshasa): N'Djili International",NOT_FOUND,NO,NO_ICAO_CODE,INTERNATIONAL,UNKNOWN
11677,"Fillmore, UT: Fillmore Municipal",NOT_FOUND,NO,NO_ICAO_CODE,NO_MATCH,UNKNOWN
11678,"Finschhafen, Papua New Guinea: Finschhafen Airport",NOT_FOUND,NO,NO_ICAO_CODE,INTERNATIONAL,UNKNOWN
11679,"Fitzroy Crossing, Australia: Fitzroy Crossing Airport",NOT_FOUND,NO,INTERNATIONAL,INTERNATIONAL,UNKNOWN
11680,"Al-Fujairah, United Arab Emirates: Fujairah International",NOT_FOUND,NO,NO_ICAO_CODE,INTERNATIONAL,UNKNOWN
11681,"Karlsruhe/Baden-Baden, Germany: Karlsruhe/Baden-Baden Airport",NOT_FOUND,NO,INTERNATIONAL,INTERNATIONAL,UNKNOWN
11682,"Kisangani, Congo (Kinshasa): Bangoka International",NOT_FOUND,NO,NO_ICAO_CODE,INTERNATIONAL,UNKNOWN
11683,"Fukui, Japan: Fukui Airport",NOT_FOUND,NO,INTERNATIONAL,INTERNATIONAL,UNKNOWN
11684,"Franklin/Oil City, PA: Venango Regional",NOT_FOUND,NO,NO_ICAO_CODE,NO_MATCH,UNKNOWN
11685,"Fukushima, Japan: Fukushima Airport",NOT_FOUND,NO,INTERNATIONAL,INTERNATIONAL,UNKNOWN
11686,"Zephyrhills, FL: Zephyrhills Municipal",NOT_FOUND,NO,NO_ICAO_CODE,NO_MATCH,UNKNOWN
11687,"Valkaria, FL: Valkaria Airport",NOT_FOUND,NO,NO_ICAO_CODE,NO_MATCH,UNKNOWN
11688,"Chipley, FL: Vosikas",NOT_FOUND,NO,NO_ICAO_CODE,NO_MATCH,UNKNOWN
11689,"Bunnell, FL: Flagler Executive",NOT_FOUND,NO,NO_ICAO_CODE,NO_MATCH,UNKNOWN
11690,"Williston, FL: Williston Regional",NOT_FOUND,NO,NO_ICAO_CODE,NO_MATCH,UNKNOWN
11691,"Florencia, Colombia: Gustavo Artunduaga Paredes",NOT_FOUND,NO,NO_ICAO_CODE,INTERNATIONAL,UNKNOWN
11692,"Floriano, Brazil: Floriano Airport",NOT_FOUND,NO,INTERNATIONAL,INTERNATIONAL,UNKNOWN
11693,"Fond Du Lac, WI: Fond Du Lac County",NOT_FOUND,NO,NO_ICAO_CODE,NO_MATCH,UNKNOWN
11694,"Flensburg, Germany: Flensburg Schaeferhaus",NOT_FOUND,NO,INTERNATIONAL,INTERNATIONAL,UNKNOWN
11695,"Flagstaff, AZ: Flagstaff Pulliam",NOT_FOUND,NO,NO_ICAO_CODE,NO_MATCH,UNKNOWN
11696,"Falls Bay, AK: Falls Bay Airport",NOT_FOUND,NO,NO_ICAO_CODE,NO_MATCH,UNKNOWN
11697,FLL,KFLL,YES,ASOS_AVAILABLE,DIRECT_MATCH,HIGH
11698,"Florianopolis, Brazil: Hercilio Luz International",NOT_FOUND,NO,INTERNATIONAL,INTERNATIONAL,UNKNOWN
11699,"Florence, SC: Florence Regional",NOT_FOUND,NO,NO_ICAO_CODE,NO_MATCH,UNKNOWN
11700,"Florence, Italy: Firenze",NOT_FOUND,NO,NO_ICAO_CODE,INTERNATIONAL,UNKNOWN
11701,"Flinders Island, Australia: Flinders Island Airport",NOT_FOUND,NO,INTERNATIONAL,INTERNATIONAL,UNKNOWN
11702,"Flat, AK: Flat Airport",NOT_FOUND,NO,NO_ICAO_CODE,NO_MATCH,UNKNOWN
11703,"New York, NY: Flushing",NOT_FOUND,NO,NO_ICAO_CODE,NO_MATCH,UNKNOWN
11704,"Leavenworth, KS: Sherman AAF",NOT_FOUND,NO,NO_ICAO_CODE,NO_MATCH,UNKNOWN
11705,"Santa Cruz das Flores, Portugal: Flores",NOT_FOUND,NO,NO_ICAO_CODE,INTERNATIONAL,UNKNOWN
11706,"Fallon, NV: Fallon Municipal",NOT_FOUND,NO,NO_ICAO_CODE,NO_MATCH,UNKNOWN
11707,"Formosa, Argentina: Formosa Airport",NOT_FOUND,NO,NO_ICAO_CODE,INTERNATIONAL,UNKNOWN
11708,"Five Mile Camp, AK: Five Mile Camp Airport",NOT_FOUND,NO,NO_ICAO_CODE,NO_MATCH,UNKNOWN
11709,"Falmouth, MA: Cape Cod CGAS",NOT_FOUND,NO,NO_ICAO_CODE,NO_MATCH,UNKNOWN
11710,"Kalemie, Congo (Kinshasa): Kalemie Airport",NOT_FOUND,NO,NO_ICAO_CODE,INTERNATIONAL,UNKNOWN
11711,"Farmington, NM: Four Corners Regional",NOT_FOUND,NO,NO_ICAO_CODE,NO_MATCH,UNKNOWN
11712,"Greven, Germany: Muenster Osnabrueck",NOT_FOUND,NO,INTERNATIONAL,INTERNATIONAL,UNKNOWN
11713,"Fort Madison, IA: Fort Madison Municipal",KMSN,YES,ASOS_AVAILABLE,DIRECT_MATCH,HIGH
11714,"Fort Myers, FL: Page Field",KRSW,YES,ASOS_AVAILABLE,DIRECT_MATCH,HIGH
11715,"Freetown, Sierra Leone: Freetown Lungi International",NOT_FOUND,NO,NO_ICAO_CODE,INTERNATIONAL,UNKNOWN
11716,"Funchal, Portugal: Madeira",NOT_FOUND,NO,NO_ICAO_CODE,INTERNATIONAL,UNKNOWN
11717,"Nimes, France: Nimes Garons",NOT_FOUND,NO,INTERNATIONAL,INTERNATIONAL,UNKNOWN
11718,"Pyongyang, North Korea: Pyongyang International",NOT_FOUND,NO,INTERNATIONAL,INTERNATIONAL,UNKNOWN
11719,"Fort Collins/Loveland, CO: Northern Colorado Regional",NOT_FOUND,NO,NO_ICAO_CODE,NO_MATCH,UNKNOWN
11720,"Funter Bay Alaska, AK: Funter Bay",NOT_FOUND,NO,NO_ICAO_CODE,NO_MATCH,UNKNOWN
11721,"Flint, MI: Bishop International",NOT_FOUND,NO,NO_ICAO_CODE,NO_MATCH,UNKNOWN
11723,"Fort Bragg, CA: Fort Bragg Airport",NOT_FOUND,NO,NO_ICAO_CODE,NO_MATCH,UNKNOWN
11724,"Fuzhou, China: Changle",NOT_FOUND,NO,INTERNATIONAL,INTERNATIONAL,UNKNOWN
11725,"Fort Dodge, IA: Fort Dodge Regional",NOT_FOUND,NO,NO_ICAO_CODE,NO_MATCH,UNKNOWN
11726,"Topeka, KS: Topeka Regional",NOT_FOUND,NO,NO_ICAO_CODE,NO_MATCH,UNKNOWN
11727,"Foggia, Italy: Foggia Airport",NOT_FOUND,NO,NO_ICAO_CODE,INTERNATIONAL,UNKNOWN
11728,"Westhampton, NY: Francis S. Gabreski",NOT_FOUND,NO,NO_ICAO_CODE,NO_MATCH,UNKNOWN
11730,"Fortaleza, Brazil: Pinto Martins International",NOT_FOUND,NO,INTERNATIONAL,INTERNATIONAL,UNKNOWN
11731,"Freeport, The Bahamas: Grand Bahama International",NOT_FOUND,NO,NO_ICAO_CODE,INTERNATIONAL,UNKNOWN
11732,"Fort Pierce, FL: Treasure Coast International",NOT_FOUND,NO,NO_ICAO_CODE,NO_MATCH,UNKNOWN
11733,"Perry, FL: Perry-Foley",NOT_FOUND,NO,NO_ICAO_CODE,NO_MATCH,UNKNOWN
11734,"Patching Lake, AK: Patching Lake Airport",NOT_FOUND,NO,NO_ICAO_CODE,NO_MATCH,UNKNOWN
11735,"Ventura, CA: San Nicolas Island NOLF",KSAN,YES,ASOS_AVAILABLE,DIRECT_MATCH,HIGH
11736,"Kodiak, AK: Lilly Lake",PADQ,YES,ASOS_AVAILABLE,DIRECT_MATCH,HIGH
11737,"Katmai National Park, AK: Trident Volcano",NOT_FOUND,NO,NO_ICAO_CODE,NO_MATCH,UNKNOWN
11738,"Annex Creek, AK: Annex Creek Airport",NOT_FOUND,NO,NO_ICAO_CODE,NO_MATCH,UNKNOWN
11739,"Davidson Creek, AK: Davidson Creek Airport",NOT_FOUND,NO,NO_ICAO_CODE,NO_MATCH,UNKNOWN
11740,"Snettisham, AK: Snettisham Airport",NOT_FOUND,NO,NO_ICAO_CODE,NO_MATCH,UNKNOWN
11741,"Fire Island, AK: Fire Island Airport",NOT_FOUND,NO,NO_ICAO_CODE,NO_MATCH,UNKNOWN
11742,"Scott, KY: Georgetown Scott County Regional",NOT_FOUND,NO,NO_ICAO_CODE,NO_MATCH,UNKNOWN
11743,"Greens Creek, AK: Greens Creek Airport",NOT_FOUND,NO,NO_ICAO_CODE,NO_MATCH,UNKNOWN
11744,"Gull Cove, AK: Gull Cove Airport",NOT_FOUND,NO,NO_ICAO_CODE,NO_MATCH,UNKNOWN
11745,"Flora, IL: Flora Municipal",NOT_FOUND,NO,NO_ICAO_CODE,NO_MATCH,UNKNOWN
11747,"Karta Lake, AK: Karta Lake Airport",NOT_FOUND,NO,NO_ICAO_CODE,NO_MATCH,UNKNOWN
11748,"Manzanita Lake, AK: Manzanita Lake Airport",NOT_FOUND,NO,NO_ICAO_CODE,NO_MATCH,UNKNOWN
11749,"Shrimp Bay, AK: Shrimp Bay Airport",NOT_FOUND,NO,NO_ICAO_CODE,NO_MATCH,UNKNOWN
11750,"Dry Bay, AK: Dry Bay Airport",NOT_FOUND,NO,NO_ICAO_CODE,NO_MATCH,UNKNOWN
11751,"Josephine Lake, AK: Josephine Lake Airport",NOT_FOUND,NO,NO_ICAO_CODE,NO_MATCH,UNKNOWN
11754,"Libby, MT: Libby Airport",NOT_FOUND,NO,NO_ICAO_CODE,NO_MATCH,UNKNOWN
11755,"Volcano Bay, AK: Volcano Bay Airport",NOT_FOUND,NO,NO_ICAO_CODE,NO_MATCH,UNKNOWN
11756,"Fort Glenn, AK: Fort Glenn Airport",NOT_FOUND,NO,NO_ICAO_CODE,NO_MATCH,UNKNOWN
11757,"Babe Islands, AK: Babe Islands Airport",NOT_FOUND,NO,NO_ICAO_CODE,NO_MATCH,UNKNOWN
11758,"Kahli Cove, AK: Kahli Cove Airport",NOT_FOUND,NO,NO_ICAO_CODE,NO_MATCH,UNKNOWN
11760,"Frankfurt, Germany: Frankfurt Main",NOT_FOUND,NO,INTERNATIONAL,INTERNATIONAL,UNKNOWN
11761,"Franca, Brazil: Tenente Lund Pressoto",NOT_FOUND,NO,INTERNATIONAL,INTERNATIONAL,UNKNOWN
11762,"Friday Harbor, WA: Friday Harbor Airport",NOT_FOUND,NO,NO_ICAO_CODE,NO_MATCH,UNKNOWN
11763,"Frankfurt, Germany: Rhein Main AFB",NOT_FOUND,NO,INTERNATIONAL,INTERNATIONAL,UNKNOWN
11764,"East Farmingdale, NY: Republic",NOT_FOUND,NO,NO_ICAO_CODE,NO_MATCH,UNKNOWN
11765,"Forli, Italy: Forli Airport",NOT_FOUND,NO,NO_ICAO_CODE,INTERNATIONAL,UNKNOWN
11766,"Fairmont, MN: Fairmont Municipal",NOT_FOUND,NO,NO_ICAO_CODE,NO_MATCH,UNKNOWN
11767,"Floro, Norway: Floro Airport",NOT_FOUND,NO,NO_ICAO_CODE,INTERNATIONAL,UNKNOWN
11768,"Fresh Water Bay, AK: Fresh Water Bay Airport",NOT_FOUND,NO,NO_ICAO_CODE,NO_MATCH,UNKNOWN
11769,"Front Royal, VA: Front Royal-Warren County",NOT_FOUND,NO,NO_ICAO_CODE,NO_MATCH,UNKNOWN
11770,"Flores, Guatemala: Flores Airport",NOT_FOUND,NO,NO_ICAO_CODE,INTERNATIONAL,UNKNOWN
11771,"Bishkek, Kyrgyzstan: Manas",NOT_FOUND,NO,NO_ICAO_CODE,INTERNATIONAL,UNKNOWN
11772,"Francistown, Botswana: P G Matante International",NOT_FOUND,NO,NO_ICAO_CODE,INTERNATIONAL,UNKNOWN
11773,"Fryeburg, ME: Eastern Slopes Regional",NOT_FOUND,NO,NO_ICAO_CODE,NO_MATCH,UNKNOWN
11774,"Figari, France: Figari Sud Corse",NOT_FOUND,NO,INTERNATIONAL,INTERNATIONAL,UNKNOWN
11775,"Sioux Falls, SD: Joe Foss Field",KFSD,YES,ASOS_AVAILABLE,DIRECT_MATCH,HIGH
11776,"Fort Sill, OK: Henry Post AAF",NOT_FOUND,NO,NO_ICAO_CODE,NO_MATCH,UNKNOWN
11777,"Fort Scott, KS: Fort Scott Municipal",NOT_FOUND,NO,NO_ICAO_CODE,NO_MATCH,UNKNOWN
11778,"Fort Smith, AR: Fort Smith Regional",NOT_FOUND,NO,NO_ICAO_CODE,NO_MATCH,UNKNOWN
11779,"St. Pierre, Saint Pierre and Miquelon: Saint Pierre",NOT_FOUND,NO,NO_ICAO_CODE,NO_STATE_CODE,UNKNOWN
11780,"Ft. Stockton, TX: Fort Stockton Pecos County",NOT_FOUND,NO,NO_ICAO_CODE,NO_MATCH,UNKNOWN
11781,"Shizuoka, Japan: Shizuoka Airport",NOT_FOUND,NO,INTERNATIONAL,INTERNATIONAL,UNKNOWN
11782,"Fort Collins, CO: Fort Collins Airpark",NOT_FOUND,NO,NO_ICAO_CODE,NO_MATCH,UNKNOWN
11783,"El Calafate, Argentina: El Calafate Airport",NOT_FOUND,NO,NO_ICAO_CODE,INTERNATIONAL,UNKNOWN
11784,"Denver, CO: Colorado Air and Space Port",KDEN,YES,ASOS_AVAILABLE,DIRECT_MATCH,HIGH
11785,"Fort Knox, KY: Godman AAF",NOT_FOUND,NO,NO_ICAO_CODE,NO_MATCH,UNKNOWN
11786,"Fortuna Ledge, AK: Fortuna Ledge Airport",NOT_FOUND,NO,NO_ICAO_CODE,NO_MATCH,UNKNOWN
11787,"Fort Dauphin, Madagascar: Marillac",NOT_FOUND,NO,NO_ICAO_CODE,INTERNATIONAL,UNKNOWN
11788,"Masvingo, Zimbabwe: Masvingo International",NOT_FOUND,NO,NO_ICAO_CODE,INTERNATIONAL,UNKNOWN
11789,"Dallas/Fort Worth, TX: Fort Worth Meacham International",KDFW,YES,ASOS_AVAILABLE,DIRECT_MATCH,HIGH
11790,"Atlanta, GA: Fulton County Exec Charlie Brown Field",KATL,YES,ASOS_AVAILABLE,DIRECT_MATCH,HIGH
11791,"Fuerteventura, Spain: Fuerteventura Airport",NOT_FOUND,NO,INTERNATIONAL,INTERNATIONAL,UNKNOWN
11792,"Fukue, Japan: Fukue Airport",NOT_FOUND,NO,INTERNATIONAL,INTERNATIONAL,UNKNOWN
11793,"Fukuoka, Japan: Fukuoka Airport",NOT_FOUND,NO,INTERNATIONAL,INTERNATIONAL,UNKNOWN
11794,"Fullerton, CA: Fullerton Municipal",NOT_FOUND,NO,NO_ICAO_CODE,NO_MATCH,UNKNOWN
11795,"Funafuti, Tuvalu: Funafuti International",NOT_FOUND,NO,NO_ICAO_CODE,NO_STATE_CODE,UNKNOWN
11796,"Futuna Island, Wallis and Futuna: Futuna Pointe Vele",NOT_FOUND,NO,NO_ICAO_CODE,NO_STATE_CODE,UNKNOWN
11797,"Osprey Lodge, AK: Osprey Lodge Airport",NOT_FOUND,NO,PRIVATE/SPECIAL_USE,NO_MATCH,UNKNOWN
11798,"Baledogle, Somalia: Baledogle Airport",NOT_FOUND,NO,NO_ICAO_CODE,INTERNATIONAL,UNKNOWN
11799,"Baikonour, Kazakhstan: Baikonour Airport",NOT_FOUND,NO,NO_ICAO_CODE,INTERNATIONAL,UNKNOWN
11800,"Sonora, TX: Sonora Municipal",NOT_FOUND,NO,NO_ICAO_CODE,NO_MATCH,UNKNOWN
11801,"Fallbrook, CA: Fallbrook Community Airpark",NOT_FOUND,NO,NO_ICAO_CODE,NO_MATCH,UNKNOWN
11802,"Dadaab, Kenya: Hagadera",NOT_FOUND,NO,NO_ICAO_CODE,INTERNATIONAL,UNKNOWN
11803,"Wickenburg, AZ: Wickenburg Municipal",NOT_FOUND,NO,NO_ICAO_CODE,NO_MATCH,UNKNOWN
11804,"Othello, WA: Othello Municipal",NOT_FOUND,NO,NO_ICAO_CODE,NO_MATCH,UNKNOWN
11805,"Lake Providence, LA: Byerley",KPVD,YES,ASOS_AVAILABLE,DIRECT_MATCH,HIGH
11806,"Amberley, Australia: Amberley Airport",NOT_FOUND,NO,INTERNATIONAL,INTERNATIONAL,UNKNOWN
11810,"Culbertson, MT: Big Sky Field",NOT_FOUND,NO,NO_ICAO_CODE,NO_MATCH,UNKNOWN
11811,"Aurora, OR: Aurora State",NOT_FOUND,NO,NO_ICAO_CODE,NO_MATCH,UNKNOWN
11812,"Quincy, CA: Gansner Field",NOT_FOUND,NO,NO_ICAO_CODE,NO_MATCH,UNKNOWN
11813,"Donlin Creek Mine, AK: Donlin Creek Mine Airport",NOT_FOUND,NO,PRIVATE/SPECIAL_USE,NO_MATCH,UNKNOWN
11814,"Three Forks, MT: Three Forks Airport",NOT_FOUND,NO,NO_ICAO_CODE,NO_MATCH,UNKNOWN
11815,"Rexburg, ID: Rexburg-Madison County",KMSN,YES,ASOS_AVAILABLE,DIRECT_MATCH,HIGH
11816,"Latacunga, Ecuador: Latacunga Airport",NOT_FOUND,NO,NO_ICAO_CODE,INTERNATIONAL,UNKNOWN
11817,"Las Palmas, Peru: Las Palmas AB",NOT_FOUND,NO,NO_ICAO_CODE,INTERNATIONAL,UNKNOWN
11818,"Kernville, CA: Kern Valley",NOT_FOUND,NO,NO_ICAO_CODE,NO_MATCH,UNKNOWN
11819,"Golden Creek Mine, AK: Golden Creek Mine Airport",NOT_FOUND,NO,PRIVATE/SPECIAL_USE,NO_MATCH,UNKNOWN
11820,"Grace Harbor, AK: Grace Harbor Airport",NOT_FOUND,NO,NO_ICAO_CODE,NO_MATCH,UNKNOWN
11821,"Unuk River, AK: Unuk River Airport",NOT_FOUND,NO,NO_ICAO_CODE,NO_MATCH,UNKNOWN
11822,"Deadhorse, AK: Inigok",PASC,YES,ASOS_AVAILABLE,DIRECT_MATCH,HIGH
11823,"Fort Wayne, IN: Fort Wayne International",NOT_FOUND,NO,NO_ICAO_CODE,NO_MATCH,UNKNOWN
11824,"Fort Worth, TX: Fort Worth NAS JRB/Carswell Field",KDFW,YES,ASOS_AVAILABLE,DIRECT_MATCH,HIGH
11825,"Farewell, AK: Farewell Airport",NOT_FOUND,NO,NO_ICAO_CODE,NO_MATCH,UNKNOWN
11826,"Fort Worth, TX: Fort Worth Spinks",KDFW,YES,ASOS_AVAILABLE,DIRECT_MATCH,HIGH
11827,"Fort Lauderdale, FL: Fort Lauderdale Executive",KFLL,YES,ASOS_AVAILABLE,DIRECT_MATCH,HIGH
11828,"Kaktovik, AK: Bullen Point AFS",NOT_FOUND,NO,NO_ICAO_CODE,NO_MATCH,UNKNOWN
11829,"Nova Freixo, Mozambique: Nova Freixo Airport",NOT_FOUND,NO,NO_ICAO_CODE,INTERNATIONAL,UNKNOWN
11830,"Clinton, IN: Frankfort Clinton County Regional",NOT_FOUND,NO,NO_ICAO_CODE,NO_MATCH,UNKNOWN
11831,"Forest City, IA: Forest City Municipal Trimble Field",NOT_FOUND,NO,NO_ICAO_CODE,NO_MATCH,UNKNOWN
11832,"Faya-Largeau, Chad: Faya-Largeau Airport",NOT_FOUND,NO,NO_ICAO_CODE,INTERNATIONAL,UNKNOWN
11833,"Fort Yukon, AK: Fort Yukon Airport",NOT_FOUND,NO,NO_ICAO_CODE,NO_MATCH,UNKNOWN
11834,"Fayetteville, AR: Drake Field",NOT_FOUND,NO,NO_ICAO_CODE,NO_MATCH,UNKNOWN
11835,"Filton, United Kingdom: Bristol Filton",NOT_FOUND,NO,INTERNATIONAL,INTERNATIONAL,UNKNOWN
11836,"Lafayette, GA: Barwick Lafayette",KLFT,YES,ASOS_AVAILABLE,DIRECT_MATCH,HIGH
11837,"Carrollton, GA: West Georgia Regional - O V Gray Field",NOT_FOUND,NO,NO_ICAO_CODE,INTERNATIONAL,UNKNOWN
11838,"Atlanta, GA: Newnan Coweta County",KATL,YES,ASOS_AVAILABLE,DIRECT_MATCH,HIGH
11839,"Gracias, Honduras: Gracias Airport",NOT_FOUND,NO,NO_ICAO_CODE,INTERNATIONAL,UNKNOWN
11840,"Gadsden, AL: Northeast Alabama Regional",NOT_FOUND,NO,NO_ICAO_CODE,NO_MATCH,UNKNOWN
11841,"Gabes, Tunisia: Matmata Northeast",NOT_FOUND,NO,NO_ICAO_CODE,INTERNATIONAL,UNKNOWN
11842,"Gaithersburg, MD: Montgomery County Airpark",KMGM,YES,ASOS_AVAILABLE,DIRECT_MATCH,HIGH
11843,"Yamagata, Japan: Yamagata Airport",NOT_FOUND,NO,INTERNATIONAL,INTERNATIONAL,UNKNOWN
11844,"Galena, AK: Edward G. Pitka Sr.",NOT_FOUND,NO,NO_ICAO_CODE,NO_MATCH,UNKNOWN
11845,"Gambell, AK: Gambell Airport",NOT_FOUND,NO,NO_ICAO_CODE,NO_MATCH,UNKNOWN
11846,"Gan Island, Maldives: Gan Island Airport",NOT_FOUND,NO,NO_ICAO_CODE,INTERNATIONAL,UNKNOWN
11847,"Guantanamo, Cuba: Los Canos",NOT_FOUND,NO,NO_ICAO_CODE,NO_STATE_CODE,UNKNOWN
11848,"Gao, Mali: Gao Airport",NOT_FOUND,NO,NO_ICAO_CODE,INTERNATIONAL,UNKNOWN
11849,"Garaina, Papua New Guinea: Garaina Airport",NOT_FOUND,NO,NO_ICAO_CODE,INTERNATIONAL,UNKNOWN
11850,"Gap, France: Gap Tallard",NOT_FOUND,NO,INTERNATIONAL,INTERNATIONAL,UNKNOWN
11851,"Guwahati, India: Lokpriya Gopinath Bordoloi International",NOT_FOUND,NO,INTERNATIONAL,INTERNATIONAL,UNKNOWN
11852,"Gangaw, Burma: Gangaw Airport",NOT_FOUND,NO,NO_ICAO_CODE,INTERNATIONAL,UNKNOWN
11853,"Gaya, India: Gaya Airport",NOT_FOUND,NO,INTERNATIONAL,INTERNATIONAL,UNKNOWN
11854,"Suffolk, United Kingdom: Wattisham",NOT_FOUND,NO,INTERNATIONAL,INTERNATIONAL,UNKNOWN
11855,"Goose Bay, AK: Goose Bay AAF",NOT_FOUND,NO,NO_ICAO_CODE,NO_MATCH,UNKNOWN
11856,"Great Bend, KS: Great Bend Municipal",KBND,YES,ASOS_AVAILABLE,DIRECT_MATCH,HIGH
11857,"Gaborone, Botswana: Sir Seretse Khama International",NOT_FOUND,NO,NO_ICAO_CODE,INTERNATIONAL,UNKNOWN
11858,"Galesburg, IL: Harrel W Timmons Galesburg Regional",NOT_FOUND,NO,NO_ICAO_CODE,NO_MATCH,UNKNOWN
11859,"Galbraith Lake, AK: Galbraith Lake Airport",NOT_FOUND,NO,NO_ICAO_CODE,NO_MATCH,UNKNOWN
11860,"Marie Galante, Guadeloupe: Marie Galante Airport",NOT_FOUND,NO,NO_ICAO_CODE,NO_STATE_CODE,UNKNOWN
11861,"Gbangbatok, Sierra Leone: Gbangbatok Airport",NOT_FOUND,NO,NO_ICAO_CODE,INTERNATIONAL,UNKNOWN
11862,"Great Barrington, MA: Walter J. Koladza",NOT_FOUND,NO,NO_ICAO_CODE,NO_MATCH,UNKNOWN
11863,"Khashm El Girba, Sudan: Khashm El Girba Airport",NOT_FOUND,NO,NO_ICAO_CODE,INTERNATIONAL,UNKNOWN
11864,"Guacamayas, Colombia: Guacamayas Airport",NOT_FOUND,NO,NO_ICAO_CODE,INTERNATIONAL,UNKNOWN
11865,"Gillette, WY: Northeast Wyoming Regional",NOT_FOUND,NO,NO_ICAO_CODE,NO_MATCH,UNKNOWN
11866,"Guernsey, United Kingdom: Guernsey Airport",NOT_FOUND,NO,INTERNATIONAL,INTERNATIONAL,UNKNOWN
11867,"Garden City, KS: Garden City Regional",NOT_FOUND,NO,NO_ICAO_CODE,NO_MATCH,UNKNOWN
11868,"Grand Cayman, Cayman Islands: Owen Roberts International",NOT_FOUND,NO,NO_ICAO_CODE,NO_STATE_CODE,UNKNOWN
11869,"Grand Canyon, AZ: Grand Canyon National Park",NOT_FOUND,NO,NO_ICAO_CODE,NO_MATCH,UNKNOWN
11870,"Greeneville, TN: Municipal",NOT_FOUND,NO,NO_ICAO_CODE,NO_MATCH,UNKNOWN
11871,"Greenville, SC: Donaldson Field",KGSP,YES,ASOS_AVAILABLE,DIRECT_MATCH,HIGH
11872,"Gode, Ethiopia: Gode Airport",NOT_FOUND,NO,NO_ICAO_CODE,INTERNATIONAL,UNKNOWN
11873,"Golden Horn Lodge, AK: Golden Horn Lodge Seaplane Base",NOT_FOUND,NO,PRIVATE/SPECIAL_USE,NO_MATCH,UNKNOWN
11874,"Guadalajara, Mexico: Guadalajara International",NOT_FOUND,NO,INTERNATIONAL,INTERNATIONAL,UNKNOWN
11875,"Gardner, MA: Gardner Municipal",NOT_FOUND,NO,NO_ICAO_CODE,NO_MATCH,UNKNOWN
11876,"Gdansk, Poland: Gdansk Lech Walesa",NOT_FOUND,NO,NO_ICAO_CODE,INTERNATIONAL,UNKNOWN
11877,"Gondar, Ethiopia: Gonder Atse Tewodros",NOT_FOUND,NO,NO_ICAO_CODE,INTERNATIONAL,UNKNOWN
11878,"Grand Turk, Turks and Caicos Islands: JAGS McCartney International",NOT_FOUND,NO,NO_ICAO_CODE,NO_STATE_CODE,UNKNOWN
11879,"Glendive, MT: Dawson Community",NOT_FOUND,NO,NO_ICAO_CODE,NO_MATCH,UNKNOWN
11880,"Gladwin, MI: Gladwin Zettel Memorial",NOT_FOUND,NO,NO_ICAO_CODE,NO_MATCH,UNKNOWN
11881,"Magadan, Russia: Sokol",NOT_FOUND,NO,INTERNATIONAL,INTERNATIONAL,UNKNOWN
11882,"Noumea, New Caledonia: Noumea Magenta",NOT_FOUND,NO,NO_ICAO_CODE,NO_STATE_CODE,UNKNOWN
11883,"Georgetown, DE: Delaware Coastal",NOT_FOUND,NO,NO_ICAO_CODE,NO_MATCH,UNKNOWN
11884,GEG,KGEG,YES,ASOS_AVAILABLE,DIRECT_MATCH,HIGH
11885,"Ganes Creek, AK: Ganes Creek Airport",NOT_FOUND,NO,NO_ICAO_CODE,NO_MATCH,UNKNOWN
11886,"Santo Angelo, Brazil: Santo Angelo Airport",NOT_FOUND,NO,INTERNATIONAL,INTERNATIONAL,UNKNOWN
11887,"Oslo, Norway: Gardermoen",NOT_FOUND,NO,NO_ICAO_CODE,INTERNATIONAL,UNKNOWN
11888,"Georgetown, Guyana: Cheddi Jagan International",NOT_FOUND,NO,NO_ICAO_CODE,INTERNATIONAL,UNKNOWN
11889,"Nueva Gerona, Cuba: Rafael Cabrera",NOT_FOUND,NO,NO_ICAO_CODE,NO_STATE_CODE,UNKNOWN
11890,"General Santos, Philippines: General Santos Airport",NOT_FOUND,NO,NO_ICAO_CODE,INTERNATIONAL,UNKNOWN
11891,"Geraldton, Australia: Geraldton Airport",NOT_FOUND,NO,INTERNATIONAL,INTERNATIONAL,UNKNOWN
11892,"Gallivare, Sweden: Gallivare Airport",NOT_FOUND,NO,NO_ICAO_CODE,INTERNATIONAL,UNKNOWN
11893,"Greybull, WY: South Big Horn County",NOT_FOUND,NO,NO_ICAO_CODE,NO_MATCH,UNKNOWN
11894,"Shelbyville, IN: Shelbyville Municipal",NOT_FOUND,NO,NO_ICAO_CODE,NO_MATCH,UNKNOWN
11895,"Great Falls, MT: Malmstrom AFB Heliport",KGTF,YES,ASOS_AVAILABLE,DIRECT_MATCH,HIGH
11896,"Togiak Fish, AK: Togiak Fish Airport",NOT_FOUND,NO,NO_ICAO_CODE,NO_MATCH,UNKNOWN
11897,"Griffith, Australia: Griffith Airport",NOT_FOUND,NO,INTERNATIONAL,INTERNATIONAL,UNKNOWN
11898,"Grand Forks, ND: Grand Forks International",NOT_FOUND,NO,NO_ICAO_CODE,NO_MATCH,UNKNOWN
11899,"Glens Falls, NY: Floyd Bennett Memorial",NOT_FOUND,NO,NO_ICAO_CODE,NO_MATCH,UNKNOWN
11900,"Grafton, Australia: Grafton Airport",NOT_FOUND,NO,INTERNATIONAL,INTERNATIONAL,UNKNOWN
11901,"Bartica, Guyana: Bartica Airport",NOT_FOUND,NO,NO_ICAO_CODE,INTERNATIONAL,UNKNOWN
11902,"Granville, France: Granville Mont Saint Michel",NOT_FOUND,NO,INTERNATIONAL,INTERNATIONAL,UNKNOWN
11903,"Grootfontein, Namibia: Grootfontein Airport",NOT_FOUND,NO,NO_ICAO_CODE,INTERNATIONAL,UNKNOWN
11904,"Georgetown, SC: Georgetown County",NOT_FOUND,NO,NO_ICAO_CODE,NO_MATCH,UNKNOWN
11905,"Longview, TX: East Texas Regional",NOT_FOUND,NO,NO_ICAO_CODE,NO_MATCH,UNKNOWN
11906,"Gagnoa, Cote d'Ivoire: Gagnoa Airport",NOT_FOUND,NO,NO_ICAO_CODE,NO_STATE_CODE,UNKNOWN
11907,"Moss Town, The Bahamas: Exuma International",NOT_FOUND,NO,NO_ICAO_CODE,INTERNATIONAL,UNKNOWN
11908,"Glasgow, MT: Wokal Field Glasgow Valley County",NOT_FOUND,NO,NO_ICAO_CODE,NO_MATCH,UNKNOWN
11909,"Ghardaia, Algeria: Noumerat Moufdi Zakaria",NOT_FOUND,NO,NO_ICAO_CODE,INTERNATIONAL,UNKNOWN
11910,"Governors Harbour, The Bahamas: Governors Harbour Airport",NOT_FOUND,NO,NO_ICAO_CODE,INTERNATIONAL,UNKNOWN
11911,"Great Harbour Cay, The Bahamas: Great Harbour Cay Airport",NOT_FOUND,NO,NO_ICAO_CODE,INTERNATIONAL,UNKNOWN
11912,"Ghat, Libya: Ghat Airport",NOT_FOUND,NO,NO_ICAO_CODE,NO_STATE_CODE,UNKNOWN
11913,"Gualeguaychu, Argentina: Gualeguaychu Airport",NOT_FOUND,NO,NO_ICAO_CODE,INTERNATIONAL,UNKNOWN
11914,"Gibraltar, Gibraltar: Gibraltar Airport",NOT_FOUND,NO,NO_ICAO_CODE,NO_STATE_CODE,UNKNOWN
11915,"Rio de Janeiro, Brazil: Galeao Antonio Carlos Jobim International",NOT_FOUND,NO,INTERNATIONAL,INTERNATIONAL,UNKNOWN
11916,"Gilgit, Pakistan: Gilgit Airport",NOT_FOUND,NO,NO_ICAO_CODE,INTERNATIONAL,UNKNOWN
11917,"Gisborne, New Zealand: Gisborne Airport",NOT_FOUND,NO,NO_ICAO_CODE,INTERNATIONAL,UNKNOWN
11918,"Gizan, Saudi Arabia: Gizan Saudia Arabia",NOT_FOUND,NO,NO_ICAO_CODE,INTERNATIONAL,UNKNOWN
11919,"Guanaja Island, Honduras: Guanaja",NOT_FOUND,NO,NO_ICAO_CODE,INTERNATIONAL,UNKNOWN
11920,"Guajara-Mirim, Brazil: Guajara Mirim",NOT_FOUND,NO,INTERNATIONAL,INTERNATIONAL,UNKNOWN
11921,"Grand Junction, CO: Grand Junction Regional",NOT_FOUND,NO,NO_ICAO_CODE,NO_MATCH,UNKNOWN
11922,"Goroka, Papua New Guinea: Goroka Airport",NOT_FOUND,NO,NO_ICAO_CODE,INTERNATIONAL,UNKNOWN
11923,"Great Keppel Island, Australia: Bonnie Doon",NOT_FOUND,NO,INTERNATIONAL,INTERNATIONAL,UNKNOWN
11924,"Gulkana, AK: Gulkana Airport",NOT_FOUND,NO,NO_ICAO_CODE,NO_MATCH,UNKNOWN
11926,"Station Nord, Greenland: Station Nord Airport",NOT_FOUND,NO,NO_ICAO_CODE,INTERNATIONAL,UNKNOWN
11927,"Hyde Fjord, Greenland: Hyde Fjord Ice Strip",NOT_FOUND,NO,PRIVATE/SPECIAL_USE,INTERNATIONAL,UNKNOWN
11928,"Glasgow, United Kingdom: Glasgow Airport",NOT_FOUND,NO,INTERNATIONAL,INTERNATIONAL,UNKNOWN
11929,"Goodland, KS: Renner Field Goodland Municipal",NOT_FOUND,NO,NO_ICAO_CODE,NO_MATCH,UNKNOWN
11930,"Golfito, Costa Rica: Golfito Airport",NOT_FOUND,NO,NO_ICAO_CODE,INTERNATIONAL,UNKNOWN
11931,"Greenville, MS: Greenville Mid Delta",KGSP,YES,ASOS_AVAILABLE,DIRECT_MATCH,HIGH
11932,"Glen Innes, Australia: Glen Innes Airport",NOT_FOUND,NO,INTERNATIONAL,INTERNATIONAL,UNKNOWN
11933,"Galcaio, Somalia: Galkaio",NOT_FOUND,NO,NO_ICAO_CODE,INTERNATIONAL,UNKNOWN
11934,"Glenormiston, Australia: Glenormiston Airport",NOT_FOUND,NO,INTERNATIONAL,INTERNATIONAL,UNKNOWN
11935,"Goulimime, Morocco: Goulimime Airport",NOT_FOUND,NO,NO_ICAO_CODE,INTERNATIONAL,UNKNOWN
11936,"Gloucester/Cheltenham, United Kingdom: Gloucestershire",NOT_FOUND,NO,INTERNATIONAL,INTERNATIONAL,UNKNOWN
11937,"Glennallen, AK: Glennallen Airport",NOT_FOUND,NO,NO_ICAO_CODE,NO_MATCH,UNKNOWN
11938,"Gaylord, MI: Gaylord Regional",NOT_FOUND,NO,NO_ICAO_CODE,NO_MATCH,UNKNOWN
11939,"Galveston, TX: Scholes International at Galveston",NOT_FOUND,NO,NO_ICAO_CODE,NO_MATCH,UNKNOWN
11940,"Gladstone, Australia: Gladstone Airport",NOT_FOUND,NO,INTERNATIONAL,INTERNATIONAL,UNKNOWN
11941,"Golovin, AK: Golovin Airport",NOT_FOUND,NO,NO_ICAO_CODE,NO_MATCH,UNKNOWN
11942,"Glasgow, KY: Glasgow Municipal",NOT_FOUND,NO,NO_ICAO_CODE,NO_MATCH,UNKNOWN
11943,"Gemena, Congo (Kinshasa): Gemena Airport",NOT_FOUND,NO,NO_ICAO_CODE,INTERNATIONAL,UNKNOWN
11944,"Guerima, Colombia: Guerima Airport",NOT_FOUND,NO,NO_ICAO_CODE,INTERNATIONAL,UNKNOWN
11945,"Seoul, South Korea: Gimpo International",NOT_FOUND,NO,INTERNATIONAL,INTERNATIONAL,UNKNOWN
11946,"Granite Mountain, AK: Granite Mountain AS",NOT_FOUND,NO,NO_ICAO_CODE,NO_MATCH,UNKNOWN
11947,"Greenville, SC: Greenville Downtown",KGSP,YES,ASOS_AVAILABLE,DIRECT_MATCH,HIGH
11948,"Hrodna, Belarus: Hrodna Airport",NOT_FOUND,NO,NO_ICAO_CODE,INTERNATIONAL,UNKNOWN
11949,"Grenoble, France: Grenoble Alpes Isere",NOT_FOUND,NO,INTERNATIONAL,INTERNATIONAL,UNKNOWN
11950,"Grenada, Grenada: Maurice Bishop International",NOT_FOUND,NO,NO_ICAO_CODE,INTERNATIONAL,UNKNOWN
11951,"General Roca, Argentina: General Roca Airport",NOT_FOUND,NO,NO_ICAO_CODE,INTERNATIONAL,UNKNOWN
11952,"Goodnews Bay, AK: Goodnews",NOT_FOUND,NO,NO_ICAO_CODE,NO_MATCH,UNKNOWN
11953,"Gainesville, FL: Gainesville Regional",NOT_FOUND,NO,NO_ICAO_CODE,NO_MATCH,UNKNOWN
11954,"Genoa, Italy: Genova/Sestri",NOT_FOUND,NO,NO_ICAO_CODE,INTERNATIONAL,UNKNOWN
11955,"Goba, Ethiopia: Goba Airport",NOT_FOUND,NO,NO_ICAO_CODE,INTERNATIONAL,UNKNOWN
11956,"Nuuk, Greenland: Nuuk Airport",NOT_FOUND,NO,NO_ICAO_CODE,INTERNATIONAL,UNKNOWN
11957,"Goa, India: Goa Airport",NOT_FOUND,NO,INTERNATIONAL,INTERNATIONAL,UNKNOWN
11958,"Nizhniy Novgorod, Russia: Strigino",NOT_FOUND,NO,INTERNATIONAL,INTERNATIONAL,UNKNOWN
11959,"Gold Beach, OR: Gold Beach Municipal",NOT_FOUND,NO,NO_ICAO_CODE,NO_MATCH,UNKNOWN
11960,"Goma, Congo (Kinshasa): Goma Airport",NOT_FOUND,NO,NO_ICAO_CODE,INTERNATIONAL,UNKNOWN
11961,"New London/Groton, CT: Groton-New London",NOT_FOUND,NO,NO_ICAO_CODE,NO_MATCH,UNKNOWN
11962,"Goondiwindi, Australia: Goondiwindi Airport",NOT_FOUND,NO,INTERNATIONAL,INTERNATIONAL,UNKNOWN
11963,"Gorakhpur, India: Gorakhpur Airport",NOT_FOUND,NO,INTERNATIONAL,INTERNATIONAL,UNKNOWN
11964,"Gore, Ethiopia: Gore Airport",NOT_FOUND,NO,NO_ICAO_CODE,INTERNATIONAL,UNKNOWN
11965,"Gosford, Australia: Gosford Airport",NOT_FOUND,NO,INTERNATIONAL,INTERNATIONAL,UNKNOWN
11966,"Gothenburg, Sweden: Landvetter",NOT_FOUND,NO,NO_ICAO_CODE,INTERNATIONAL,UNKNOWN
11967,"Garoua, Cameroon: Garoua Airport",NOT_FOUND,NO,NO_ICAO_CODE,INTERNATIONAL,UNKNOWN
11968,"Gove, Australia: Gove Airport",NOT_FOUND,NO,INTERNATIONAL,INTERNATIONAL,UNKNOWN
11969,"Gorna Oryahovitsa, Bulgaria: Gorna Oryahovitsa Airport",NOT_FOUND,NO,NO_ICAO_CODE,INTERNATIONAL,UNKNOWN
11970,"Guapi, Colombia: Guapi Airport",NOT_FOUND,NO,NO_ICAO_CODE,INTERNATIONAL,UNKNOWN
11971,"Grand Prairie, TX: Grand Prairie Municipal",NOT_FOUND,NO,NO_ICAO_CODE,NO_MATCH,UNKNOWN
11972,"Galapagos Islands, Ecuador: Baltra",NOT_FOUND,NO,NO_ICAO_CODE,INTERNATIONAL,UNKNOWN
11973,"Gulfport/Biloxi, MS: Gulfport-Biloxi International",KGPT,YES,ASOS_AVAILABLE,DIRECT_MATCH,HIGH
11974,"Grand Rapids, MN: Grand Rapids/Itasca County-Gordon Newstrom Field",KGRR,YES,ASOS_AVAILABLE,DIRECT_MATCH,HIGH
11975,"Galion, OH: Horning",NOT_FOUND,NO,NO_ICAO_CODE,NO_MATCH,UNKNOWN
11976,"Gamarra, Colombia: Germania",NOT_FOUND,NO,NO_ICAO_CODE,INTERNATIONAL,UNKNOWN
11977,"Green Bay, WI: Green Bay Austin Straubel International",KAUS,YES,ASOS_AVAILABLE,DIRECT_MATCH,HIGH
11978,"Greenwood, SC: Greenwood County",NOT_FOUND,NO,NO_ICAO_CODE,NO_MATCH,UNKNOWN
11979,"Tacoma, WA: Gray AAF",KSEA,YES,ASOS_AVAILABLE,DIRECT_MATCH,HIGH
11980,"Grand Island, NE: Central Nebraska Regional",NOT_FOUND,NO,NO_ICAO_CODE,NO_MATCH,UNKNOWN
11981,"George, South Africa: George Airport",NOT_FOUND,NO,NO_ICAO_CODE,INTERNATIONAL,UNKNOWN
11982,"Killeen, TX: Robert Gray AAF",NOT_FOUND,NO,NO_ICAO_CODE,NO_MATCH,UNKNOWN
11983,"Gerona, Spain: Gerona Costa Brava",NOT_FOUND,NO,INTERNATIONAL,INTERNATIONAL,UNKNOWN
11984,"Gurupi, Brazil: Gurupi Airport",NOT_FOUND,NO,INTERNATIONAL,INTERNATIONAL,UNKNOWN
11985,"Groningen, Netherlands: Eelde",NOT_FOUND,NO,NO_ICAO_CODE,INTERNATIONAL,UNKNOWN
11986,"Grand Rapids, MI: Gerald R. Ford International",KGRR,YES,ASOS_AVAILABLE,DIRECT_MATCH,HIGH
11987,"Grosseto, Italy: Grosseto Airport",NOT_FOUND,NO,NO_ICAO_CODE,INTERNATIONAL,UNKNOWN
11988,"Sao Paulo, Brazil: Guarulhos Gov Andre Franco Montoro",NOT_FOUND,NO,INTERNATIONAL,INTERNATIONAL,UNKNOWN
11989,"Graciosa Island, Portugal: Graciosa Island Airport",NOT_FOUND,NO,NO_ICAO_CODE,INTERNATIONAL,UNKNOWN
11990,"Granada, Spain: Granada Airport",NOT_FOUND,NO,INTERNATIONAL,INTERNATIONAL,UNKNOWN
11991,"Graz, Austria: Graz Airport",NOT_FOUND,NO,NO_ICAO_CODE,INTERNATIONAL,UNKNOWN
11992,"Goldsboro, NC: Seymour Johnson AFB",NOT_FOUND,NO,NO_ICAO_CODE,NO_MATCH,UNKNOWN
11993,"Gothenburg, Sweden: Gothenburg City",NOT_FOUND,NO,NO_ICAO_CODE,INTERNATIONAL,UNKNOWN
11994,"Goshen, IN: Goshen Municipal",NOT_FOUND,NO,NO_ICAO_CODE,NO_MATCH,UNKNOWN
11995,"Greensboro/High Point, NC: Piedmont Triad International",KGSO,YES,ASOS_AVAILABLE,DIRECT_MATCH,HIGH
11996,"Greer, SC: Greenville-Spartanburg International",KGSP,YES,ASOS_AVAILABLE,DIRECT_MATCH,HIGH
11997,"Gustavus, AK: Gustavus Airport",NOT_FOUND,NO,NO_ICAO_CODE,NO_MATCH,UNKNOWN
11999,"Dallas/Fort Worth, TX: Greater Southwest International",KDFW,YES,ASOS_AVAILABLE,DIRECT_MATCH,HIGH
12000,"San Jose, Guatemala: San Jose Airport",NOT_FOUND,NO,NO_ICAO_CODE,INTERNATIONAL,UNKNOWN
12001,"Genting, Malaysia: Genting Airport",NOT_FOUND,NO,NO_ICAO_CODE,INTERNATIONAL,UNKNOWN
12002,"Groote Island, Australia: Groote Eylandt",NOT_FOUND,NO,INTERNATIONAL,INTERNATIONAL,UNKNOWN
12003,"Great Falls, MT: Great Falls International",KGTF,YES,ASOS_AVAILABLE,DIRECT_MATCH,HIGH
12004,"Sungei Tekai, Malaysia: Sungei Tekai Airport",NOT_FOUND,NO,NO_ICAO_CODE,INTERNATIONAL,UNKNOWN
12005,"Mount Cook, New Zealand: Glentanner",NOT_FOUND,NO,NO_ICAO_CODE,INTERNATIONAL,UNKNOWN
12006,"Gorontalo, Indonesia: Djalaluddin",NOT_FOUND,NO,NO_ICAO_CODE,INTERNATIONAL,UNKNOWN
12007,"Columbus, MS: Golden Triangle Regional",KCMH,YES,ASOS_AVAILABLE,DIRECT_MATCH,HIGH
12008,"Georgetown, TX: Georgetown Exec",NOT_FOUND,NO,NO_ICAO_CODE,NO_MATCH,UNKNOWN
12009,"Zlin, Czech Republic: Holesov",NOT_FOUND,NO,NO_ICAO_CODE,INTERNATIONAL,UNKNOWN
12010,"Guatemala City, Guatemala: La Aurora International",NOT_FOUND,NO,NO_ICAO_CODE,INTERNATIONAL,UNKNOWN
12011,"Guerrero Negro, Mexico: Guerrero Negro Airport",NOT_FOUND,NO,INTERNATIONAL,INTERNATIONAL,UNKNOWN
12012,"Gunnison, CO: Gunnison-Crested Butte Regional",NOT_FOUND,NO,NO_ICAO_CODE,NO_MATCH,UNKNOWN
12013,"Goundam, Mali: Goundam Airport",NOT_FOUND,NO,NO_ICAO_CODE,INTERNATIONAL,UNKNOWN
12014,"Gunnedah, Australia: Gunnedah Airport",NOT_FOUND,NO,INTERNATIONAL,INTERNATIONAL,UNKNOWN
12015,"Guiria, Venezuela: Almirante Cristobal Colon",NOT_FOUND,NO,NO_ICAO_CODE,INTERNATIONAL,UNKNOWN
12016,"Guam, TT: Guam International",NOT_FOUND,NO,NO_ICAO_CODE,NON_US_STATE,UNKNOWN
12017,"Gualaco, Honduras: Jicalapa",NOT_FOUND,NO,NO_ICAO_CODE,INTERNATIONAL,UNKNOWN
12018,"Gallup, NM: Gallup Municipal",NOT_FOUND,NO,NO_ICAO_CODE,NO_MATCH,UNKNOWN
12019,"Guanare, Venezuela: Guanare Airport",NOT_FOUND,NO,NO_ICAO_CODE,INTERNATIONAL,UNKNOWN
12020,"Alotau, Papua New Guinea: Gurney",NOT_FOUND,NO,NO_ICAO_CODE,INTERNATIONAL,UNKNOWN
12021,"Peru, IN: Grissom ARB",NOT_FOUND,NO,NO_ICAO_CODE,INTERNATIONAL,UNKNOWN
12022,"Gutersloh, Germany: Gutersloh Airport",NOT_FOUND,NO,INTERNATIONAL,INTERNATIONAL,UNKNOWN
12023,"Atyrau, Kazakhstan: Atyrau Airport",NOT_FOUND,NO,NO_ICAO_CODE,INTERNATIONAL,UNKNOWN
12024,"Guymon, OK: Guymon Municipal",NOT_FOUND,NO,NO_ICAO_CODE,NO_MATCH,UNKNOWN
12025,"Guiratinga, Brazil: Guiratinga Airport",NOT_FOUND,NO,INTERNATIONAL,INTERNATIONAL,UNKNOWN
12026,"Geneva, Switzerland: Geneva Airport",NOT_FOUND,NO,NO_ICAO_CODE,INTERNATIONAL,UNKNOWN
12027,"Gordonville, VA: Gordonsville Municipal",NOT_FOUND,NO,NO_ICAO_CODE,NO_MATCH,UNKNOWN
12028,"Gainesville, GA: Lee Gilmer Memorial",NOT_FOUND,NO,NO_ICAO_CODE,NO_MATCH,UNKNOWN
12029,"Batavia, NY: Genesee County",NOT_FOUND,NO,NO_ICAO_CODE,NO_MATCH,UNKNOWN
12030,"Governador Valadares, Brazil: Coronel Altino Machado",NOT_FOUND,NO,INTERNATIONAL,INTERNATIONAL,UNKNOWN
12031,"Greenville, TX: Majors",KGSP,YES,ASOS_AVAILABLE,DIRECT_MATCH,HIGH
12032,"Grandview, MO: Richards/Gebaur AFB",NOT_FOUND,NO,NO_ICAO_CODE,NO_MATCH,UNKNOWN
12033,"Gavle, Sweden: Gavle Airport",NOT_FOUND,NO,NO_ICAO_CODE,INTERNATIONAL,UNKNOWN
12034,"Gwadar, Pakistan: Gwadar International",NOT_FOUND,NO,NO_ICAO_CODE,INTERNATIONAL,UNKNOWN
12035,"Gweru, Zimbabwe: Gweru Thornhill",NOT_FOUND,NO,NO_ICAO_CODE,INTERNATIONAL,UNKNOWN
12038,"Gwalior, India: Gwalior Airport",NOT_FOUND,NO,INTERNATIONAL,INTERNATIONAL,UNKNOWN
12039,"Greenwood, MS: Greenwood/Leflore",NOT_FOUND,NO,NO_ICAO_CODE,NO_MATCH,UNKNOWN
12040,"Gwinner, ND: Gwinner-Roger Melroe Field",NOT_FOUND,NO,NO_ICAO_CODE,NO_MATCH,UNKNOWN
12041,"Glenwood Springs, CO: Kgws Sumers Airpark",NOT_FOUND,NO,NO_ICAO_CODE,NO_MATCH,UNKNOWN
12042,"Westerland-Sylt, Germany: Sylt",NOT_FOUND,NO,INTERNATIONAL,INTERNATIONAL,UNKNOWN
12044,"Galway, Ireland: Carnmore",NOT_FOUND,NO,NO_ICAO_CODE,INTERNATIONAL,UNKNOWN
12045,"Sayun, Yemen: Sayun International",NOT_FOUND,NO,NO_ICAO_CODE,INTERNATIONAL,UNKNOWN
12046,"Mildenhall, United Kingdom: Mildenhall NAF",NOT_FOUND,NO,INTERNATIONAL,INTERNATIONAL,UNKNOWN
12047,"Coyhaique, Chile: Teniente Vidal",NOT_FOUND,NO,NO_ICAO_CODE,INTERNATIONAL,UNKNOWN
12048,"Yagoua, Cameroon: Yagoua Ville",NOT_FOUND,NO,NO_ICAO_CODE,INTERNATIONAL,UNKNOWN
12049,"Guayaramerin, Bolivia: Guayaramerin Airport",NOT_FOUND,NO,NO_ICAO_CODE,INTERNATIONAL,UNKNOWN
12050,"Baku, Azerbaijan: Baku Metropolitan Area",NOT_FOUND,NO,NO_ICAO_CODE,INTERNATIONAL,UNKNOWN
12051,"Guayaquil, Ecuador: Jose Joaquin de Olmedo International",NOT_FOUND,NO,NO_ICAO_CODE,INTERNATIONAL,UNKNOWN
12052,"Guaymas, Mexico: Guaymas International",NOT_FOUND,NO,INTERNATIONAL,INTERNATIONAL,UNKNOWN
12053,"Goiania, Brazil: Santa Genoveva International",NOT_FOUND,NO,INTERNATIONAL,INTERNATIONAL,UNKNOWN
12054,"Goodyear, AZ: Phoenix Goodyear",KPHX,YES,ASOS_AVAILABLE,DIRECT_MATCH,HIGH
12055,"Gary, IN: Gary/Chicago International",KORD,YES,ASOS_AVAILABLE,DIRECT_MATCH,HIGH
12056,"Gizo, Solomon Islands: Gizo Airport",NOT_FOUND,NO,NO_ICAO_CODE,NO_STATE_CODE,UNKNOWN
12057,"Gaziantep, Turkey: Gaziantep Airport",NOT_FOUND,NO,NO_ICAO_CODE,INTERNATIONAL,UNKNOWN
12058,"Hamilton, AL: Marion County",NOT_FOUND,NO,NO_ICAO_CODE,NO_MATCH,UNKNOWN
12059,"Hachijo Jima Island, Japan: Hachijo Jima Island Airport",NOT_FOUND,NO,INTERNATIONAL,INTERNATIONAL,UNKNOWN
12060,"Halmstad, Sweden: Halmstad Airport",NOT_FOUND,NO,NO_ICAO_CODE,INTERNATIONAL,UNKNOWN
12061,"Havasupai, AZ: Havasupai Airport",NOT_FOUND,NO,NO_ICAO_CODE,NO_MATCH,UNKNOWN
12062,"Half Moon Bay, CA: Half Moon Bay Airport",NOT_FOUND,NO,NO_ICAO_CODE,NO_MATCH,UNKNOWN
12063,"Moroni, Comoros: Prince Said Ibrahim",NOT_FOUND,NO,NO_ICAO_CODE,NO_STATE_CODE,UNKNOWN
12064,"Hannover, Germany: Hannover Airport",NOT_FOUND,NO,INTERNATIONAL,INTERNATIONAL,UNKNOWN
12065,"Haikou, China: Meilan",NOT_FOUND,NO,INTERNATIONAL,INTERNATIONAL,UNKNOWN
12066,"Hamburg, Germany: Hamburg Airport",NOT_FOUND,NO,INTERNATIONAL,INTERNATIONAL,UNKNOWN
12067,"Hanoi, Vietnam: Noibai International",NOT_FOUND,NO,NO_ICAO_CODE,INTERNATIONAL,UNKNOWN
12068,"Hamilton, OH: Butler County Regional Hogan Field",NOT_FOUND,NO,NO_ICAO_CODE,NO_MATCH,UNKNOWN
12069,"Long Island, Australia: Long Island Airport",NOT_FOUND,NO,INTERNATIONAL,INTERNATIONAL,UNKNOWN
12070,"Harrisburg, PA: Capital City",KMDT,YES,ASOS_AVAILABLE,DIRECT_MATCH,HIGH
12071,"Hail, Saudi Arabia: Hail Airport",NOT_FOUND,NO,NO_ICAO_CODE,INTERNATIONAL,UNKNOWN
12072,"Haugesund, Norway: Karmoy",NOT_FOUND,NO,NO_ICAO_CODE,INTERNATIONAL,UNKNOWN
12073,"Havana, Cuba: Jose Marti International",NOT_FOUND,NO,NO_ICAO_CODE,NO_STATE_CODE,UNKNOWN
12074,"Haycock, AK: Haycock Airport",NOT_FOUND,NO,NO_ICAO_CODE,NO_MATCH,UNKNOWN
12075,"Hobart, Australia: Hobart Airport",NOT_FOUND,NO,INTERNATIONAL,INTERNATIONAL,UNKNOWN
12076,"Hanus Bay, AK: Hanus Bay Airport",NOT_FOUND,NO,NO_ICAO_CODE,NO_MATCH,UNKNOWN
12077,"Alexandria, Egypt: Borg El Arab",NOT_FOUND,NO,NO_ICAO_CODE,INTERNATIONAL,UNKNOWN
12078,"Hattiesburg, MS: Hattiesburg Bobby L. Chain Municipal",NOT_FOUND,NO,NO_ICAO_CODE,NO_MATCH,UNKNOWN
12079,"Hobart Bay, AK: Hobart Bay Airport",NOT_FOUND,NO,NO_ICAO_CODE,NO_MATCH,UNKNOWN
12080,"Harbour Island, The Bahamas: Harbour Island Airport",NOT_FOUND,NO,NO_ICAO_CODE,INTERNATIONAL,UNKNOWN
12081,"Babelegi, South Africa: Babelegi Heliport",NOT_FOUND,NO,PRIVATE/SPECIAL_USE,INTERNATIONAL,UNKNOWN
12082,"Hafr Al Batin, Saudi Arabia: Al Batin",NOT_FOUND,NO,NO_ICAO_CODE,INTERNATIONAL,UNKNOWN
12083,"Hebbronville, TX: Jim Hogg County",NOT_FOUND,NO,NO_ICAO_CODE,NO_MATCH,UNKNOWN
12084,"Hood Bay, AK: Hood Bay Airport",NOT_FOUND,NO,NO_ICAO_CODE,NO_MATCH,UNKNOWN
12085,"Big Spring, TX: Howard County",NOT_FOUND,NO,NO_ICAO_CODE,NO_MATCH,UNKNOWN
12086,"Shoal Cove, AK: Shoal Cove Airport",NOT_FOUND,NO,NO_ICAO_CODE,NO_MATCH,UNKNOWN
12087,"Holy Cross, AK: Holy Cross Airport",NOT_FOUND,NO,NO_ICAO_CODE,NO_MATCH,UNKNOWN
12088,"Hidden Falls, AK: Hidden Falls Airport",NOT_FOUND,NO,NO_ICAO_CODE,NO_MATCH,UNKNOWN
12089,"Heidelberg, Germany: Heidelberg AHP",NOT_FOUND,NO,INTERNATIONAL,INTERNATIONAL,UNKNOWN
12090,"Hyderabad, Pakistan: Hyderabad Airport",NOT_FOUND,NO,NO_ICAO_CODE,INTERNATIONAL,UNKNOWN
12091,"Heringsdorf, Germany: Heringsdorf Airport",NOT_FOUND,NO,INTERNATIONAL,INTERNATIONAL,UNKNOWN
12092,"Mokuleia, HI: Dillingham",PADL,YES,ASOS_AVAILABLE,DIRECT_MATCH,HIGH
12093,"Hamadan, Iran: Hamadan Airport",NOT_FOUND,NO,NO_ICAO_CODE,INTERNATIONAL,UNKNOWN
12094,"Hayden, CO: Yampa Valley",NOT_FOUND,NO,NO_ICAO_CODE,NO_MATCH,UNKNOWN
12095,"Hoedspruit, South Africa: Hoedspruit Airport",NOT_FOUND,NO,NO_ICAO_CODE,INTERNATIONAL,UNKNOWN
12096,"Hat Yai, Thailand: Hat Yai International",NOT_FOUND,NO,NO_ICAO_CODE,INTERNATIONAL,UNKNOWN
12097,"Herat, Afghanistan: Khwaja Abdullah Ansari International",NOT_FOUND,NO,NO_ICAO_CODE,INTERNATIONAL,UNKNOWN
12098,"Herendeen, AK: Herendeen Bay",NOT_FOUND,NO,NO_ICAO_CODE,NO_MATCH,UNKNOWN
12099,"Heho, Burma: Heho Airport",NOT_FOUND,NO,NO_ICAO_CODE,INTERNATIONAL,UNKNOWN
12100,"Heide/Busum, Germany: Heide Buesum",NOT_FOUND,NO,INTERNATIONAL,INTERNATIONAL,UNKNOWN
12101,"Helsinki, Finland: Helsinki Vantaa",NOT_FOUND,NO,NO_ICAO_CODE,INTERNATIONAL,UNKNOWN
12102,"Heraklion, Greece: Nikos Kazantzakis",NOT_FOUND,NO,NO_ICAO_CODE,INTERNATIONAL,UNKNOWN
12103,"Hermiston, OR: Hermiston Municipal",NOT_FOUND,NO,NO_ICAO_CODE,NO_MATCH,UNKNOWN
12104,"Hohhot, China: Baita",NOT_FOUND,NO,INTERNATIONAL,INTERNATIONAL,UNKNOWN
12105,"Santo Domingo, Dominican Republic: Herrera International",NOT_FOUND,NO,NO_ICAO_CODE,INTERNATIONAL,UNKNOWN
12106,"Natchez, MS: Hardy-Anders Field Natchez-Adams County",NOT_FOUND,NO,NO_ICAO_CODE,NO_MATCH,UNKNOWN
12107,"Haifa, Israel: Haifa Airport",NOT_FOUND,NO,NO_ICAO_CODE,INTERNATIONAL,UNKNOWN
12108,"Hartford, CT: Hartford Brainard",KBDL,YES,ASOS_AVAILABLE,DIRECT_MATCH,HIGH
12109,"Hefei, China: Luogang",NOT_FOUND,NO,INTERNATIONAL,INTERNATIONAL,UNKNOWN
12110,"Hoffman, NC: Mackall AAF",NOT_FOUND,NO,NO_ICAO_CODE,NO_MATCH,UNKNOWN
12111,"Hofn, Iceland: Hornafjordur",NOT_FOUND,NO,NO_ICAO_CODE,INTERNATIONAL,UNKNOWN
12112,"Hammerfest, Norway: Hammerfest Airport",NOT_FOUND,NO,NO_ICAO_CODE,INTERNATIONAL,UNKNOWN
12113,"Hargeisa, Somalia: Egal International",NOT_FOUND,NO,NO_ICAO_CODE,INTERNATIONAL,UNKNOWN
12114,"Hughenden, Australia: Hughenden Airport",NOT_FOUND,NO,INTERNATIONAL,INTERNATIONAL,UNKNOWN
12115,"Hangzhou, China: Xiaoshan",NOT_FOUND,NO,INTERNATIONAL,INTERNATIONAL,UNKNOWN
12116,"Dune, Germany: Helgoland Duene",NOT_FOUND,NO,INTERNATIONAL,INTERNATIONAL,UNKNOWN
12117,"Mae Hong Son, Thailand: Mae Hong Son Airport",NOT_FOUND,NO,NO_ICAO_CODE,INTERNATIONAL,UNKNOWN
12118,"Korhogo, Cote d'Ivoire: Korhogo Airport",NOT_FOUND,NO,NO_ICAO_CODE,NO_STATE_CODE,UNKNOWN
12119,"Hagerstown, MD: Hagerstown Regional-Richard A. Henson Field",NOT_FOUND,NO,NO_ICAO_CODE,NO_MATCH,UNKNOWN
12120,"Freetown, Sierra Leone: Hastings",NOT_FOUND,NO,NO_ICAO_CODE,INTERNATIONAL,UNKNOWN
12121,"Mount Hagen, Papua New Guinea: Mount Hagen Airport",NOT_FOUND,NO,NO_ICAO_CODE,INTERNATIONAL,UNKNOWN
12122,"Hogatza, AK: Hogatza Airport",NOT_FOUND,NO,NO_ICAO_CODE,NO_MATCH,UNKNOWN
12123,"Hachinohe, Japan: Hachinohe Airport",NOT_FOUND,NO,INTERNATIONAL,INTERNATIONAL,UNKNOWN
12124,"Hilton Head, SC: Hilton Head Airport",NOT_FOUND,NO,NO_ICAO_CODE,NO_MATCH,UNKNOWN
12125,"Hahn, Germany: Frankfurt Hahn",NOT_FOUND,NO,INTERNATIONAL,INTERNATIONAL,UNKNOWN
12126,"Hong Kong, Hong Kong: Kai Tak Heliport",NOT_FOUND,NO,PRIVATE/SPECIAL_USE,INTERNATIONAL,UNKNOWN
12127,"Hawthorne, CA: Jack Northrop Field/Hawthorne Municipal",NOT_FOUND,NO,NO_ICAO_CODE,NO_MATCH,UNKNOWN
12128,"Hiawatha, KS: Hiawatha Municipal",NOT_FOUND,NO,NO_ICAO_CODE,NO_MATCH,UNKNOWN
12129,"Hibbing, MN: Range Regional",NOT_FOUND,NO,NO_ICAO_CODE,NO_MATCH,UNKNOWN
12130,"Whitefield, NH: Mount Washington Regional",KDCA,YES,ASOS_AVAILABLE,DIRECT_MATCH,HIGH
12131,"Ogden, UT: Hill AFB",NOT_FOUND,NO,NO_ICAO_CODE,NO_MATCH,UNKNOWN
12132,"Lake Havasu City, AZ: Lake Havasu City Airport",NOT_FOUND,NO,NO_ICAO_CODE,NO_MATCH,UNKNOWN
12133,"Hiroshima, Japan: Hiroshima Airport",NOT_FOUND,NO,INTERNATIONAL,INTERNATIONAL,UNKNOWN
12134,HNL,PHNL,YES,ASOS_AVAILABLE,DIRECT_MATCH,HIGH
12135,"Jinju, South Korea: Sacheon AB",NOT_FOUND,NO,INTERNATIONAL,INTERNATIONAL,UNKNOWN
12136,"Hillsboro, OR: Portland Hillsboro",KPWM,YES,ASOS_AVAILABLE,DIRECT_MATCH,HIGH
12137,"Honiara, Solomon Islands: Honiara International",NOT_FOUND,NO,NO_ICAO_CODE,NO_STATE_CODE,UNKNOWN
12138,"Hayman Island, Australia: Hayman Island Airport",NOT_FOUND,NO,INTERNATIONAL,INTERNATIONAL,UNKNOWN
12139,"Khajuraho, India: Khajuraho Airport",NOT_FOUND,NO,INTERNATIONAL,INTERNATIONAL,UNKNOWN
12140,"Blytheville, AR: Blytheville Municipal",NOT_FOUND,NO,NO_ICAO_CODE,NO_MATCH,UNKNOWN
12141,"Healy, AK: Healy River",NOT_FOUND,NO,NO_ICAO_CODE,NO_MATCH,UNKNOWN
12142,"Hakodate, Japan: Hakodate Airport",NOT_FOUND,NO,INTERNATIONAL,INTERNATIONAL,UNKNOWN
12143,"Hong Kong, Hong Kong: Hong Kong International",NOT_FOUND,NO,NO_ICAO_CODE,INTERNATIONAL,UNKNOWN
12144,"Hokitika, New Zealand: Hokitika Airport",NOT_FOUND,NO,NO_ICAO_CODE,INTERNATIONAL,UNKNOWN
12145,"Hoskins, Papua New Guinea: Hoskins Airport",NOT_FOUND,NO,NO_ICAO_CODE,INTERNATIONAL,UNKNOWN
12146,"Kaanapali, HI: Kaanapali Airport",NOT_FOUND,NO,NO_ICAO_CODE,NO_MATCH,UNKNOWN
12147,"Jackson, MS: Hawkins Field",KJAN,YES,ASOS_AVAILABLE,DIRECT_MATCH,HIGH
12148,"Phuket, Thailand: Phuket International",NOT_FOUND,NO,NO_ICAO_CODE,INTERNATIONAL,UNKNOWN
12149,"Hickory, NC: Hickory Regional",NOT_FOUND,NO,NO_ICAO_CODE,NO_MATCH,UNKNOWN
12150,"Lanseria, South Africa: Lanseria International",NOT_FOUND,NO,NO_ICAO_CODE,INTERNATIONAL,UNKNOWN
12151,"Hailar, China: Hailar Airport",NOT_FOUND,NO,INTERNATIONAL,INTERNATIONAL,UNKNOWN
12152,"Hultsfred, Sweden: Hultsfred Vimmerby",NOT_FOUND,NO,NO_ICAO_CODE,INTERNATIONAL,UNKNOWN
12153,"Wheeling, WV: Wheeling Ohio County",NOT_FOUND,NO,NO_ICAO_CODE,NO_MATCH,UNKNOWN
12154,"Hollister, CA: Hollister Municipal",NOT_FOUND,NO,NO_ICAO_CODE,NO_MATCH,UNKNOWN
12155,"Holland, MI: Park Township",NOT_FOUND,NO,NO_ICAO_CODE,NO_MATCH,UNKNOWN
12156,"Helena, MT: Helena Regional",KHLN,YES,ASOS_AVAILABLE,DIRECT_MATCH,HIGH
12157,"Holbrook, AZ: Holbrook Municipal",NOT_FOUND,NO,NO_ICAO_CODE,NO_MATCH,UNKNOWN
12158,"Jakarta, Indonesia: Halim Perdanakusuma International",NOT_FOUND,NO,NO_ICAO_CODE,INTERNATIONAL,UNKNOWN
12159,"Hamilton, Australia: Hamilton Airport",NOT_FOUND,NO,INTERNATIONAL,INTERNATIONAL,UNKNOWN
12160,"Hamilton, New Zealand: Hamilton Airport",NOT_FOUND,NO,NO_ICAO_CODE,INTERNATIONAL,UNKNOWN
12162,"Hassi Messaoud, Algeria: Krim Belkacem",NOT_FOUND,NO,NO_ICAO_CODE,INTERNATIONAL,UNKNOWN
12163,"Alamogordo, NM: Holloman AFB",NOT_FOUND,NO,NO_ICAO_CODE,INTERNATIONAL,UNKNOWN
12164,"Hermosillo, Mexico: Hermosillo International",NOT_FOUND,NO,INTERNATIONAL,INTERNATIONAL,UNKNOWN
12165,"Homeshore, AK: Homeshore Airport",NOT_FOUND,NO,NO_ICAO_CODE,NO_MATCH,UNKNOWN
12166,"Hemet, CA: Hemet-Ryan",NOT_FOUND,NO,NO_ICAO_CODE,NO_MATCH,UNKNOWN
12167,"Hanamaki, Japan: Hanamaki Airport",NOT_FOUND,NO,INTERNATIONAL,INTERNATIONAL,UNKNOWN
12168,"Hatteras, NC: Billy Mitchell",NOT_FOUND,NO,NO_ICAO_CODE,NO_MATCH,UNKNOWN
12169,"Tokyo, Japan: Tokyo International",NOT_FOUND,NO,INTERNATIONAL,INTERNATIONAL,UNKNOWN
12170,"Hienghene, New Caledonia: Hienghene/Henri Martinet",NOT_FOUND,NO,NO_ICAO_CODE,NO_STATE_CODE,UNKNOWN
12171,"Hoonah, AK: Hoonah Airport",NOT_FOUND,NO,NO_ICAO_CODE,NO_MATCH,UNKNOWN
12173,HNL,PHNL,YES,ASOS_AVAILABLE,DIRECT_MATCH,HIGH
12174,"Hana, HI: Hana Airport",NOT_FOUND,NO,NO_ICAO_CODE,NO_MATCH,UNKNOWN
12175,"Haines, AK: Haines Airport",NOT_FOUND,NO,NO_ICAO_CODE,NO_MATCH,UNKNOWN
12177,"Hobbs, NM: Lea County Regional",NOT_FOUND,NO,NO_ICAO_CODE,NO_MATCH,UNKNOWN
12178,"Hodeidah, Yemen: Hodeidah International",NOT_FOUND,NO,NO_ICAO_CODE,INTERNATIONAL,UNKNOWN
12179,"Hofuf, Saudi Arabia: Al Ahsa",NOT_FOUND,NO,NO_ICAO_CODE,INTERNATIONAL,UNKNOWN
12180,"Holguin, Cuba: Frank Pais International",NOT_FOUND,NO,NO_ICAO_CODE,NO_STATE_CODE,UNKNOWN
12181,"Hao Island, French Polynesia: Hao",NOT_FOUND,NO,NO_ICAO_CODE,INTERNATIONAL,UNKNOWN
12182,"Hooker Creek, Australia: Hooker Creek Airport",NOT_FOUND,NO,INTERNATIONAL,INTERNATIONAL,UNKNOWN
12183,"Holikachuk, AK: Holikachuk Airport",NOT_FOUND,NO,NO_ICAO_CODE,NO_MATCH,UNKNOWN
12184,"Homer, AK: Homer Airport",PAHO,YES,ASOS_AVAILABLE,DIRECT_MATCH,HIGH
12185,"Huron, SD: Huron Regional",NOT_FOUND,NO,NO_ICAO_CODE,NO_MATCH,UNKNOWN
12187,"Hopkinsville, KY: Campbell AAF",NOT_FOUND,NO,NO_ICAO_CODE,NO_MATCH,UNKNOWN
12188,"Hof, Germany: Hof Plauen",NOT_FOUND,NO,INTERNATIONAL,INTERNATIONAL,UNKNOWN
12189,"Horta, Portugal: Horta Airport",NOT_FOUND,NO,NO_ICAO_CODE,INTERNATIONAL,UNKNOWN
12190,"Hot Springs, AR: Memorial Field",NOT_FOUND,NO,NO_ICAO_CODE,NO_MATCH,UNKNOWN
12191,HOU,KIAH,YES,ASOS_AVAILABLE,DIRECT_MATCH,HIGH
12192,"Orsta/Volda, Norway: Orsta Volda",NOT_FOUND,NO,NO_ICAO_CODE,INTERNATIONAL,UNKNOWN
12193,"Balboa, Panama: Panama Pacifico International",NOT_FOUND,NO,NO_ICAO_CODE,INTERNATIONAL,UNKNOWN
12194,"Lifuka, Tonga: Salote Pilolevu",NOT_FOUND,NO,NO_ICAO_CODE,INTERNATIONAL,UNKNOWN
12195,"Hooper Bay, AK: Hooper Bay Airport",NOT_FOUND,NO,NO_ICAO_CODE,NO_MATCH,UNKNOWN
12196,"Hai Phong, Vietnam: Catbi International",NOT_FOUND,NO,NO_ICAO_CODE,INTERNATIONAL,UNKNOWN
12197,"White Plains, NY: Westchester County",NOT_FOUND,NO,NO_ICAO_CODE,NO_MATCH,UNKNOWN
12198,"Hampton, IA: Hampton Municipal",NOT_FOUND,NO,NO_ICAO_CODE,NO_MATCH,UNKNOWN
12199,"Hanalei, HI: Princeville",NOT_FOUND,NO,NO_ICAO_CODE,NO_MATCH,UNKNOWN
12200,"Hoquiam, WA: Bowerman Field",NOT_FOUND,NO,NO_ICAO_CODE,NO_MATCH,UNKNOWN
12201,"Harbin, China: Taiping",NOT_FOUND,NO,INTERNATIONAL,INTERNATIONAL,UNKNOWN
12203,"Harare, Zimbabwe: Robert Gabriel Mugabe International",NOT_FOUND,NO,NO_ICAO_CODE,INTERNATIONAL,UNKNOWN
12204,"Hurghada, Egypt: Hurghada International",NOT_FOUND,NO,NO_ICAO_CODE,INTERNATIONAL,UNKNOWN
12205,"Kharkov, Ukraine: Kharkov Airport",NOT_FOUND,NO,NO_ICAO_CODE,INTERNATIONAL,UNKNOWN
12206,"Harlingen/San Benito, TX: Valley International",KSAN,YES,ASOS_AVAILABLE,DIRECT_MATCH,HIGH
12207,"Harrison, AR: Boone County",NOT_FOUND,NO,NO_ICAO_CODE,NO_MATCH,UNKNOWN
12209,"Harrogate, United Kingdom: Linton-On-Ouse",NOT_FOUND,NO,INTERNATIONAL,INTERNATIONAL,UNKNOWN
12210,"Shaoguan, China: Shaoguan Airport",NOT_FOUND,NO,INTERNATIONAL,INTERNATIONAL,UNKNOWN
12211,"Las Vegas, NV: Henderson Executive",KLAS,YES,ASOS_AVAILABLE,DIRECT_MATCH,HIGH
12212,"Hastings, NE: Hastings Municipal",NOT_FOUND,NO,NO_ICAO_CODE,NO_MATCH,UNKNOWN
12213,"Huesca, Spain: Huesca Airport",NOT_FOUND,NO,INTERNATIONAL,INTERNATIONAL,UNKNOWN
12214,"Huslia, AK: Huslia Airport",NOT_FOUND,NO,NO_ICAO_CODE,NO_MATCH,UNKNOWN
12215,"Hot Springs, VA: Ingalls Field",NOT_FOUND,NO,NO_ICAO_CODE,NO_MATCH,UNKNOWN
12216,"Homestead, FL: Homestead ARB",NOT_FOUND,NO,NO_ICAO_CODE,NO_MATCH,UNKNOWN
12217,"Huntsville, AL: Huntsville International-Carl T Jones Field",KHSV,YES,ASOS_AVAILABLE,DIRECT_MATCH,HIGH
12218,"Chita, Russia: Kadala",NOT_FOUND,NO,INTERNATIONAL,INTERNATIONAL,UNKNOWN
12219,"Hatfield, United Kingdom: Hatfield Airport",NOT_FOUND,NO,INTERNATIONAL,INTERNATIONAL,UNKNOWN
12220,"Hawthorne, NV: Hawthorne Industrial",NOT_FOUND,NO,NO_ICAO_CODE,NO_MATCH,UNKNOWN
12221,"Hamilton Island, Australia: Hamilton Island Airport",NOT_FOUND,NO,INTERNATIONAL,INTERNATIONAL,UNKNOWN
12222,"East Hampton, NY: East Hampton Town",NOT_FOUND,NO,NO_ICAO_CODE,NO_MATCH,UNKNOWN
12223,"Ashland, WV: Tri-State/Milton J. Ferguson Field",NOT_FOUND,NO,NO_ICAO_CODE,NO_MATCH,UNKNOWN
12224,"Hato Corozal, Colombia: Hato Corozal Airport",NOT_FOUND,NO,NO_ICAO_CODE,INTERNATIONAL,UNKNOWN
12225,"Huntsville, AL: Redstone AAF",KHSV,YES,ASOS_AVAILABLE,DIRECT_MATCH,HIGH
12226,"Humacao, PR: Dr Hermenegildo Ortiz Quinones",NOT_FOUND,NO,NO_ICAO_CODE,NO_MATCH,UNKNOWN
12227,"Humera, Ethiopia: Humera Airport",NOT_FOUND,NO,NO_ICAO_CODE,INTERNATIONAL,UNKNOWN
12228,"Terre Haute, IN: Terre Haute Regional",NOT_FOUND,NO,NO_ICAO_CODE,NO_MATCH,UNKNOWN
12229,"Huehuetenango, Guatemala: Huehuetenango Airport",NOT_FOUND,NO,NO_ICAO_CODE,INTERNATIONAL,UNKNOWN
12230,"Huahine, French Polynesia: Huahine Fare",NOT_FOUND,NO,NO_ICAO_CODE,INTERNATIONAL,UNKNOWN
12231,"Hue, Vietnam: Phubai International",NOT_FOUND,NO,NO_ICAO_CODE,INTERNATIONAL,UNKNOWN
12232,"Houlton, ME: Houlton International",NOT_FOUND,NO,NO_ICAO_CODE,NO_MATCH,UNKNOWN
12233,"Houma, LA: Houma Terrebonne",NOT_FOUND,NO,NO_ICAO_CODE,NO_MATCH,UNKNOWN
12234,"Hualien, Taiwan: Hualien Airport",NOT_FOUND,NO,NO_ICAO_CODE,INTERNATIONAL,UNKNOWN
12235,"Hughes, AK: Hughes Airport",NOT_FOUND,NO,NO_ICAO_CODE,NO_MATCH,UNKNOWN
12236,"Hutchinson, KS: Hutchinson Regional",NOT_FOUND,NO,NO_ICAO_CODE,NO_MATCH,UNKNOWN
12237,"Huanuco, Peru: Alferez FAP David Figueroa Fernandini",NOT_FOUND,NO,NO_ICAO_CODE,INTERNATIONAL,UNKNOWN
12238,"Hudiksvall, Sweden: Hudiksvall Airport",NOT_FOUND,NO,NO_ICAO_CODE,INTERNATIONAL,UNKNOWN
12239,"Santa Cruz/Huatulco, Mexico: Bahias de Huatulco International",NOT_FOUND,NO,INTERNATIONAL,INTERNATIONAL,UNKNOWN
12240,"Humberside, United Kingdom: Humberside Airport",NOT_FOUND,NO,INTERNATIONAL,INTERNATIONAL,UNKNOWN
12241,"Analalava, Madagascar: Analalava Airport",NOT_FOUND,NO,NO_ICAO_CODE,INTERNATIONAL,UNKNOWN
12242,"Hervey Bay, Australia: Hervey Bay Airport",NOT_FOUND,NO,INTERNATIONAL,INTERNATIONAL,UNKNOWN
12243,"Hopkinsville, KY: Hopkinsville-Christian County",NOT_FOUND,NO,NO_ICAO_CODE,NO_MATCH,UNKNOWN
12244,"New Haven, CT: Tweed New Haven",NOT_FOUND,NO,NO_ICAO_CODE,NO_MATCH,UNKNOWN
12245,"Havre, MT: Havre City-County",NOT_FOUND,NO,NO_ICAO_CODE,NO_MATCH,UNKNOWN
12246,"Hartsville, SC: Hartsville Regional",NOT_FOUND,NO,NO_ICAO_CODE,NO_MATCH,UNKNOWN
12247,"Hayward, CA: Hayward Executive",NOT_FOUND,NO,NO_ICAO_CODE,NO_MATCH,UNKNOWN
12248,"Hawk Inlet, AK: Hawk Inlet Airport",NOT_FOUND,NO,NO_ICAO_CODE,NO_MATCH,UNKNOWN
12250,"Hyannis, MA: Cape Cod Gateway",NOT_FOUND,NO,NO_ICAO_CODE,NO_MATCH,UNKNOWN
12251,"Hyderabad, India: Hyderabad Airport",NOT_FOUND,NO,INTERNATIONAL,INTERNATIONAL,UNKNOWN
12252,"Hydaburg, AK: Hydaburg Seaplane Base",NOT_FOUND,NO,PRIVATE/SPECIAL_USE,NO_MATCH,UNKNOWN
12253,"Hollis, AK: Hollis Seaplane Base",NOT_FOUND,NO,PRIVATE/SPECIAL_USE,NO_MATCH,UNKNOWN
12254,"Hayward, WI: Sawyer County",NOT_FOUND,NO,NO_ICAO_CODE,NO_MATCH,UNKNOWN
12255,"Hays, KS: Hays Regional",NOT_FOUND,NO,NO_ICAO_CODE,NO_MATCH,UNKNOWN
12257,"Liping City, China: Liping",NOT_FOUND,NO,INTERNATIONAL,INTERNATIONAL,UNKNOWN
12258,"Husavik, Iceland: Husavik Airport",NOT_FOUND,NO,NO_ICAO_CODE,INTERNATIONAL,UNKNOWN
12259,"Hazleton, PA: Hazleton Regional",NOT_FOUND,NO,NO_ICAO_CODE,NO_MATCH,UNKNOWN
12260,"Shenandoah, IA: Shenandoah Municipal",NOT_FOUND,NO,NO_ICAO_CODE,NO_MATCH,UNKNOWN
12261,"Webster City, IA: Webster City Municipal",NOT_FOUND,NO,NO_ICAO_CODE,NO_MATCH,UNKNOWN
12262,"Red Oak, IA: Red Oak Municipal",KOAK,YES,ASOS_AVAILABLE,DIRECT_MATCH,HIGH
12263,"Wichita, KS: McConnell AFB",KICT,YES,ASOS_AVAILABLE,DIRECT_MATCH,HIGH
12264,IAD,NOT_FOUND,NO,NO_ICAO_CODE,NON_US_STATE,UNKNOWN
12265,"Niagara Falls, NY: Niagara Falls International",NOT_FOUND,NO,NO_ICAO_CODE,NO_MATCH,UNKNOWN
12266,IAH,KIAH,YES,ASOS_AVAILABLE,DIRECT_MATCH,HIGH
12267,"In Amenas, Algeria: In Amenas Airport",NOT_FOUND,NO,NO_ICAO_CODE,INTERNATIONAL,UNKNOWN
12268,"Kiana, AK: Bob Baker Memorial",NOT_FOUND,NO,NO_ICAO_CODE,NO_MATCH,UNKNOWN
12269,"Yaroslavl, Russia: Yaroslavl Airport",NOT_FOUND,NO,INTERNATIONAL,INTERNATIONAL,UNKNOWN
12270,"Iasi, Romania: Iasi International",NOT_FOUND,NO,NO_ICAO_CODE,INTERNATIONAL,UNKNOWN
12271,"Ibadan, Nigeria: Ibadan Airport",NOT_FOUND,NO,NO_ICAO_CODE,INTERNATIONAL,UNKNOWN
12272,"Ibague, Colombia: Perales",NOT_FOUND,NO,NO_ICAO_CODE,INTERNATIONAL,UNKNOWN
12273,"Itambacuri, Brazil: Itambacuri Airport",NOT_FOUND,NO,INTERNATIONAL,INTERNATIONAL,UNKNOWN
12274,"Ibiza, Spain: Ibiza Airport",NOT_FOUND,NO,INTERNATIONAL,INTERNATIONAL,UNKNOWN
12275,"Cicia, Fiji: Cicia Airport",NOT_FOUND,NO,NO_ICAO_CODE,INTERNATIONAL,UNKNOWN
12276,"Nieuw Nickerie, Suriname: Nieuw",NOT_FOUND,NO,NO_ICAO_CODE,INTERNATIONAL,UNKNOWN
12277,"Seoul, South Korea: Incheon International",NOT_FOUND,NO,INTERNATIONAL,INTERNATIONAL,UNKNOWN
12278,"Wichita, KS: Wichita Dwight D Eisenhower National",KICT,YES,ASOS_AVAILABLE,DIRECT_MATCH,HIGH
12279,"Icy Bay, AK: Icy Bay Airport",NOT_FOUND,NO,NO_ICAO_CODE,NO_MATCH,UNKNOWN
12280,"Idaho Falls, ID: Idaho Falls Regional",KIDA,YES,ASOS_AVAILABLE,DIRECT_MATCH,HIGH
12281,"Indiana, PA: Indiana County Jimmy Stewart Field",NOT_FOUND,NO,INTERNATIONAL,INTERNATIONAL,UNKNOWN
12282,"Santa Isabel Do Morro, Brazil: Santa Isabel Do Morro Airport",NOT_FOUND,NO,INTERNATIONAL,INTERNATIONAL,UNKNOWN
12283,"Independence, KS: Independence Municipal",NOT_FOUND,NO,NO_ICAO_CODE,NO_MATCH,UNKNOWN
12284,"Indore, India: Devi Ahilyabai Holkar",NOT_FOUND,NO,INTERNATIONAL,INTERNATIONAL,UNKNOWN
12285,"Baldonnel, Ireland: Casement",NOT_FOUND,NO,NO_ICAO_CODE,INTERNATIONAL,UNKNOWN
12286,"Zielona Gora, Poland: Babimost",NOT_FOUND,NO,NO_ICAO_CODE,INTERNATIONAL,UNKNOWN
12287,"Kiev, Ukraine: Zhuliany",NOT_FOUND,NO,NO_ICAO_CODE,INTERNATIONAL,UNKNOWN
12288,"Isafjordur, Iceland: Isafjordur Airport",NOT_FOUND,NO,NO_ICAO_CODE,INTERNATIONAL,UNKNOWN
12289,"Innisfail, Australia: Innisfail Airport",NOT_FOUND,NO,INTERNATIONAL,INTERNATIONAL,UNKNOWN
12290,"Isfahan, Iran: Shahid Beheshti International",NOT_FOUND,NO,NO_ICAO_CODE,INTERNATIONAL,UNKNOWN
12291,"Ivano-Frankovska, Ukraine: Ivano Frankivsk",NOT_FOUND,NO,NO_ICAO_CODE,INTERNATIONAL,UNKNOWN
12293,"Inagua, The Bahamas: Inagua Airport",NOT_FOUND,NO,NO_ICAO_CODE,INTERNATIONAL,UNKNOWN
12294,"Igiugig, AK: Igiugig Airport",NOT_FOUND,NO,NO_ICAO_CODE,NO_MATCH,UNKNOWN
12295,"Ingham, Australia: Ingham Airport",NOT_FOUND,NO,INTERNATIONAL,INTERNATIONAL,UNKNOWN
12296,"Izmir, Turkey: Cigli",NOT_FOUND,NO,NO_ICAO_CODE,INTERNATIONAL,UNKNOWN
12297,"Kingman, AZ: Kingman Airport",NOT_FOUND,NO,NO_ICAO_CODE,NO_MATCH,UNKNOWN
12298,"Iligan, Philippines: Maria Cristina",NOT_FOUND,NO,NO_ICAO_CODE,INTERNATIONAL,UNKNOWN
12299,"Chigorodo, Colombia: Jaime Ortiz Betancur",NOT_FOUND,NO,NO_ICAO_CODE,INTERNATIONAL,UNKNOWN
12300,"Iguazu, Argentina: Cataratas",NOT_FOUND,NO,NO_ICAO_CODE,INTERNATIONAL,UNKNOWN
12302,"Iguacu Falls, Brazil: Cataratas International",NOT_FOUND,NO,INTERNATIONAL,INTERNATIONAL,UNKNOWN
12303,"Chapel Hill, NC: Horace Williams",NOT_FOUND,NO,NO_ICAO_CODE,NO_MATCH,UNKNOWN
12304,"Ihu, Papua New Guinea: Ihu Airport",NOT_FOUND,NO,NO_ICAO_CODE,INTERNATIONAL,UNKNOWN
12305,"Rantoul, IL: Rantoul National Aviation Center",NOT_FOUND,NO,NO_ICAO_CODE,NO_MATCH,UNKNOWN
12306,"Chicago/Romeoville, IL: Lewis University",KORD,YES,ASOS_AVAILABLE,DIRECT_MATCH,HIGH
12307,"De Kalb, IL: De Kalb Taylor Municipal",NOT_FOUND,NO,NO_ICAO_CODE,NO_MATCH,UNKNOWN
12308,"Lincoln, IL: Logan County",KBOS,YES,ASOS_AVAILABLE,DIRECT_MATCH,HIGH
12309,"Ijui, Brazil: Ijui Airport",NOT_FOUND,NO,INTERNATIONAL,INTERNATIONAL,UNKNOWN
12310,"Jacksonville, IL: Jacksonville Municipal",KJAX,YES,ASOS_AVAILABLE,DIRECT_MATCH,HIGH
12311,"Tehran, Iran: Imam Khomaini International",NOT_FOUND,NO,NO_ICAO_CODE,INTERNATIONAL,UNKNOWN
12312,"Wilkesboro, NC: Wilkes County",NOT_FOUND,NO,NO_ICAO_CODE,NO_MATCH,UNKNOWN
12313,"Iki, Japan: Iki Airport",NOT_FOUND,NO,INTERNATIONAL,INTERNATIONAL,UNKNOWN
12314,"Kankakee, IL: Greater Kankakee",NOT_FOUND,NO,NO_ICAO_CODE,NO_MATCH,UNKNOWN
12315,"Nikolski, AK: Nikolski AS",NOT_FOUND,NO,NO_ICAO_CODE,NO_MATCH,UNKNOWN
12316,"Irkutsk, Russia: Irkutsk Airport",NOT_FOUND,NO,INTERNATIONAL,INTERNATIONAL,UNKNOWN
12317,"Ankeny, IA: Ankeny Regional",NOT_FOUND,NO,NO_ICAO_CODE,NO_MATCH,UNKNOWN
12318,"Nevatim, Israel: Nevatim AB",NOT_FOUND,NO,NO_ICAO_CODE,INTERNATIONAL,UNKNOWN
12319,"Killeen, TX: Skylark Field",NOT_FOUND,NO,NO_ICAO_CODE,NO_MATCH,UNKNOWN
12320,"Wilmington, DE: New Castle",KILG,YES,ASOS_AVAILABLE,DIRECT_MATCH,HIGH
12321,"Iliamna, AK: Iliamna Airport",NOT_FOUND,NO,NO_ICAO_CODE,NO_MATCH,UNKNOWN
12322,"Willmar, MN: Willmar Municipal",NOT_FOUND,NO,NO_ICAO_CODE,NO_MATCH,UNKNOWN
12323,"Wilmington, NC: Wilmington International",KILG,YES,ASOS_AVAILABLE,DIRECT_MATCH,HIGH
12324,"Wilmington, OH: Wilmington Air Park",KILG,YES,ASOS_AVAILABLE,DIRECT_MATCH,HIGH
12325,"Iloilo, Philippines: Iloilo Airport",NOT_FOUND,NO,NO_ICAO_CODE,INTERNATIONAL,UNKNOWN
12326,"Ile Des Pins, New Caledonia: Ile Des Pins Moue",NOT_FOUND,NO,NO_ICAO_CODE,NO_STATE_CODE,UNKNOWN
12327,"Ilo, Peru: Gen Jorge Fernandez Maldonado Solari",NOT_FOUND,NO,NO_ICAO_CODE,INTERNATIONAL,UNKNOWN
12328,"Ilorin, Nigeria: Ilorin Airport",NOT_FOUND,NO,NO_ICAO_CODE,INTERNATIONAL,UNKNOWN
12329,"Islay, United Kingdom: Islay Airport",NOT_FOUND,NO,INTERNATIONAL,INTERNATIONAL,UNKNOWN
12330,"Zilina, Slovakia: Zilina International",NOT_FOUND,NO,NO_ICAO_CODE,INTERNATIONAL,UNKNOWN
12331,"Imphal, India: Imphal Airport",NOT_FOUND,NO,INTERNATIONAL,INTERNATIONAL,UNKNOWN
12332,"Imperial, NE: Imperial Municipal",NOT_FOUND,NO,NO_ICAO_CODE,NO_MATCH,UNKNOWN
12333,"Immokalee, FL: Immokalee Regional",NOT_FOUND,NO,NO_ICAO_CODE,NO_MATCH,UNKNOWN
12334,"Imperatriz, Brazil: Imperatriz Airport",NOT_FOUND,NO,INTERNATIONAL,INTERNATIONAL,UNKNOWN
12335,"Iron Mountain/Kingsfd, MI: Ford",NOT_FOUND,NO,NO_ICAO_CODE,NO_MATCH,UNKNOWN
12336,"Auburn, IN: De Kalb County",NOT_FOUND,NO,NO_ICAO_CODE,NO_MATCH,UNKNOWN
12337,"Indianapolis, IN: Indianapolis Executive",NOT_FOUND,NO,INTERNATIONAL,INTERNATIONAL,UNKNOWN
12338,"Yinchuan, China: Hedong",NOT_FOUND,NO,INTERNATIONAL,INTERNATIONAL,UNKNOWN
12339,IND,NOT_FOUND,NO,INTERNATIONAL,INTERNATIONAL,UNKNOWN
12340,"In Guezzam, Algeria: In Guezzam Airport",NOT_FOUND,NO,NO_ICAO_CODE,INTERNATIONAL,UNKNOWN
12341,"Lago Argentino, Argentina: Lago Argentino Airport",NOT_FOUND,NO,NO_ICAO_CODE,INTERNATIONAL,UNKNOWN
12342,"Inhambane, Mozambique: Inhambane Airport",NOT_FOUND,NO,NO_ICAO_CODE,INTERNATIONAL,UNKNOWN
12343,"International Falls, MN: Falls International Einarson Field",NOT_FOUND,NO,NO_ICAO_CODE,NO_MATCH,UNKNOWN
12344,"Innsbruck, Austria: Innsbruck Airport",NOT_FOUND,NO,NO_ICAO_CODE,INTERNATIONAL,UNKNOWN
12345,"Inongo, Congo (Kinshasa): Inongo Airport",NOT_FOUND,NO,NO_ICAO_CODE,INTERNATIONAL,UNKNOWN
12347,"Indian Springs, NV: Creech AFB",NOT_FOUND,NO,INTERNATIONAL,INTERNATIONAL,UNKNOWN
12348,"Winston-Salem, NC: Smith Reynolds",NOT_FOUND,NO,NO_ICAO_CODE,NO_MATCH,UNKNOWN
12349,"Nauru, Nauru: Nauru Island",NOT_FOUND,NO,NO_ICAO_CODE,NO_STATE_CODE,UNKNOWN
12350,"Inverness, United Kingdom: Inverness Airport",NOT_FOUND,NO,INTERNATIONAL,INTERNATIONAL,UNKNOWN
12351,"Winslow, AZ: Winslow-Lindbergh Regional",NOT_FOUND,NO,NO_ICAO_CODE,NO_MATCH,UNKNOWN
12352,"Ioannina, Greece: Ioannina Airport",NOT_FOUND,NO,NO_ICAO_CODE,INTERNATIONAL,UNKNOWN
12353,"Isle of Man, United Kingdom: Isle of Man Airport",NOT_FOUND,NO,INTERNATIONAL,INTERNATIONAL,UNKNOWN
12354,"Impfondo, Congo (Brazaville): Impfondo Airport",NOT_FOUND,NO,NO_ICAO_CODE,INTERNATIONAL,UNKNOWN
12355,"Inishmore, Ireland: Inishmore Airport",NOT_FOUND,NO,NO_ICAO_CODE,INTERNATIONAL,UNKNOWN
12356,"Ilheus, Brazil: Jorge Amado",NOT_FOUND,NO,INTERNATIONAL,INTERNATIONAL,UNKNOWN
12357,"Ile Ouen, New Caledonia: Ile Ouen Airport",NOT_FOUND,NO,NO_ICAO_CODE,NO_STATE_CODE,UNKNOWN
12358,"Iowa City, IA: Iowa City Municipal",NOT_FOUND,NO,NO_ICAO_CODE,NO_MATCH,UNKNOWN
12359,"Easter Island, Chile: Mataveri International",NOT_FOUND,NO,NO_ICAO_CODE,INTERNATIONAL,UNKNOWN
12360,"Ipil, Philippines: Ipil Airport",NOT_FOUND,NO,NO_ICAO_CODE,INTERNATIONAL,UNKNOWN
12361,"Ipoh, Malaysia: Ipoh Sultan Azlan Shah",NOT_FOUND,NO,NO_ICAO_CODE,INTERNATIONAL,UNKNOWN
12362,"Ipiales, Colombia: San Luis",NOT_FOUND,NO,NO_ICAO_CODE,INTERNATIONAL,UNKNOWN
12363,"El Centro, CA: Imperial County",NOT_FOUND,NO,NO_ICAO_CODE,NO_MATCH,UNKNOWN
12364,"Ipatinga, Brazil: Usiminas",NOT_FOUND,NO,INTERNATIONAL,INTERNATIONAL,UNKNOWN
12365,"Williamsport, PA: Williamsport Regional",NOT_FOUND,NO,NO_ICAO_CODE,NO_MATCH,UNKNOWN
12366,"Al Taqaddum, Iraq: Al Taqaddum AB",NOT_FOUND,NO,NO_ICAO_CODE,INTERNATIONAL,UNKNOWN
12367,"Al Asad, Iraq: Al Asad AB",NOT_FOUND,NO,NO_ICAO_CODE,INTERNATIONAL,UNKNOWN
12368,"Iquique, Chile: Diego Aracena International",NOT_FOUND,NO,NO_ICAO_CODE,INTERNATIONAL,UNKNOWN
12369,"Iquitos, Peru: Coronel Francisco Secada Vignetta International",NOT_FOUND,NO,NO_ICAO_CODE,INTERNATIONAL,UNKNOWN
12370,"Circle, AK: Circle City",NOT_FOUND,NO,NO_ICAO_CODE,NO_MATCH,UNKNOWN
12371,"Ishurdi, Bangladesh: Ishurdi Airport",NOT_FOUND,NO,NO_ICAO_CODE,INTERNATIONAL,UNKNOWN
12372,"Iron Range, Australia: Iron Range Airport",NOT_FOUND,NO,INTERNATIONAL,INTERNATIONAL,UNKNOWN
12373,"Iringa, Tanzania: Iringa Airport",NOT_FOUND,NO,NO_ICAO_CODE,INTERNATIONAL,UNKNOWN
12374,"La Rioja, Argentina: Capitan Vicente A Almonacid",NOT_FOUND,NO,NO_ICAO_CODE,INTERNATIONAL,UNKNOWN
12375,"Kirksville, MO: Kirksville Regional",NOT_FOUND,NO,NO_ICAO_CODE,NO_MATCH,UNKNOWN
12376,"Birao, Central African Republic: Birao Airport",NOT_FOUND,NO,NO_ICAO_CODE,NO_STATE_CODE,UNKNOWN
12377,"Isiro, Congo (Kinshasa): Isiro Airport",NOT_FOUND,NO,NO_ICAO_CODE,INTERNATIONAL,UNKNOWN
12378,"Sturgis, MI: Sturgis Airport",NOT_FOUND,NO,NO_ICAO_CODE,NO_MATCH,UNKNOWN
12379,"Bayou La Batre, AL: Roy E. Ray",NOT_FOUND,NO,NO_ICAO_CODE,NO_MATCH,UNKNOWN
12380,"Mount Isa, Australia: Mount Isa Airport",NOT_FOUND,NO,INTERNATIONAL,INTERNATIONAL,UNKNOWN
12381,"Islamabad, Pakistan: Islamabad Airport",NOT_FOUND,NO,NO_ICAO_CODE,INTERNATIONAL,UNKNOWN
12382,"Scilly Isles, United Kingdom: Scilly Isles Airport",NOT_FOUND,NO,INTERNATIONAL,INTERNATIONAL,UNKNOWN
12383,"Ishigaki, Japan: Ishigaki Airport",NOT_FOUND,NO,INTERNATIONAL,INTERNATIONAL,UNKNOWN
12384,"Ischia, Italy: Ischia Airport",NOT_FOUND,NO,NO_ICAO_CODE,INTERNATIONAL,UNKNOWN
12385,"Isisford, Australia: Isisford Airport",NOT_FOUND,NO,INTERNATIONAL,INTERNATIONAL,UNKNOWN
12386,"Isla Mujeres, Mexico: Isla Mujeres Airport",NOT_FOUND,NO,INTERNATIONAL,INTERNATIONAL,UNKNOWN
12387,"Isabel Pass, AK: Isabel Pass Airport",NOT_FOUND,NO,NO_ICAO_CODE,NO_MATCH,UNKNOWN
12388,"Orlando, FL: Kissimmee Gateway",KMCO,YES,ASOS_AVAILABLE,DIRECT_MATCH,HIGH
12389,"Williston, ND: Sloulin Field International",NOT_FOUND,NO,NO_ICAO_CODE,NO_MATCH,UNKNOWN
12390,"Kinston, NC: Kinston Regional Jetport at Stallings Field",NOT_FOUND,NO,NO_ICAO_CODE,NO_MATCH,UNKNOWN
12391,"Islip, NY: Long Island MacArthur",NOT_FOUND,NO,NO_ICAO_CODE,NO_MATCH,UNKNOWN
12392,"Manistique, MI: Schoolcraft County",NOT_FOUND,NO,NO_ICAO_CODE,NO_MATCH,UNKNOWN
12393,"Istres, France: Istres Le Tube",NOT_FOUND,NO,INTERNATIONAL,INTERNATIONAL,UNKNOWN
12394,"Wiscasset, ME: Wiscasset Airport",NOT_FOUND,NO,NO_ICAO_CODE,NO_MATCH,UNKNOWN
12395,"Istanbul, Turkey: Istanbul Airport",NOT_FOUND,NO,NO_ICAO_CODE,INTERNATIONAL,UNKNOWN
12396,"Wisconsin Rapids, WI: Alexander Field South Wood County",NOT_FOUND,NO,NO_ICAO_CODE,NO_MATCH,UNKNOWN
12397,"Ithaca/Cortland, NY: Ithaca Tompkins International",NOT_FOUND,NO,NO_ICAO_CODE,NO_MATCH,UNKNOWN
12400,"Osaka, Japan: Osaka International",NOT_FOUND,NO,INTERNATIONAL,INTERNATIONAL,UNKNOWN
12401,"Itabuna, Brazil: Tertuliano Guedes de Pinho",NOT_FOUND,NO,INTERNATIONAL,INTERNATIONAL,UNKNOWN
12402,"Hilo, HI: Hilo International",PHTO,YES,ASOS_AVAILABLE,DIRECT_MATCH,HIGH
12403,"Itaqui, Brazil: Itaqui Airport",NOT_FOUND,NO,INTERNATIONAL,INTERNATIONAL,UNKNOWN
12404,"Niue Island, Niue: Niue International",NOT_FOUND,NO,NO_ICAO_CODE,NO_STATE_CODE,UNKNOWN
12405,"Inus, Papua New Guinea: Inus Airport",NOT_FOUND,NO,NO_ICAO_CODE,INTERNATIONAL,UNKNOWN
12406,"Ambanja, Madagascar: Ambanja/Ambalavelona",NOT_FOUND,NO,NO_ICAO_CODE,INTERNATIONAL,UNKNOWN
12407,"Invercargill, New Zealand: Invercargill Airport",NOT_FOUND,NO,NO_ICAO_CODE,INTERNATIONAL,UNKNOWN
12408,"Berane, Montenegro: Berane Airport",NOT_FOUND,NO,NO_ICAO_CODE,INTERNATIONAL,UNKNOWN
12409,"Ivalo, Finland: Ivalo Airport",NOT_FOUND,NO,NO_ICAO_CODE,INTERNATIONAL,UNKNOWN
12410,"Inverell, Australia: Inverell Airport",NOT_FOUND,NO,INTERNATIONAL,INTERNATIONAL,UNKNOWN
12411,"Ivanovo, Russia: Ivanovo Airport",NOT_FOUND,NO,INTERNATIONAL,INTERNATIONAL,UNKNOWN
12412,"Ironwood, MI: Gogebic-Iron County",NOT_FOUND,NO,NO_ICAO_CODE,NO_MATCH,UNKNOWN
12413,"Iwami, Japan: Iwami Airport",NOT_FOUND,NO,INTERNATIONAL,INTERNATIONAL,UNKNOWN
12414,"Iwoto, Japan: Iwoto Airport",NOT_FOUND,NO,INTERNATIONAL,INTERNATIONAL,UNKNOWN
12415,"Houston, TX: West Houston",KIAH,YES,ASOS_AVAILABLE,DIRECT_MATCH,HIGH
12416,"Agartala, India: Agartala Airport",NOT_FOUND,NO,INTERNATIONAL,INTERNATIONAL,UNKNOWN
12417,"Bagdogra, India: Bagdogra Airport",NOT_FOUND,NO,INTERNATIONAL,INTERNATIONAL,UNKNOWN
12418,"Chandigarh, India: Chandigarh Airport",NOT_FOUND,NO,INTERNATIONAL,INTERNATIONAL,UNKNOWN
12419,"Allahabad, India: Prayagraj",NOT_FOUND,NO,INTERNATIONAL,INTERNATIONAL,UNKNOWN
12420,"Mangalore, India: Mangaluru International",NOT_FOUND,NO,INTERNATIONAL,INTERNATIONAL,UNKNOWN
12421,"Belgaum, India: Belagavi",NOT_FOUND,NO,INTERNATIONAL,INTERNATIONAL,UNKNOWN
12422,"Kailashahar, India: Kailashahar Airport",NOT_FOUND,NO,INTERNATIONAL,INTERNATIONAL,UNKNOWN
12423,"Lilabari, India: North Lakhimpur/Lilabari",NOT_FOUND,NO,INTERNATIONAL,INTERNATIONAL,UNKNOWN
12424,"Jammu, India: Jammu Airport",NOT_FOUND,NO,INTERNATIONAL,INTERNATIONAL,UNKNOWN
12425,"Keshod, India: Keshod Airport",NOT_FOUND,NO,INTERNATIONAL,INTERNATIONAL,UNKNOWN
12426,"Leh, India: Leh Airport",NOT_FOUND,NO,INTERNATIONAL,INTERNATIONAL,UNKNOWN
12427,"Madurai, India: Madurai Airport",NOT_FOUND,NO,INTERNATIONAL,INTERNATIONAL,UNKNOWN
12429,"Kamalpur, India: Kamalpur Airport",NOT_FOUND,NO,INTERNATIONAL,INTERNATIONAL,UNKNOWN
12430,"Ranchi, India: Birsa Munda",NOT_FOUND,NO,INTERNATIONAL,INTERNATIONAL,UNKNOWN
12431,"Silchar, India: Silchar Airport",NOT_FOUND,NO,INTERNATIONAL,INTERNATIONAL,UNKNOWN
12432,"Aurangabad, India: Aurangabad Airport",NOT_FOUND,NO,INTERNATIONAL,INTERNATIONAL,UNKNOWN
12433,"Jamshedpur, India: Jamshedpur Airport",NOT_FOUND,NO,INTERNATIONAL,INTERNATIONAL,UNKNOWN
12434,"Kandla, India: Kandla Airport",NOT_FOUND,NO,INTERNATIONAL,INTERNATIONAL,UNKNOWN
12435,"Port Blair, India: Sri Vijaya Puram",NOT_FOUND,NO,INTERNATIONAL,INTERNATIONAL,UNKNOWN
12436,"Inyokern, CA: Inyokern Airport",NOT_FOUND,NO,NO_ICAO_CODE,NO_MATCH,UNKNOWN
12437,"Izmir, Turkey: Izmir Metropolitan Area",NOT_FOUND,NO,NO_ICAO_CODE,INTERNATIONAL,UNKNOWN
12438,"Izumo, Japan: Izumo Airport",NOT_FOUND,NO,INTERNATIONAL,INTERNATIONAL,UNKNOWN
12439,"Ixtepec, Mexico: Ixtepec Airport",NOT_FOUND,NO,INTERNATIONAL,INTERNATIONAL,UNKNOWN
12440,"Jabiru, Australia: Jabiru Airport",NOT_FOUND,NO,INTERNATIONAL,INTERNATIONAL,UNKNOWN
12441,"Jackson, WY: Jackson Hole",KJAC,YES,ASOS_AVAILABLE,DIRECT_MATCH,HIGH
12442,"Jaffna, Sri Lanka: Kankesanturai",NOT_FOUND,NO,NO_ICAO_CODE,INTERNATIONAL,UNKNOWN
12443,"Jacobabad, Pakistan: Shahbaz AB",NOT_FOUND,NO,NO_ICAO_CODE,INTERNATIONAL,UNKNOWN
12444,"Jaipur, India: Jaipur International",NOT_FOUND,NO,INTERNATIONAL,INTERNATIONAL,UNKNOWN
12445,"Atlanta, GA: Perimeter Mall Helipad",KATL,YES,ASOS_AVAILABLE,DIRECT_MATCH,HIGH
12446,"Jacmel, Haiti: Jacmel Airport",NOT_FOUND,NO,NO_ICAO_CODE,INTERNATIONAL,UNKNOWN
12447,"Jalapa, Mexico: El Lencero",NOT_FOUND,NO,INTERNATIONAL,INTERNATIONAL,UNKNOWN
12448,"Jackson/Vicksburg, MS: Jackson Medgar Wiley Evers International",KJAN,YES,ASOS_AVAILABLE,DIRECT_MATCH,HIGH
12449,"Atlanta, GA: Beaver Ruin",KATL,YES,ASOS_AVAILABLE,DIRECT_MATCH,HIGH
12450,"Jakobshavn, Greenland: Ilulissat",NOT_FOUND,NO,NO_ICAO_CODE,INTERNATIONAL,UNKNOWN
12451,JAX,KJAX,YES,ASOS_AVAILABLE,DIRECT_MATCH,HIGH
12452,"Boston, MA: Boston City Heliport",KBOS,YES,ASOS_AVAILABLE,DIRECT_MATCH,HIGH
12453,"Oakland, CA: Berkeley Municipal Heliport",KOAK,YES,ASOS_AVAILABLE,DIRECT_MATCH,HIGH
12454,"Commerce, CA: Commerce Business Park Heliport",NOT_FOUND,NO,PRIVATE/SPECIAL_USE,NO_MATCH,UNKNOWN
12455,"Jonesboro, AR: Jonesboro Municipal",NOT_FOUND,NO,NO_ICAO_CODE,NO_MATCH,UNKNOWN
12456,"Cannes, France: Croisette Heliport",NOT_FOUND,NO,PRIVATE/SPECIAL_USE,INTERNATIONAL,UNKNOWN
12457,"San Francisco, CA: China Basin Heliport",NOT_FOUND,NO,PRIVATE/SPECIAL_USE,INTERNATIONAL,UNKNOWN
12458,"Oakland, CA: Oakland Convention Center Heliport",KOAK,YES,ASOS_AVAILABLE,DIRECT_MATCH,HIGH
12459,"Christianshab, Greenland: Christianshab Airport",NOT_FOUND,NO,NO_ICAO_CODE,INTERNATIONAL,UNKNOWN
12460,"Olathe, KS: New Century Aircenter",NOT_FOUND,NO,NO_ICAO_CODE,NO_MATCH,UNKNOWN
12461,"Julia Creek, Australia: Julia Creek Airport",NOT_FOUND,NO,INTERNATIONAL,INTERNATIONAL,UNKNOWN
12462,"John Day, OR: Grant County Regional/Ogilvie Field",NOT_FOUND,NO,NO_ICAO_CODE,NO_MATCH,UNKNOWN
12463,"Dallas/Fort Worth, TX: Downtown Heliport",KDFW,YES,ASOS_AVAILABLE,DIRECT_MATCH,HIGH
12464,"Juiz de Fora, Brazil: Juiz",NOT_FOUND,NO,INTERNATIONAL,INTERNATIONAL,UNKNOWN
12465,"Seattle, WA: Edgewater Inn Helipad Sea Wash",KSEA,YES,ASOS_AVAILABLE,DIRECT_MATCH,HIGH
12466,"Jodhpur, India: Jodhpur Airport",NOT_FOUND,NO,INTERNATIONAL,INTERNATIONAL,UNKNOWN
12467,"Miami, FL: Miami Downtown Heliport",KMIA,YES,ASOS_AVAILABLE,DIRECT_MATCH,HIGH
12468,"Juazeiro Do Norte, Brazil: Regional de Cariri",NOT_FOUND,NO,INTERNATIONAL,INTERNATIONAL,UNKNOWN
12469,"Minneapolis, MN: Minneapolis Heliport",KMSP,YES,ASOS_AVAILABLE,DIRECT_MATCH,HIGH
12470,"Houston, TX: Houston Central Business District Heliport",KIAH,YES,ASOS_AVAILABLE,DIRECT_MATCH,HIGH
12472,"Jeddah, Saudi Arabia: King Abdulaziz International",NOT_FOUND,NO,NO_ICAO_CODE,INTERNATIONAL,UNKNOWN
12473,"Jeremie, Haiti: Jeremie Airport",NOT_FOUND,NO,NO_ICAO_CODE,INTERNATIONAL,UNKNOWN
12474,"Jefferson City, MO: Jefferson City Memorial",NOT_FOUND,NO,NO_ICAO_CODE,NO_MATCH,UNKNOWN
12476,"Jersey, United Kingdom: Jersey Airport",NOT_FOUND,NO,INTERNATIONAL,INTERNATIONAL,UNKNOWN
12477,"Seattle, WA: Seattle 1st National.Bank Helipad",KSEA,YES,ASOS_AVAILABLE,DIRECT_MATCH,HIGH
12478,JFK,KJFK,YES,ASOS_AVAILABLE,DIRECT_MATCH,HIGH
12479,"Jefferson, OH: Northeast Ohio Regional",NOT_FOUND,NO,NO_ICAO_CODE,NO_MATCH,UNKNOWN
12481,"Frederikshab, Greenland: Frederikshaab",NOT_FOUND,NO,NO_ICAO_CODE,INTERNATIONAL,UNKNOWN
12482,"Jamnagar, India: Jamnagar Airport",NOT_FOUND,NO,INTERNATIONAL,INTERNATIONAL,UNKNOWN
12483,"Grand Canyon, AZ: Grand Canyon Heliport",NOT_FOUND,NO,PRIVATE/SPECIAL_USE,NO_MATCH,UNKNOWN
12484,"Williamsburg, VA: Waltrip Williamsburg Exec",NOT_FOUND,NO,NO_ICAO_CODE,NO_MATCH,UNKNOWN
12485,"Atlanta, GA: Galleria",KATL,YES,ASOS_AVAILABLE,DIRECT_MATCH,HIGH
12486,"Houston, TX: Greenway Plaza Heliport",KIAH,YES,ASOS_AVAILABLE,DIRECT_MATCH,HIGH
12487,"Houston, TX: Transco Tower Galleria Heliport",KIAH,YES,ASOS_AVAILABLE,DIRECT_MATCH,HIGH
12489,"Johor Bahru, Malaysia: Senai International",NOT_FOUND,NO,NO_ICAO_CODE,INTERNATIONAL,UNKNOWN
12490,"Garden City, NY: Island Heliport",NOT_FOUND,NO,PRIVATE/SPECIAL_USE,NO_MATCH,UNKNOWN
12491,"Helsingborg, Sweden: Helsingborg Heliport",NOT_FOUND,NO,PRIVATE/SPECIAL_USE,INTERNATIONAL,UNKNOWN
12492,"Kapalua, HI: Kapalua Airport",NOT_FOUND,NO,NO_ICAO_CODE,NO_MATCH,UNKNOWN
12493,"Sisimiut, Greenland: Sisimiut Airport",NOT_FOUND,NO,NO_ICAO_CODE,INTERNATIONAL,UNKNOWN
12494,"Jamestown, NY: Chautauqua County/Jamestown",NOT_FOUND,NO,NO_ICAO_CODE,NO_MATCH,UNKNOWN
12495,"Cambridge, MA: Cambridge Airport",NOT_FOUND,NO,NO_ICAO_CODE,NO_MATCH,UNKNOWN
12496,"Djibouti, Djibouti: Ambouli International",NOT_FOUND,NO,NO_ICAO_CODE,NO_STATE_CODE,UNKNOWN
12497,"City of Industry, CA: Civic Financial Center Heliport",NOT_FOUND,NO,PRIVATE/SPECIAL_USE,NO_MATCH,UNKNOWN
12498,"Ikaria Island, Greece: Ikaria",NOT_FOUND,NO,NO_ICAO_CODE,INTERNATIONAL,UNKNOWN
12499,"Jilin, China: Jilin Airport",NOT_FOUND,NO,INTERNATIONAL,INTERNATIONAL,UNKNOWN
12500,"Jimma, Ethiopia: Aba Segud Negus Wolde Giorg",NOT_FOUND,NO,NO_ICAO_CODE,INTERNATIONAL,UNKNOWN
12501,"Jinja, Uganda: Jinja Airport",NOT_FOUND,NO,NO_ICAO_CODE,INTERNATIONAL,UNKNOWN
12502,"Juanjui, Peru: Juanjui Airport",NOT_FOUND,NO,NO_ICAO_CODE,INTERNATIONAL,UNKNOWN
12503,"Jonkoping, Sweden: Jonkoping Airport",NOT_FOUND,NO,NO_ICAO_CODE,INTERNATIONAL,UNKNOWN
12504,"Chios, Greece: Chios Airport",NOT_FOUND,NO,NO_ICAO_CODE,INTERNATIONAL,UNKNOWN
12505,"Kalymnos, Greece: Kalymnos Airport",NOT_FOUND,NO,NO_ICAO_CODE,INTERNATIONAL,UNKNOWN
12506,"Janakpur, Nepal: Janakpur Airport",NOT_FOUND,NO,NO_ICAO_CODE,INTERNATIONAL,UNKNOWN
12507,"Jakarta, Indonesia: Jakarta Metropolitan Area",NOT_FOUND,NO,NO_ICAO_CODE,INTERNATIONAL,UNKNOWN
12508,"Jacksonville, TX: Cherokee County",KJAX,YES,ASOS_AVAILABLE,DIRECT_MATCH,HIGH
12509,"Cooper Lodge, AK: Quartz Creek",NOT_FOUND,NO,PRIVATE/SPECIAL_USE,NO_MATCH,UNKNOWN
12511,"Joplin, MO: Joplin Regional",NOT_FOUND,NO,NO_ICAO_CODE,NO_MATCH,UNKNOWN
12512,"Jabalpur, India: Jabalpur Airport",NOT_FOUND,NO,INTERNATIONAL,INTERNATIONAL,UNKNOWN
12513,"Houston, TX: Astrodome",KIAH,YES,ASOS_AVAILABLE,DIRECT_MATCH,HIGH
12514,"Jamba, Angola: Jamba Airport",NOT_FOUND,NO,NO_ICAO_CODE,INTERNATIONAL,UNKNOWN
12515,"San Francisco, CA: Marin County Heliport",KSFO,YES,ASOS_AVAILABLE,DIRECT_MATCH,HIGH
12516,"Mikonos Island, Greece: Mikonos",NOT_FOUND,NO,NO_ICAO_CODE,INTERNATIONAL,UNKNOWN
12517,"Malmo, Sweden: Harbour Heliport",NOT_FOUND,NO,PRIVATE/SPECIAL_USE,INTERNATIONAL,UNKNOWN
12518,"Mankato, MN: Downtown Heliport",NOT_FOUND,NO,PRIVATE/SPECIAL_USE,NO_MATCH,UNKNOWN
12519,"Jamestown, ND: Jamestown Regional",NOT_FOUND,NO,NO_ICAO_CODE,NO_MATCH,UNKNOWN
12520,"Johannesburg, South Africa: Oliver Reginald Tambo International",NOT_FOUND,NO,NO_ICAO_CODE,INTERNATIONAL,UNKNOWN
12521,"Nanortalik, Greenland: Nanortalik Airport",NOT_FOUND,NO,NO_ICAO_CODE,INTERNATIONAL,UNKNOWN
12522,"Newport Beach, CA: Newport Beach Airport",NOT_FOUND,NO,NO_ICAO_CODE,NO_MATCH,UNKNOWN
12523,"Juneau, AK: Juneau International",PAJN,YES,ASOS_AVAILABLE,DIRECT_MATCH,HIGH
12524,"Safawi, Jordan: Prince Hassan Air Base",NOT_FOUND,NO,NO_ICAO_CODE,INTERNATIONAL,UNKNOWN
12525,"Azraq, Jordan: Al Shaheed Mwaffaq Salti Air Base",NOT_FOUND,NO,NO_ICAO_CODE,INTERNATIONAL,UNKNOWN
12526,"Azraq, Jordan: Azraq Highway Strip",NOT_FOUND,NO,PRIVATE/SPECIAL_USE,INTERNATIONAL,UNKNOWN
12527,"Santa Ana, CA: Centerport Heliport",KSNA,YES,ASOS_AVAILABLE,DIRECT_MATCH,HIGH
12528,"Joensuu, Finland: Joensuu Airport",NOT_FOUND,NO,NO_ICAO_CODE,INTERNATIONAL,UNKNOWN
12529,"Yogyakarta, Indonesia: Adisutjipto",NOT_FOUND,NO,NO_ICAO_CODE,INTERNATIONAL,UNKNOWN
12530,"Port St Johns, South Africa: Port St Johns Airport",NOT_FOUND,NO,NO_ICAO_CODE,INTERNATIONAL,UNKNOWN
12531,"Joinville, Brazil: Joinville Airport",NOT_FOUND,NO,INTERNATIONAL,INTERNATIONAL,UNKNOWN
12533,"Jolo, Philippines: Jolo Airport",NOT_FOUND,NO,NO_ICAO_CODE,INTERNATIONAL,UNKNOWN
12534,"Njombe, Tanzania: Njombe Airport",NOT_FOUND,NO,NO_ICAO_CODE,INTERNATIONAL,UNKNOWN
12535,"Johnston Island, TT: Johnston Atoll",NOT_FOUND,NO,NO_ICAO_CODE,NON_US_STATE,UNKNOWN
12536,"Orange, CA: Orange County Heliport",NOT_FOUND,NO,PRIVATE/SPECIAL_USE,NO_MATCH,UNKNOWN
12537,"Jos, Nigeria: Yakubu Gowon",NOT_FOUND,NO,NO_ICAO_CODE,INTERNATIONAL,UNKNOWN
12539,"Okinawa, Japan: Futenma MCAS",NOT_FOUND,NO,INTERNATIONAL,INTERNATIONAL,UNKNOWN
12540,"Joao Pessoa, Brazil: Presidente Castro Pinto International",NOT_FOUND,NO,INTERNATIONAL,INTERNATIONAL,UNKNOWN
12541,"New York, NY: Pan Am Building Heliport",NOT_FOUND,NO,PRIVATE/SPECIAL_USE,NO_MATCH,UNKNOWN
12542,"Ji Parana, Brazil: Ji Parana Airport",NOT_FOUND,NO,INTERNATIONAL,INTERNATIONAL,UNKNOWN
12543,"Houston, TX: Park Ten Helipad",KIAH,YES,ASOS_AVAILABLE,DIRECT_MATCH,HIGH
12544,"Concord, NC: Concord Padgett Regional",NOT_FOUND,NO,NO_ICAO_CODE,NO_MATCH,UNKNOWN
12545,"New York, NY: West 30th Street Heliport",NOT_FOUND,NO,PRIVATE/SPECIAL_USE,NO_MATCH,UNKNOWN
12546,"New York, NY: Downtown Manhattan/Wall Street Heliport",NOT_FOUND,NO,PRIVATE/SPECIAL_USE,NO_MATCH,UNKNOWN
12547,"Rochester, MN: Appache Heliport",KROC,YES,ASOS_AVAILABLE,DIRECT_MATCH,HIGH
12548,"New York, NY: East 60th Street Heliport",NOT_FOUND,NO,PRIVATE/SPECIAL_USE,NO_MATCH,UNKNOWN
12549,"Kapolei, HI: Kalaeloa",NOT_FOUND,NO,NO_ICAO_CODE,NO_MATCH,UNKNOWN
12550,"Jorhat, India: Jorhat Airport",NOT_FOUND,NO,INTERNATIONAL,INTERNATIONAL,UNKNOWN
12551,"Kilimanjaro, Tanzania: Kilimanjaro International",NOT_FOUND,NO,NO_ICAO_CODE,INTERNATIONAL,UNKNOWN
12552,"Jerusalem, Israel: Jerusalem Airport",NOT_FOUND,NO,NO_ICAO_CODE,INTERNATIONAL,UNKNOWN
12553,"Ceiba, PR: Jose Aponte de la Torre",NOT_FOUND,NO,NO_ICAO_CODE,NO_MATCH,UNKNOWN
12554,"Juneau, AK: Juneau Seaplane Base",PAJN,YES,ASOS_AVAILABLE,DIRECT_MATCH,HIGH
12555,"Skiathos, Greece: Alexandros Papadiamandis",NOT_FOUND,NO,NO_ICAO_CODE,INTERNATIONAL,UNKNOWN
12556,"St. Cloud, MN: Crossroads Heliport",NOT_FOUND,NO,PRIVATE/SPECIAL_USE,NO_MATCH,UNKNOWN
12557,"Sodertalje, Sweden: Sodertalje Heliport",NOT_FOUND,NO,PRIVATE/SPECIAL_USE,INTERNATIONAL,UNKNOWN
12558,"Jessore, Bangladesh: Jashore",NOT_FOUND,NO,NO_ICAO_CODE,INTERNATIONAL,UNKNOWN
12559,"Johnstown, PA: John Murtha Johnstown-Cambria County",NOT_FOUND,NO,NO_ICAO_CODE,NO_MATCH,UNKNOWN
12561,"Syros Island, Greece: Dimitrios Vikelas",NOT_FOUND,NO,NO_ICAO_CODE,INTERNATIONAL,UNKNOWN
12563,"Santorini, Greece: Santorini Airport",NOT_FOUND,NO,NO_ICAO_CODE,INTERNATIONAL,UNKNOWN
12564,"Juba, South Sudan: Juba Airport",NOT_FOUND,NO,NO_ICAO_CODE,INTERNATIONAL,UNKNOWN
12566,"Jujuy, Argentina: Jujuy Airport",NOT_FOUND,NO,NO_ICAO_CODE,INTERNATIONAL,UNKNOWN
12567,"Juliaca, Peru: Inca Manco Capac International",NOT_FOUND,NO,NO_ICAO_CODE,INTERNATIONAL,UNKNOWN
12568,"Jumla, Nepal: Jumla Airport",NOT_FOUND,NO,NO_ICAO_CODE,INTERNATIONAL,UNKNOWN
12570,"Upernavik, Greenland: Upernavik Airport",NOT_FOUND,NO,NO_ICAO_CODE,INTERNATIONAL,UNKNOWN
12571,"Beloit/Janesville, WI: Southern Wisconsin Regional",NOT_FOUND,NO,NO_ICAO_CODE,NO_MATCH,UNKNOWN
12573,"Houston, TX: Westchase Heliport",KIAH,YES,ASOS_AVAILABLE,DIRECT_MATCH,HIGH
12574,"Nashville, TN: John C Tune",KBNA,YES,ASOS_AVAILABLE,DIRECT_MATCH,HIGH
12576,"Jackson, MI: Jackson County-Reynolds Field",KJAN,YES,ASOS_AVAILABLE,DIRECT_MATCH,HIGH
12577,"Seattle, WA: Olympic Hotel Helipad Sea Wash",KSEA,YES,ASOS_AVAILABLE,DIRECT_MATCH,HIGH
12578,"Jyvaskyla, Finland: Jyvaskyla Airport",NOT_FOUND,NO,NO_ICAO_CODE,INTERNATIONAL,UNKNOWN
12579,"Newton, MS: James H Easom Field",NOT_FOUND,NO,NO_ICAO_CODE,NO_MATCH,UNKNOWN
12580,"Orange, MA: Orange Municipal",NOT_FOUND,NO,NO_ICAO_CODE,NO_MATCH,UNKNOWN
12581,"Stanley, ND: Stanley Municipal",NOT_FOUND,NO,NO_ICAO_CODE,NO_MATCH,UNKNOWN
12582,"Ganda, Angola: Ganda Airport",NOT_FOUND,NO,NO_ICAO_CODE,INTERNATIONAL,UNKNOWN
12583,"Trading Bay, AK: Trading Bay Production",NOT_FOUND,NO,NO_ICAO_CODE,NO_MATCH,UNKNOWN
12585,"Chamberlain, SD: Chamberlain Municipal",NOT_FOUND,NO,NO_ICAO_CODE,NO_MATCH,UNKNOWN
12586,"Song Pan, China: Jui Zhai Huang Long",NOT_FOUND,NO,INTERNATIONAL,INTERNATIONAL,UNKNOWN
12587,"Portland, TN: Douglas Hunter Field",KPWM,YES,ASOS_AVAILABLE,DIRECT_MATCH,HIGH
12588,"Duluth, MN: Sky Harbor",KPHX,YES,ASOS_AVAILABLE,DIRECT_MATCH,HIGH
12589,"Cloquet, MN: Cloquet Carlton County",NOT_FOUND,NO,NO_ICAO_CODE,NO_MATCH,UNKNOWN
12590,"San Clemente Island, CA: San Clemente Island Nalf",KSAN,YES,ASOS_AVAILABLE,DIRECT_MATCH,HIGH
12591,"Hog River, AK: Hog River Airport",NOT_FOUND,NO,NO_ICAO_CODE,NO_MATCH,UNKNOWN
12592,"Quincy, WA: Quincy Municipal",NOT_FOUND,NO,NO_ICAO_CODE,NO_MATCH,UNKNOWN
12593,"American Falls, ID: Savage Field",NOT_FOUND,NO,NO_ICAO_CODE,NO_MATCH,UNKNOWN
12594,"Prospect, OR: Prospect State",NOT_FOUND,NO,NO_ICAO_CODE,NO_MATCH,UNKNOWN
12595,"Brooksville, FL: Brooksville Tampa Bay Regional",KTPA,YES,ASOS_AVAILABLE,DIRECT_MATCH,HIGH
12596,"Laurel, MT: Laurel Municipal",NOT_FOUND,NO,NO_ICAO_CODE,NO_MATCH,UNKNOWN
12598,"Arlington, TX: Arlington Municipal",NOT_FOUND,NO,NO_ICAO_CODE,NO_MATCH,UNKNOWN
12599,"Bennington, VT: William H. Morse State",NOT_FOUND,NO,NO_ICAO_CODE,NO_MATCH,UNKNOWN
12600,"Little Rock, AR: North Little Rock Municipal",KLIT,YES,ASOS_AVAILABLE,DIRECT_MATCH,HIGH
12601,"Evergreen, AL: Evergreen Regional Middleton Field",NOT_FOUND,NO,NO_ICAO_CODE,NO_MATCH,UNKNOWN
12602,"Angwin, CA: Angwin-Parrett Field",NOT_FOUND,NO,NO_ICAO_CODE,NO_MATCH,UNKNOWN
12603,"Grangeville, ID: Idaho County",NOT_FOUND,NO,NO_ICAO_CODE,NO_MATCH,UNKNOWN
12604,"Taszar, Hungary: Taszar Airport",NOT_FOUND,NO,NO_ICAO_CODE,INTERNATIONAL,UNKNOWN
12605,"Russellville, KY: Russellville-Logan County",KBOS,YES,ASOS_AVAILABLE,DIRECT_MATCH,HIGH
12606,"Kasama, Zambia: Kasama Airport",NOT_FOUND,NO,NO_ICAO_CODE,INTERNATIONAL,UNKNOWN
12607,"Kariba, Zimbabwe: Kariba International",NOT_FOUND,NO,NO_ICAO_CODE,INTERNATIONAL,UNKNOWN
12608,"Kameshli, Syria: Kamishly",NOT_FOUND,NO,NO_ICAO_CODE,INTERNATIONAL,UNKNOWN
12609,"Kaduna, Nigeria: Kaduna Airport",NOT_FOUND,NO,NO_ICAO_CODE,INTERNATIONAL,UNKNOWN
12610,"Kake, AK: Kake Seaplane Base",NOT_FOUND,NO,PRIVATE/SPECIAL_USE,NO_MATCH,UNKNOWN
12611,"Kangnung, South Korea: Kangung",NOT_FOUND,NO,INTERNATIONAL,INTERNATIONAL,UNKNOWN
12613,"Kaieteur, Guyana: Kaieteur Airport",NOT_FOUND,NO,NO_ICAO_CODE,INTERNATIONAL,UNKNOWN
12614,"Kajaani, Finland: Kajaani Airport",NOT_FOUND,NO,NO_ICAO_CODE,INTERNATIONAL,UNKNOWN
12615,"Kaltag, AK: Kaltag Airport",NOT_FOUND,NO,NO_ICAO_CODE,NO_MATCH,UNKNOWN
12616,"Kano, Nigeria: Mallam Aminu Kano International",NOT_FOUND,NO,NO_ICAO_CODE,INTERNATIONAL,UNKNOWN
12617,"Kuusamo, Finland: Kuusamo Airport",NOT_FOUND,NO,NO_ICAO_CODE,INTERNATIONAL,UNKNOWN
12618,"Kamarang, Guyana: Kamarang Airport",NOT_FOUND,NO,NO_ICAO_CODE,INTERNATIONAL,UNKNOWN
12619,"Kaitaia, New Zealand: Kaitaia Airport",NOT_FOUND,NO,NO_ICAO_CODE,INTERNATIONAL,UNKNOWN
12620,"Kawthaung, Burma: Kawthaung Airport",NOT_FOUND,NO,NO_ICAO_CODE,INTERNATIONAL,UNKNOWN
12621,"Birch Creek, AK: Birch Creek Airport",NOT_FOUND,NO,NO_ICAO_CODE,NO_MATCH,UNKNOWN
12622,"Bell Island, AK: Bell Island Hot Springs Seaplane Base",NOT_FOUND,NO,PRIVATE/SPECIAL_USE,NO_MATCH,UNKNOWN
12623,"Kabalega Falls, Uganda: Pakuba",NOT_FOUND,NO,NO_ICAO_CODE,INTERNATIONAL,UNKNOWN
12624,"Klag Bay, AK: Klag Bay Airport",NOT_FOUND,NO,NO_ICAO_CODE,NO_MATCH,UNKNOWN
12625,"Kabul, Afghanistan: Kabul International",NOT_FOUND,NO,NO_ICAO_CODE,INTERNATIONAL,UNKNOWN
12626,"Kabalo, Congo (Kinshasa): Kabalo Airport",NOT_FOUND,NO,NO_ICAO_CODE,INTERNATIONAL,UNKNOWN
12627,"Kiev, Ukraine: Boryspil International",NOT_FOUND,NO,NO_ICAO_CODE,INTERNATIONAL,UNKNOWN
12628,"Kota Bharu, Malaysia: Sultan Ismail Petra",NOT_FOUND,NO,NO_ICAO_CODE,INTERNATIONAL,UNKNOWN
12629,"Bo, Sierra Leone: Bo Airport",NOT_FOUND,NO,NO_ICAO_CODE,INTERNATIONAL,UNKNOWN
12630,"Krabi, Thailand: Krabi Airport",NOT_FOUND,NO,NO_ICAO_CODE,INTERNATIONAL,UNKNOWN
12631,"Chignik, AK: Chignik Bay",NOT_FOUND,NO,NO_ICAO_CODE,NO_MATCH,UNKNOWN
12632,"Kuqa, China: Kuche",NOT_FOUND,NO,INTERNATIONAL,INTERNATIONAL,UNKNOWN
12633,"Coffman Cove, AK: Coffman Cove Seaplane Base",NOT_FOUND,NO,PRIVATE/SPECIAL_USE,NO_MATCH,UNKNOWN
12634,"Collinsville, Australia: Collinsville Airport",NOT_FOUND,NO,INTERNATIONAL,INTERNATIONAL,UNKNOWN
12635,"Chignik Bay, AK: Chignik Bay Airport",NOT_FOUND,NO,NO_ICAO_CODE,NO_MATCH,UNKNOWN
12636,"Kuching, Malaysia: Kuching International",NOT_FOUND,NO,NO_ICAO_CODE,INTERNATIONAL,UNKNOWN
12637,"Kansas City, KS: Fairfax Municipal",KMCI,YES,ASOS_AVAILABLE,DIRECT_MATCH,HIGH
12638,"Chignik Lagoon, AK: Chignik Lagoon Airport",NOT_FOUND,NO,NO_ICAO_CODE,NO_MATCH,UNKNOWN
12639,"Chernofski, AK: Chernofski Harbor",NOT_FOUND,NO,NO_ICAO_CODE,NO_MATCH,UNKNOWN
12641,"Chignik, AK: Chignik Lake",NOT_FOUND,NO,NO_ICAO_CODE,NO_MATCH,UNKNOWN
12642,"Colorado Creek, AK: Colorado Creek Airport",NOT_FOUND,NO,NO_ICAO_CODE,NO_MATCH,UNKNOWN
12644,"Kochi, Japan: Kochi Airport",NOT_FOUND,NO,INTERNATIONAL,INTERNATIONAL,UNKNOWN
12645,"Kandahar, Afghanistan: Kandahar Airport",NOT_FOUND,NO,NO_ICAO_CODE,INTERNATIONAL,UNKNOWN
12646,"N Djole, Gabon: N Djole Airport",NOT_FOUND,NO,NO_ICAO_CODE,NO_STATE_CODE,UNKNOWN
12647,"Kodiak, AK: Kodiak Municipal",PADQ,YES,ASOS_AVAILABLE,DIRECT_MATCH,HIGH
12648,"Kamphang Saen, Thailand: Kamphang Saen Airport",NOT_FOUND,NO,NO_ICAO_CODE,INTERNATIONAL,UNKNOWN
12649,"Nanwalek, AK: Nanwalek Airport",NOT_FOUND,NO,NO_ICAO_CODE,NO_MATCH,UNKNOWN
12650,"Kaedi, Mauritania: Kaedi Airport",NOT_FOUND,NO,NO_ICAO_CODE,NO_STATE_CODE,UNKNOWN
12651,"Keflavik/Reykjavik, Iceland: Keflavik International",NOT_FOUND,NO,NO_ICAO_CODE,INTERNATIONAL,UNKNOWN
12652,"Kenmore, WA: Kenmore Air Harbor",NOT_FOUND,NO,NO_ICAO_CODE,NO_MATCH,UNKNOWN
12653,"Ekwok, AK: Ekwok Airport",NOT_FOUND,NO,NO_ICAO_CODE,NO_MATCH,UNKNOWN
12654,"Kiel, Germany: Kiel/Holtenau",NOT_FOUND,NO,INTERNATIONAL,INTERNATIONAL,UNKNOWN
12655,"Kemi, Finland: Kemi Tornio",NOT_FOUND,NO,NO_ICAO_CODE,INTERNATIONAL,UNKNOWN
12656,"Kenema, Sierra Leone: Kenema Airport",NOT_FOUND,NO,NO_ICAO_CODE,INTERNATIONAL,UNKNOWN
12657,"Odienne, Cote d'Ivoire: Odienne IV Coast",NOT_FOUND,NO,NO_ICAO_CODE,NO_STATE_CODE,UNKNOWN
12658,"Nepalganj, Nepal: Nepalgunj",NOT_FOUND,NO,NO_ICAO_CODE,INTERNATIONAL,UNKNOWN
12659,"Kerman, Iran: Kerman International",NOT_FOUND,NO,NO_ICAO_CODE,INTERNATIONAL,UNKNOWN
12661,"Key Largo, FL: Ocean Reef Club",NOT_FOUND,NO,NO_ICAO_CODE,NO_MATCH,UNKNOWN
12662,"Kiffa, Mauritania: Kiffa Airport",NOT_FOUND,NO,NO_ICAO_CODE,NO_STATE_CODE,UNKNOWN
12663,"False Pass, AK: False Pass Airport",NOT_FOUND,NO,NO_ICAO_CODE,NO_MATCH,UNKNOWN
12664,"Kananga, Congo (Kinshasa): Kananga Airport",NOT_FOUND,NO,NO_ICAO_CODE,INTERNATIONAL,UNKNOWN
12665,"Kingscote, Australia: Kingscote Kangaroo Island",NOT_FOUND,NO,INTERNATIONAL,INTERNATIONAL,UNKNOWN
12666,"Kaliningrad, Russia: Khrabrovo",NOT_FOUND,NO,INTERNATIONAL,INTERNATIONAL,UNKNOWN
12667,"Karaganda, Kazakhstan: Karaganda Airport",NOT_FOUND,NO,NO_ICAO_CODE,INTERNATIONAL,UNKNOWN
12668,"Kedougou, Senegal: Kedougou Airport",NOT_FOUND,NO,NO_ICAO_CODE,INTERNATIONAL,UNKNOWN
12669,"Kalgoorlie, Australia: Kalgoorlie Airport",NOT_FOUND,NO,INTERNATIONAL,INTERNATIONAL,UNKNOWN
12670,"Karonga, Malawi: Karonga Airport",NOT_FOUND,NO,NO_ICAO_CODE,INTERNATIONAL,UNKNOWN
12671,"Koliganek, AK: Koliganek Airport",NOT_FOUND,NO,NO_ICAO_CODE,NO_MATCH,UNKNOWN
12672,"Kigali, Rwanda: Kigali International",NOT_FOUND,NO,NO_ICAO_CODE,INTERNATIONAL,UNKNOWN
12674,"Kos, Greece: Kos Airport",NOT_FOUND,NO,NO_ICAO_CODE,INTERNATIONAL,UNKNOWN
12675,"Keningau, Malaysia: Keningau Airport",NOT_FOUND,NO,NO_ICAO_CODE,INTERNATIONAL,UNKNOWN
12676,"Grayling, AK: Grayling Airport",NOT_FOUND,NO,NO_ICAO_CODE,NO_MATCH,UNKNOWN
12677,"Glacier Creek, AK: Glacier Creek Airport",NOT_FOUND,NO,NO_ICAO_CODE,NO_MATCH,UNKNOWN
12679,"Kherson, Ukraine: Kherson Airport",NOT_FOUND,NO,NO_ICAO_CODE,INTERNATIONAL,UNKNOWN
12680,"Kaohsiung, Taiwan: Kaohsiung International",NOT_FOUND,NO,NO_ICAO_CODE,INTERNATIONAL,UNKNOWN
12681,"Karachi, Pakistan: Jinnah International",NOT_FOUND,NO,NO_ICAO_CODE,INTERNATIONAL,UNKNOWN
12682,"Khark, Iran: Khark Island",NOT_FOUND,NO,NO_ICAO_CODE,INTERNATIONAL,UNKNOWN
12683,"Khamti, Burma: Kanti",NOT_FOUND,NO,NO_ICAO_CODE,INTERNATIONAL,UNKNOWN
12684,"Nanchang, China: Changbei International",NOT_FOUND,NO,INTERNATIONAL,INTERNATIONAL,UNKNOWN
12685,"Khabarovsk, Russia: Khabarovsk Novy",NOT_FOUND,NO,INTERNATIONAL,INTERNATIONAL,UNKNOWN
12686,"Ivanof Bay, AK: Ivanof Bay Seaplane Base",NOT_FOUND,NO,PRIVATE/SPECIAL_USE,NO_MATCH,UNKNOWN
12687,"Kristianstad, Sweden: Kristianstad Airport",NOT_FOUND,NO,NO_ICAO_CODE,INTERNATIONAL,UNKNOWN
12688,"Bougainville Island, Papua New Guinea: Kieta",NOT_FOUND,NO,NO_ICAO_CODE,INTERNATIONAL,UNKNOWN
12689,"Kish Island, Iran: Kish International",NOT_FOUND,NO,NO_ICAO_CODE,INTERNATIONAL,UNKNOWN
12690,"Niigata, Japan: Niigata Airport",NOT_FOUND,NO,INTERNATIONAL,INTERNATIONAL,UNKNOWN
12691,"Kirkuk, Iraq: Kirkuk International",NOT_FOUND,NO,NO_ICAO_CODE,INTERNATIONAL,UNKNOWN
12692,"Kimberley, South Africa: Kimberley Airport",NOT_FOUND,NO,NO_ICAO_CODE,INTERNATIONAL,UNKNOWN
12693,"Kingston, Jamaica: Norman Manley International",NOT_FOUND,NO,NO_ICAO_CODE,INTERNATIONAL,UNKNOWN
12694,"Kerry County, Ireland: Kerry",NOT_FOUND,NO,NO_ICAO_CODE,INTERNATIONAL,UNKNOWN
12695,"Kisumu, Kenya: Kisumu Airport",NOT_FOUND,NO,NO_ICAO_CODE,INTERNATIONAL,UNKNOWN
12696,"Kithira, Greece: Alexandros Aristotelous Onassis",NOT_FOUND,NO,NO_ICAO_CODE,INTERNATIONAL,UNKNOWN
12697,"Kishinev, Moldova: Chisinau International",NOT_FOUND,NO,NO_ICAO_CODE,INTERNATIONAL,UNKNOWN
12698,"Kitwe, Zambia: Kitwe/Nkana",NOT_FOUND,NO,NO_ICAO_CODE,INTERNATIONAL,UNKNOWN
12699,"Osaka, Japan: Kansai International",NOT_FOUND,NO,INTERNATIONAL,INTERNATIONAL,UNKNOWN
12700,"Kilwa, Tanzania: Kilwa Masoko",NOT_FOUND,NO,NO_ICAO_CODE,INTERNATIONAL,UNKNOWN
12701,"Krasnojarsk, Russia: Krasnoyarsk",NOT_FOUND,NO,INTERNATIONAL,INTERNATIONAL,UNKNOWN
12702,"Kortrijk, Belgium: Kortrijk Wevelgem",NOT_FOUND,NO,NO_ICAO_CODE,INTERNATIONAL,UNKNOWN
12703,"Taichung, Taiwan: Ching Chuan Kang AB",NOT_FOUND,NO,NO_ICAO_CODE,INTERNATIONAL,UNKNOWN
12704,"Koyuk, AK: Koyuk Alfred Adams",NOT_FOUND,NO,NO_ICAO_CODE,NO_MATCH,UNKNOWN
12705,"Kitoi Bay, AK: Kitoi Bay Airport",NOT_FOUND,NO,NO_ICAO_CODE,NO_MATCH,UNKNOWN
12706,"Khon Kaen, Thailand: Khon Kaen Airport",NOT_FOUND,NO,NO_ICAO_CODE,INTERNATIONAL,UNKNOWN
12707,"Kerikeri, New Zealand: Kerikeri Airport",NOT_FOUND,NO,NO_ICAO_CODE,INTERNATIONAL,UNKNOWN
12708,"Kongiganak, AK: Kongiganak Airport",NOT_FOUND,NO,NO_ICAO_CODE,NO_MATCH,UNKNOWN
12709,"Akiachak, AK: Akiachak Airport",NOT_FOUND,NO,NO_ICAO_CODE,NO_MATCH,UNKNOWN
12710,"Kitakyushu, Japan: Kitakyushu Airport",NOT_FOUND,NO,INTERNATIONAL,INTERNATIONAL,UNKNOWN
12711,"Kalakaket, AK: Kalakaket Creek AS",NOT_FOUND,NO,NO_ICAO_CODE,NO_MATCH,UNKNOWN
12712,"Karluk Lake, AK: Karluk Lake Seaplane Base",NOT_FOUND,NO,PRIVATE/SPECIAL_USE,NO_MATCH,UNKNOWN
12713,"Kirkenes, Norway: Kirkenes Airport",NOT_FOUND,NO,NO_ICAO_CODE,INTERNATIONAL,UNKNOWN
12714,"Kaikohe, New Zealand: Kaikohe Airport",NOT_FOUND,NO,NO_ICAO_CODE,INTERNATIONAL,UNKNOWN
12716,"Ekuk, AK: Ekuk Airport",NOT_FOUND,NO,NO_ICAO_CODE,NO_MATCH,UNKNOWN
12717,"Kikwit, Congo (Kinshasa): Kikwit Airport",NOT_FOUND,NO,NO_ICAO_CODE,INTERNATIONAL,UNKNOWN
12718,"Kalabo, Zambia: Kalabo Airport",NOT_FOUND,NO,NO_ICAO_CODE,INTERNATIONAL,UNKNOWN
12719,"Kalskag, AK: Kalskag Airport",NOT_FOUND,NO,NO_ICAO_CODE,NO_MATCH,UNKNOWN
12720,"Levelock, AK: Levelock Airport",NOT_FOUND,NO,NO_ICAO_CODE,NO_MATCH,UNKNOWN
12721,"Larsen Bay, AK: Larsen Bay Airport",NOT_FOUND,NO,NO_ICAO_CODE,NO_MATCH,UNKNOWN
12722,"Kalibo, Philippines: Kalibo International",NOT_FOUND,NO,NO_ICAO_CODE,INTERNATIONAL,UNKNOWN
12723,"Kelp Bay, AK: Kelp Bay Airport",NOT_FOUND,NO,NO_ICAO_CODE,NO_MATCH,UNKNOWN
12724,"Kalmar, Sweden: Kalmar Airport",NOT_FOUND,NO,NO_ICAO_CODE,INTERNATIONAL,UNKNOWN
12725,"Kelso, WA: Southwest Washington Regional",KDCA,YES,ASOS_AVAILABLE,DIRECT_MATCH,HIGH
12726,"Klagenfurt, Austria: Klagenfurt Airport",NOT_FOUND,NO,NO_ICAO_CODE,INTERNATIONAL,UNKNOWN
12727,"Karlovy Vary, Czech Republic: Karlovy Vary Airport",NOT_FOUND,NO,NO_ICAO_CODE,INTERNATIONAL,UNKNOWN
12728,"Klawock, AK: Klawock Airport",NOT_FOUND,NO,NO_ICAO_CODE,NO_MATCH,UNKNOWN
12729,"Kalamata, Greece: Kalamata Airport",NOT_FOUND,NO,NO_ICAO_CODE,INTERNATIONAL,UNKNOWN
12730,"Kerema, Papua New Guinea: Kerema Airport",NOT_FOUND,NO,NO_ICAO_CODE,INTERNATIONAL,UNKNOWN
12731,"King Khalid Military City, Saudi Arabia: King Saud AB",NOT_FOUND,NO,NO_ICAO_CODE,INTERNATIONAL,UNKNOWN
12732,"Kamina, Papua New Guinea: Kamina Airport",NOT_FOUND,NO,NO_ICAO_CODE,INTERNATIONAL,UNKNOWN
12733,"Kunming, China: Wujiaba",NOT_FOUND,NO,INTERNATIONAL,INTERNATIONAL,UNKNOWN
12734,"Miyazaki, Japan: Miyazaki Airport",NOT_FOUND,NO,INTERNATIONAL,INTERNATIONAL,UNKNOWN
12735,"Kumamoto, Japan: Kumamoto Airport",NOT_FOUND,NO,INTERNATIONAL,INTERNATIONAL,UNKNOWN
12736,"Kamina, Congo (Kinshasa): Kamina Base",NOT_FOUND,NO,NO_ICAO_CODE,INTERNATIONAL,UNKNOWN
12737,"Manokotak, AK: Manokatak Seaplane Base",NOT_FOUND,NO,PRIVATE/SPECIAL_USE,NO_MATCH,UNKNOWN
12738,"Keetmanshoop, Namibia: Keetmanshoop Airport",NOT_FOUND,NO,NO_ICAO_CODE,INTERNATIONAL,UNKNOWN
12739,"Komatsu, Japan: Komatsu Airport",NOT_FOUND,NO,INTERNATIONAL,INTERNATIONAL,UNKNOWN
12740,"Kumasi, Ghana: Kumasi Airport",NOT_FOUND,NO,NO_ICAO_CODE,INTERNATIONAL,UNKNOWN
12741,"Kisimayu, Somalia: Kismayo",NOT_FOUND,NO,NO_ICAO_CODE,INTERNATIONAL,UNKNOWN
12742,"Khamis Mushait, Saudi Arabia: Khamis Mushait Airport",NOT_FOUND,NO,NO_ICAO_CODE,INTERNATIONAL,UNKNOWN
12743,"Moser Bay, AK: Moser Bay Airport",NOT_FOUND,NO,NO_ICAO_CODE,NO_MATCH,UNKNOWN
12744,"Kaoma, Zambia: Kaoma Airport",NOT_FOUND,NO,NO_ICAO_CODE,INTERNATIONAL,UNKNOWN
12745,"Kanab, UT: Kanab Municipal",NOT_FOUND,NO,NO_ICAO_CODE,NO_MATCH,UNKNOWN
12746,"Kindu, Congo (Kinshasa): Kindu Airport",NOT_FOUND,NO,NO_ICAO_CODE,INTERNATIONAL,UNKNOWN
12748,"Kokhanok, AK: Kokhanok Airport",NOT_FOUND,NO,NO_ICAO_CODE,NO_MATCH,UNKNOWN
12749,"Kankan, Guinea: Kankan Airport",NOT_FOUND,NO,NO_ICAO_CODE,INTERNATIONAL,UNKNOWN
12751,"Capanda, Angola: Capanda Dam",NOT_FOUND,NO,NO_ICAO_CODE,INTERNATIONAL,UNKNOWN
12752,"King Island, Australia: King Island Airport",NOT_FOUND,NO,INTERNATIONAL,INTERNATIONAL,UNKNOWN
12753,"Kennett, MO: Kennett Memorial",NOT_FOUND,NO,NO_ICAO_CODE,NO_MATCH,UNKNOWN
12754,"Kanpur, India: Kanpur/Chakeri",NOT_FOUND,NO,INTERNATIONAL,INTERNATIONAL,UNKNOWN
12755,"New Stuyahok, AK: New Stuyahok Airport",NOT_FOUND,NO,NO_ICAO_CODE,NO_MATCH,UNKNOWN
12756,"Kununurra, Australia: Kununurra Airport",NOT_FOUND,NO,INTERNATIONAL,INTERNATIONAL,UNKNOWN
12757,"Kenieba, Mali: Kenieba Airport",NOT_FOUND,NO,NO_ICAO_CODE,INTERNATIONAL,UNKNOWN
12758,"Kona, HI: Ellison Onizuka Kona International at Keahole",PHKO,YES,ASOS_AVAILABLE,DIRECT_MATCH,HIGH
12760,"Kupang, Indonesia: El Tari",NOT_FOUND,NO,NO_ICAO_CODE,INTERNATIONAL,UNKNOWN
12761,"Koolatah, Australia: Koolatah Airport",NOT_FOUND,NO,INTERNATIONAL,INTERNATIONAL,UNKNOWN
12762,"Kirkwall, United Kingdom: Kirkwall Airport",NOT_FOUND,NO,INTERNATIONAL,INTERNATIONAL,UNKNOWN
12763,"Kagoshima, Japan: Kagoshima Airport",NOT_FOUND,NO,INTERNATIONAL,INTERNATIONAL,UNKNOWN
12764,"Kokkola/Pietarsaari, Finland: Kokkola Pietarsaari",NOT_FOUND,NO,NO_ICAO_CODE,INTERNATIONAL,UNKNOWN
12765,"Kontum, Vietnam: Kontum Airport",NOT_FOUND,NO,NO_ICAO_CODE,INTERNATIONAL,UNKNOWN
12766,"Nakhon Phanom, Thailand: Nakhon Phanom Airport",NOT_FOUND,NO,NO_ICAO_CODE,INTERNATIONAL,UNKNOWN
12767,"Kokoro, Papua New Guinea: Kokoro Airport",NOT_FOUND,NO,NO_ICAO_CODE,INTERNATIONAL,UNKNOWN
12768,"Kompongsom, Cambodia: Kompongsom Airport",NOT_FOUND,NO,NO_ICAO_CODE,INTERNATIONAL,UNKNOWN
12769,"Kotlik, AK: Kotlik Airport",NOT_FOUND,NO,NO_ICAO_CODE,NO_MATCH,UNKNOWN
12770,"Ganzhou, China: Ganzhou Airport",NOT_FOUND,NO,INTERNATIONAL,INTERNATIONAL,UNKNOWN
12771,"Olga Bay, AK: Olga Bay Seaplane Base",NOT_FOUND,NO,PRIVATE/SPECIAL_USE,NO_MATCH,UNKNOWN
12772,"Ouzinkie, AK: Ouzinkie Airport",NOT_FOUND,NO,NO_ICAO_CODE,NO_MATCH,UNKNOWN
12773,"Point Baker, AK: Point Baker Airport",NOT_FOUND,NO,NO_ICAO_CODE,NO_MATCH,UNKNOWN
12774,"Port Clarence, AK: Port Clarence CGS",NOT_FOUND,NO,NO_ICAO_CODE,NO_MATCH,UNKNOWN
12775,"Pauloff Harbor, AK: Pauloff Harbor Airport",NOT_FOUND,NO,NO_ICAO_CODE,NO_MATCH,UNKNOWN
12776,"Kapit, Malaysia: Kapit Airport",NOT_FOUND,NO,NO_ICAO_CODE,INTERNATIONAL,UNKNOWN
12777,"Parks, AK: Parks Seaplane Base",NOT_FOUND,NO,PRIVATE/SPECIAL_USE,NO_MATCH,UNKNOWN
12778,"Napamute, AK: Napamute Airport",NOT_FOUND,NO,NO_ICAO_CODE,NO_MATCH,UNKNOWN
12779,"Kipnuk, AK: Kipnuk Airport",NOT_FOUND,NO,NO_ICAO_CODE,NO_MATCH,UNKNOWN
12780,"Pohang, South Korea: Pohang Gyeongju",NOT_FOUND,NO,INTERNATIONAL,INTERNATIONAL,UNKNOWN
12781,"Kalpowar, Australia: Kalpower",NOT_FOUND,NO,INTERNATIONAL,INTERNATIONAL,UNKNOWN
12782,"Port Williams, AK: Port Williams Airport",NOT_FOUND,NO,NO_ICAO_CODE,NO_MATCH,UNKNOWN
12783,"Kempsey, Australia: Kempsey Airport",NOT_FOUND,NO,INTERNATIONAL,INTERNATIONAL,UNKNOWN
12784,"Perryville, AK: Perryville Airport",NOT_FOUND,NO,NO_ICAO_CODE,NO_MATCH,UNKNOWN
12785,"Port Bailey, AK: Port Bailey Airport",NOT_FOUND,NO,NO_ICAO_CODE,NO_MATCH,UNKNOWN
12786,"Akutan, AK: Akutan Airport",NOT_FOUND,NO,NO_ICAO_CODE,NO_MATCH,UNKNOWN
12787,"Karumba, Australia: Karumba Airport",NOT_FOUND,NO,INTERNATIONAL,INTERNATIONAL,UNKNOWN
12788,"Kramfors, Sweden: Kramfors Solleftea",NOT_FOUND,NO,NO_ICAO_CODE,INTERNATIONAL,UNKNOWN
12789,"Krakow, Poland: John Paul II - Balice",NOT_FOUND,NO,NO_ICAO_CODE,INTERNATIONAL,UNKNOWN
12790,"Kasitsna Bay, AK: Kasitsna",NOT_FOUND,NO,NO_ICAO_CODE,NO_MATCH,UNKNOWN
12791,"Kiruna, Sweden: Kiruna Airport",NOT_FOUND,NO,NO_ICAO_CODE,INTERNATIONAL,UNKNOWN
12792,"Karup, Denmark: Midtjyllands Lufthavn",NOT_FOUND,NO,NO_ICAO_CODE,INTERNATIONAL,UNKNOWN
12793,"Krasnodar, Russia: Pashkovskiy",NOT_FOUND,NO,INTERNATIONAL,INTERNATIONAL,UNKNOWN
12794,"Kristiansand, Norway: Kjevik",NOT_FOUND,NO,NO_ICAO_CODE,INTERNATIONAL,UNKNOWN
12795,"Khartoum, Sudan: Khartoum Airport",NOT_FOUND,NO,NO_ICAO_CODE,INTERNATIONAL,UNKNOWN
12796,"Burlington, KS: Coffey County",KBTV,YES,ASOS_AVAILABLE,DIRECT_MATCH,HIGH
12798,"Kosrae, Federated States of Micronesia: Kosrae Airport",NOT_FOUND,NO,NO_ICAO_CODE,NO_STATE_CODE,UNKNOWN
12799,"Kosice, Slovakia: Kosice Airport",NOT_FOUND,NO,NO_ICAO_CODE,INTERNATIONAL,UNKNOWN
12800,"Karlstad, Sweden: Karlstad Airport",NOT_FOUND,NO,NO_ICAO_CODE,INTERNATIONAL,UNKNOWN
12801,"Kasese, Uganda: Kasese Airport",NOT_FOUND,NO,NO_ICAO_CODE,INTERNATIONAL,UNKNOWN
12802,"Kassel, Germany: Kassel Calden",NOT_FOUND,NO,INTERNATIONAL,INTERNATIONAL,UNKNOWN
12803,"Kermanshah, Iran: Shahid Ashrafi Esfahani",NOT_FOUND,NO,NO_ICAO_CODE,INTERNATIONAL,UNKNOWN
12804,"Kissidougou, Guinea: Kissidougou Airport",NOT_FOUND,NO,NO_ICAO_CODE,INTERNATIONAL,UNKNOWN
12805,"Karshi, Uzbekistan: Karshi Airport",NOT_FOUND,NO,NO_ICAO_CODE,INTERNATIONAL,UNKNOWN
12806,"Kassala, Sudan: Kassala Airport",NOT_FOUND,NO,NO_ICAO_CODE,INTERNATIONAL,UNKNOWN
12807,"St. Mary's, AK: St. Mary's Airport",NOT_FOUND,NO,NO_ICAO_CODE,NO_MATCH,UNKNOWN
12809,"Kastoria, Greece: Kastoria Airport",NOT_FOUND,NO,NO_ICAO_CODE,INTERNATIONAL,UNKNOWN
12810,"Kosipe, Papua New Guinea: Kosipe Airport",NOT_FOUND,NO,NO_ICAO_CODE,INTERNATIONAL,UNKNOWN
12811,"Karshi, Uzbekistan: Karshi Khanabad",NOT_FOUND,NO,NO_ICAO_CODE,INTERNATIONAL,UNKNOWN
12812,"Sandy River, AK: Federal No.1",NOT_FOUND,NO,NO_ICAO_CODE,NO_MATCH,UNKNOWN
12813,"Kristiansund, Norway: Kvernberget",NOT_FOUND,NO,NO_ICAO_CODE,INTERNATIONAL,UNKNOWN
12814,"Karratha, Australia: Karratha Airport",NOT_FOUND,NO,INTERNATIONAL,INTERNATIONAL,UNKNOWN
12815,"Thorne Bay, AK: Thorne Bay Seaplane Base",NOT_FOUND,NO,PRIVATE/SPECIAL_USE,NO_MATCH,UNKNOWN
12817,"Kitale, Kenya: Kitale Airport",NOT_FOUND,NO,NO_ICAO_CODE,INTERNATIONAL,UNKNOWN
12818,"Kathmandu, Nepal: Tribhuvan International",NOT_FOUND,NO,NO_ICAO_CODE,INTERNATIONAL,UNKNOWN
12819,"Ketchikan, AK: Ketchikan International",PAKT,YES,ASOS_AVAILABLE,DIRECT_MATCH,HIGH
12820,"Kingston, Jamaica: Tinson Pen",NOT_FOUND,NO,NO_ICAO_CODE,INTERNATIONAL,UNKNOWN
12821,"Katherine, Australia: Katherine Airport",NOT_FOUND,NO,INTERNATIONAL,INTERNATIONAL,UNKNOWN
12822,"Brevig Mission, AK: Brevig Mission Airport",NOT_FOUND,NO,NO_ICAO_CODE,NO_MATCH,UNKNOWN
12823,"Kittila, Finland: Kittila Airport",NOT_FOUND,NO,NO_ICAO_CODE,INTERNATIONAL,UNKNOWN
12824,"Katowice, Poland: Pyrzowice",NOT_FOUND,NO,NO_ICAO_CODE,INTERNATIONAL,UNKNOWN
12826,"Kuantan, Malaysia: Kuantan Airport",NOT_FOUND,NO,NO_ICAO_CODE,INTERNATIONAL,UNKNOWN
12827,"Kudat, Malaysia: Kudat Airport",NOT_FOUND,NO,NO_ICAO_CODE,INTERNATIONAL,UNKNOWN
12828,"Samara, Russia: Kurumoch",NOT_FOUND,NO,INTERNATIONAL,INTERNATIONAL,UNKNOWN
12829,"Kushiro, Japan: Kushiro Airport",NOT_FOUND,NO,INTERNATIONAL,INTERNATIONAL,UNKNOWN
12830,"Kawau Island, New Zealand: Kawau Island Airport",NOT_FOUND,NO,NO_ICAO_CODE,INTERNATIONAL,UNKNOWN
12831,"Kasigluk, AK: Kasigluk Airport",NOT_FOUND,NO,NO_ICAO_CODE,NO_MATCH,UNKNOWN
12832,"Kuala Lumpur, Malaysia: Kuala Lumpur International",NOT_FOUND,NO,NO_ICAO_CODE,INTERNATIONAL,UNKNOWN
12833,"Yakushima, Japan: Yakushima Airport",NOT_FOUND,NO,INTERNATIONAL,INTERNATIONAL,UNKNOWN
12834,"Kaunas, Lithuania: Kaunas International",NOT_FOUND,NO,NO_ICAO_CODE,INTERNATIONAL,UNKNOWN
12835,"Kuopio, Finland: Kuopio Airport",NOT_FOUND,NO,NO_ICAO_CODE,INTERNATIONAL,UNKNOWN
12836,"Gunsan, South Korea: Kunsan AB",NOT_FOUND,NO,INTERNATIONAL,INTERNATIONAL,UNKNOWN
12837,"Kugururok River, AK: Kugururok River Airport",NOT_FOUND,NO,NO_ICAO_CODE,NO_MATCH,UNKNOWN
12838,"Kamusi, Papua New Guinea: Kamusi Airport",NOT_FOUND,NO,NO_ICAO_CODE,INTERNATIONAL,UNKNOWN
12840,"Kavala, Greece: Megas Alexandros International",NOT_FOUND,NO,NO_ICAO_CODE,INTERNATIONAL,UNKNOWN
12841,"King Cove, AK: King Cove Airport",NOT_FOUND,NO,NO_ICAO_CODE,NO_MATCH,UNKNOWN
12843,"Kavieng, Papua New Guinea: Kavieng Airport",NOT_FOUND,NO,NO_ICAO_CODE,INTERNATIONAL,UNKNOWN
12844,"Kivalina, AK: Kivalina Airport",NOT_FOUND,NO,NO_ICAO_CODE,NO_MATCH,UNKNOWN
12845,"Kwajalein, Marshall Islands: Bucholz AAF",NOT_FOUND,NO,NO_ICAO_CODE,NO_STATE_CODE,UNKNOWN
12846,"Guiyang, China: Longdongbao",NOT_FOUND,NO,INTERNATIONAL,INTERNATIONAL,UNKNOWN
12847,"Waterfall, AK: Waterfall Seaplane Base",NOT_FOUND,NO,PRIVATE/SPECIAL_USE,NO_MATCH,UNKNOWN
12849,"Kuwait, Kuwait: Kuwait International",NOT_FOUND,NO,NO_ICAO_CODE,INTERNATIONAL,UNKNOWN
12850,"Gwangju, South Korea: Gwangju Airport",NOT_FOUND,NO,INTERNATIONAL,INTERNATIONAL,UNKNOWN
12851,"Kwigillingok, AK: Kwigillingok Airport",NOT_FOUND,NO,NO_ICAO_CODE,NO_MATCH,UNKNOWN
12852,"Guilin, China: Liangjiang",NOT_FOUND,NO,INTERNATIONAL,INTERNATIONAL,UNKNOWN
12853,"Quinhagak, AK: Quinhagak Airport",NOT_FOUND,NO,NO_ICAO_CODE,NO_MATCH,UNKNOWN
12854,"West Point, AK: West Point Village",NOT_FOUND,NO,NO_ICAO_CODE,NO_MATCH,UNKNOWN
12855,"Kwethluk, AK: Kwethluk Airport",NOT_FOUND,NO,NO_ICAO_CODE,NO_MATCH,UNKNOWN
12856,"Kolwezi, Congo (Kinshasa): Kolwezi Airport",NOT_FOUND,NO,NO_ICAO_CODE,INTERNATIONAL,UNKNOWN
12857,"Kasaan, AK: Kasaan Seaplane Base",NOT_FOUND,NO,PRIVATE/SPECIAL_USE,NO_MATCH,UNKNOWN
12858,"Komsomolsk-na-Amure, Russia: Komsomolsk South",NOT_FOUND,NO,INTERNATIONAL,INTERNATIONAL,UNKNOWN
12859,"Danville, KY: Stuart Powell Field",NOT_FOUND,NO,NO_ICAO_CODE,NO_MATCH,UNKNOWN
12860,"Sturgis, KY: Sturgis Municipal",NOT_FOUND,NO,NO_ICAO_CODE,NO_MATCH,UNKNOWN
12861,"Mount Sterling, KY: Mount Sterling Montgomery County",KMGM,YES,ASOS_AVAILABLE,DIRECT_MATCH,HIGH
12862,"Henderson, KY: Henderson City - County",NOT_FOUND,NO,NO_ICAO_CODE,NO_MATCH,UNKNOWN
12863,"Madisonville, KY: Madisonville Regional",NOT_FOUND,NO,NO_ICAO_CODE,NO_MATCH,UNKNOWN
12864,"Konya, Turkey: Konya Airport",NOT_FOUND,NO,NO_ICAO_CODE,INTERNATIONAL,UNKNOWN
12865,"Yankee Creek, AK: Yankee Creek 2",NOT_FOUND,NO,NO_ICAO_CODE,NO_MATCH,UNKNOWN
12866,"Karluk, AK: Karluk Airport",NOT_FOUND,NO,NO_ICAO_CODE,NO_MATCH,UNKNOWN
12867,"Kayes, Mali: Kayes Airport",NOT_FOUND,NO,NO_ICAO_CODE,INTERNATIONAL,UNKNOWN
12868,"Koyukuk, AK: Koyukuk Airport",NOT_FOUND,NO,NO_ICAO_CODE,NO_MATCH,UNKNOWN
12869,"Zachar Bay, AK: Zachar Bay Airport",NOT_FOUND,NO,NO_ICAO_CODE,NO_MATCH,UNKNOWN
12870,"Kizhuyak, AK: Kizhuyak Airport",NOT_FOUND,NO,NO_ICAO_CODE,NO_MATCH,UNKNOWN
12871,"Kozani, Greece: Filippos",NOT_FOUND,NO,NO_ICAO_CODE,INTERNATIONAL,UNKNOWN
12872,"Kazan, Russia: Kazan Airport",NOT_FOUND,NO,INTERNATIONAL,INTERNATIONAL,UNKNOWN
12873,"Lamar, CO: Southeast Colorado Regional",NOT_FOUND,NO,NO_ICAO_CODE,NO_MATCH,UNKNOWN
12874,"Lab Lab, Papua New Guinea: Lab Lab Airport",NOT_FOUND,NO,NO_ICAO_CODE,INTERNATIONAL,UNKNOWN
12875,"Pulau Layang-Layang, Malaysia: Pulau Layang-Layang Airport",NOT_FOUND,NO,NO_ICAO_CODE,INTERNATIONAL,UNKNOWN
12876,"Luanda, Angola: Intl 4 de Fevereiro",NOT_FOUND,NO,NO_ICAO_CODE,INTERNATIONAL,UNKNOWN
12877,"Lae, Papua New Guinea: Nadzab",NOT_FOUND,NO,NO_ICAO_CODE,INTERNATIONAL,UNKNOWN
12878,"Lafayette, IN: Purdue University",KLFT,YES,ASOS_AVAILABLE,DIRECT_MATCH,HIGH
12879,"Lannion, France: Lannion Airport",NOT_FOUND,NO,INTERNATIONAL,INTERNATIONAL,UNKNOWN
12880,"Lages, Brazil: Lages Airport",NOT_FOUND,NO,INTERNATIONAL,INTERNATIONAL,UNKNOWN
12881,"Aklavik, Canada: Aklavik Airport",NOT_FOUND,NO,INTERNATIONAL,INTERNATIONAL,UNKNOWN
12882,"Lakeland, FL: Lakeland Linder International",NOT_FOUND,NO,NO_ICAO_CODE,NO_MATCH,UNKNOWN
12883,"Los Alamos, NM: Los Alamos Airport",NOT_FOUND,NO,NO_ICAO_CODE,NO_MATCH,UNKNOWN
12884,"Lansing, MI: Capital Region International",NOT_FOUND,NO,NO_ICAO_CODE,NO_MATCH,UNKNOWN
12885,"Laoag, Philippines: Laoag International",NOT_FOUND,NO,NO_ICAO_CODE,INTERNATIONAL,UNKNOWN
12886,"La Paz, Mexico: La Paz International",NOT_FOUND,NO,INTERNATIONAL,INTERNATIONAL,UNKNOWN
12887,"Beida, Libya: El Beida",NOT_FOUND,NO,NO_ICAO_CODE,NO_STATE_CODE,UNKNOWN
12888,"Laramie, WY: Laramie Regional",NOT_FOUND,NO,NO_ICAO_CODE,NO_MATCH,UNKNOWN
12889,LAS,KLAS,YES,ASOS_AVAILABLE,DIRECT_MATCH,HIGH
12890,"Lamu, Kenya: Lamu Manda",NOT_FOUND,NO,NO_ICAO_CODE,INTERNATIONAL,UNKNOWN
12891,"Lawton/Fort Sill, OK: Lawton-Fort Sill Regional",NOT_FOUND,NO,NO_ICAO_CODE,NO_MATCH,UNKNOWN
12892,LAX,KLAX,YES,ASOS_AVAILABLE,DIRECT_MATCH,HIGH
12893,"Ladysmith, South Africa: Ladysmith Airport",NOT_FOUND,NO,NO_ICAO_CODE,INTERNATIONAL,UNKNOWN
12894,"Bom Jesus Da Lapa, Brazil: Bom Jesus Da Lapa Airport",NOT_FOUND,NO,INTERNATIONAL,INTERNATIONAL,UNKNOWN
12895,"Leeds/Bradford, United Kingdom: Leeds Bradford",NOT_FOUND,NO,INTERNATIONAL,INTERNATIONAL,UNKNOWN
12896,"Lubbock, TX: Lubbock Preston Smith International",KLBB,YES,ASOS_AVAILABLE,DIRECT_MATCH,HIGH
12897,"Luebeck, Germany: Luebeck Blankensee",NOT_FOUND,NO,INTERNATIONAL,INTERNATIONAL,UNKNOWN
12898,"Latrobe, PA: Arnold Palmer Regional",PAAQ,YES,ASOS_AVAILABLE,DIRECT_MATCH,HIGH
12899,"North Platte, NE: North Platte Regional Airport Lee Bird Field",NOT_FOUND,NO,NO_ICAO_CODE,NO_MATCH,UNKNOWN
12900,"Paris, France: Le Bourget",NOT_FOUND,NO,INTERNATIONAL,INTERNATIONAL,UNKNOWN
12901,"Albi, France: Albi Le Sequestre",NOT_FOUND,NO,INTERNATIONAL,INTERNATIONAL,UNKNOWN
12902,"Liberal, KS: Liberal Mid-America Regional",NOT_FOUND,NO,NO_ICAO_CODE,NO_MATCH,UNKNOWN
12903,"Long Banga, Malaysia: Long Banga Airport",NOT_FOUND,NO,NO_ICAO_CODE,INTERNATIONAL,UNKNOWN
12904,"Lambarene, Gabon: Lambarene Airport",NOT_FOUND,NO,NO_ICAO_CODE,NO_STATE_CODE,UNKNOWN
12905,"Labasa, Fiji: Labasa Airport",NOT_FOUND,NO,NO_ICAO_CODE,INTERNATIONAL,UNKNOWN
12906,"Lumberton, NC: Lumberton Regional",NOT_FOUND,NO,NO_ICAO_CODE,NO_MATCH,UNKNOWN
12907,"Labuan, Malaysia: Labuan Airport",NOT_FOUND,NO,NO_ICAO_CODE,INTERNATIONAL,UNKNOWN
12908,"Libreville, Gabon: Leon M Ba",NOT_FOUND,NO,NO_ICAO_CODE,NO_STATE_CODE,UNKNOWN
12909,"Lubang, Philippines: Lubang Airport",NOT_FOUND,NO,NO_ICAO_CODE,INTERNATIONAL,UNKNOWN
12910,"La Baule, France: Saint Nazaire/Montoir",NOT_FOUND,NO,INTERNATIONAL,INTERNATIONAL,UNKNOWN
12911,"Larnaca, Cyprus: Larnaka International",NOT_FOUND,NO,NO_ICAO_CODE,INTERNATIONAL,UNKNOWN
12912,"Lecce, Italy: Lecce Airport",NOT_FOUND,NO,NO_ICAO_CODE,INTERNATIONAL,UNKNOWN
12913,"La Ceiba, Honduras: Goloson International",NOT_FOUND,NO,NO_ICAO_CODE,INTERNATIONAL,UNKNOWN
12914,"A Coruna, Spain: A Coruna Airport",NOT_FOUND,NO,INTERNATIONAL,INTERNATIONAL,UNKNOWN
12915,"Lake Charles, LA: Lake Charles Regional",NOT_FOUND,NO,NO_ICAO_CODE,NO_MATCH,UNKNOWN
12916,"Laconia, NH: Laconia Municipal",NOT_FOUND,NO,NO_ICAO_CODE,NO_MATCH,UNKNOWN
12917,"Columbus, OH: Rickenbacker International",KCMH,YES,ASOS_AVAILABLE,DIRECT_MATCH,HIGH
12918,"La Cumbre, Argentina: La Cumbre Airport",NOT_FOUND,NO,NO_ICAO_CODE,INTERNATIONAL,UNKNOWN
12919,"Las Canas, Costa Rica: Las Canas Airport",NOT_FOUND,NO,NO_ICAO_CODE,INTERNATIONAL,UNKNOWN
12920,"London, United Kingdom: London City",NOT_FOUND,NO,INTERNATIONAL,INTERNATIONAL,UNKNOWN
12921,"Londrina, Brazil: Governador Jose Richa",NOT_FOUND,NO,INTERNATIONAL,INTERNATIONAL,UNKNOWN
12922,"Tarbes/Lourdes/Pyrenees, France: Tarbes-Lourdes-Pyrenees",NOT_FOUND,NO,INTERNATIONAL,INTERNATIONAL,UNKNOWN
12923,"Lord Howe Island, Australia: Lord Howe Island Airport",NOT_FOUND,NO,INTERNATIONAL,INTERNATIONAL,UNKNOWN
12924,"Lindi, Tanzania: Lindi Airport",NOT_FOUND,NO,NO_ICAO_CODE,INTERNATIONAL,UNKNOWN
12925,"Linden, NJ: Linden Airport",NOT_FOUND,NO,NO_ICAO_CODE,NO_MATCH,UNKNOWN
12926,"Lidkoping, Sweden: Lidkoping Airport",NOT_FOUND,NO,NO_ICAO_CODE,INTERNATIONAL,UNKNOWN
12927,"Ludington, MI: Mason County",NOT_FOUND,NO,NO_ICAO_CODE,NO_MATCH,UNKNOWN
12928,"Lahad Datu, Malaysia: Lahad Datu Airport",NOT_FOUND,NO,NO_ICAO_CODE,INTERNATIONAL,UNKNOWN
12929,"Landivisiau, France: Landivisiau Airport",NOT_FOUND,NO,INTERNATIONAL,INTERNATIONAL,UNKNOWN
12930,"Londonderry, United Kingdom: Eglinton",NOT_FOUND,NO,INTERNATIONAL,INTERNATIONAL,UNKNOWN
12931,"Learmonth, Australia: Learmonth Airport",NOT_FOUND,NO,INTERNATIONAL,INTERNATIONAL,UNKNOWN
12932,"Lebanon-Hanover, NH: Lebanon Municipal",NOT_FOUND,NO,NO_ICAO_CODE,INTERNATIONAL,UNKNOWN
12933,"St. Petersburg, Russia: Pulkovo",NOT_FOUND,NO,INTERNATIONAL,INTERNATIONAL,UNKNOWN
12934,"Leesburg, FL: Leesburg International",NOT_FOUND,NO,NO_ICAO_CODE,NO_MATCH,UNKNOWN
12935,"Aleg, Mauritania: Aleg Airport",NOT_FOUND,NO,NO_ICAO_CODE,NO_STATE_CODE,UNKNOWN
12936,"Le Havre, France: Le Havre Octeville",NOT_FOUND,NO,INTERNATIONAL,INTERNATIONAL,UNKNOWN
12937,"Almeria, Spain: Almeria Airport",NOT_FOUND,NO,INTERNATIONAL,INTERNATIONAL,UNKNOWN
12938,"Leipzig, Germany: Leipzig Halle",NOT_FOUND,NO,INTERNATIONAL,INTERNATIONAL,UNKNOWN
12939,"Labe, Guinea: Labe Airport",NOT_FOUND,NO,NO_ICAO_CODE,INTERNATIONAL,UNKNOWN
12941,"Leconi, Gabon: Leconi Airport",NOT_FOUND,NO,NO_ICAO_CODE,NO_STATE_CODE,UNKNOWN
12942,"Leticia, Colombia: Alfredo Vasquez Cobo",NOT_FOUND,NO,NO_ICAO_CODE,INTERNATIONAL,UNKNOWN
12943,"Bureta, Fiji: Bureta Airport",NOT_FOUND,NO,NO_ICAO_CODE,INTERNATIONAL,UNKNOWN
12944,"Lewiston/Auburn, ME: Auburn Lewiston Municipal",NOT_FOUND,NO,NO_ICAO_CODE,NO_MATCH,UNKNOWN
12945,"Lexington, KY: Blue Grass",KLEX,YES,ASOS_AVAILABLE,DIRECT_MATCH,HIGH
12947,"Newport News/Hampton, VA: Langley AFB",NOT_FOUND,NO,NO_ICAO_CODE,NO_MATCH,UNKNOWN
12948,"Lufkin, TX: Angelina County",NOT_FOUND,NO,NO_ICAO_CODE,NO_MATCH,UNKNOWN
12949,"Kelafo, Ethiopia: Kelafo Airport",NOT_FOUND,NO,NO_ICAO_CODE,INTERNATIONAL,UNKNOWN
12950,"La Fria, Venezuela: Francisco Javier Garcia Hevia",NOT_FOUND,NO,NO_ICAO_CODE,INTERNATIONAL,UNKNOWN
12951,"Lafayette, LA: Lafayette Regional Paul Fournet Field",KLFT,YES,ASOS_AVAILABLE,DIRECT_MATCH,HIGH
12952,"Lome, Togo: Gnassingbe Eyadema International",NOT_FOUND,NO,NO_ICAO_CODE,NO_STATE_CODE,UNKNOWN
12953,LGA,KLGA,YES,ASOS_AVAILABLE,DIRECT_MATCH,HIGH
12954,"Long Beach, CA: Long Beach Airport",KLGB,YES,ASOS_AVAILABLE,DIRECT_MATCH,HIGH
12955,"LaGrange, GA: LaGrange-Callaway",NOT_FOUND,NO,NO_ICAO_CODE,NO_MATCH,UNKNOWN
12956,"La Grande, OR: La Grande/Union County",NOT_FOUND,NO,NO_ICAO_CODE,NO_MATCH,UNKNOWN
12957,"Liege, Belgium: Liege Airport",NOT_FOUND,NO,NO_ICAO_CODE,INTERNATIONAL,UNKNOWN
12958,"Leigh Creek, Australia: Leigh Creek Airport",NOT_FOUND,NO,INTERNATIONAL,INTERNATIONAL,UNKNOWN
12959,"Deadman's Cay, The Bahamas: Deadman's Cay Airport",NOT_FOUND,NO,NO_ICAO_CODE,INTERNATIONAL,UNKNOWN
12960,"Langkawi, Malaysia: Langkawi International",NOT_FOUND,NO,NO_ICAO_CODE,INTERNATIONAL,UNKNOWN
12961,"Longmont, CO: Longmont Municipal",NOT_FOUND,NO,NO_ICAO_CODE,NO_MATCH,UNKNOWN
12962,"Legazpi, Philippines: Legazpi Airport",NOT_FOUND,NO,NO_ICAO_CODE,INTERNATIONAL,UNKNOWN
12963,"Lago Agrio, Ecuador: Lago Agrio Airport",NOT_FOUND,NO,NO_ICAO_CODE,INTERNATIONAL,UNKNOWN
12964,"Malargue, Argentina: Malargue Airport",NOT_FOUND,NO,NO_ICAO_CODE,INTERNATIONAL,UNKNOWN
12965,"Logan, UT: Logan Cache",KBOS,YES,ASOS_AVAILABLE,DIRECT_MATCH,HIGH
12966,"London, United Kingdom: London Gatwick",NOT_FOUND,NO,INTERNATIONAL,INTERNATIONAL,UNKNOWN
12967,"Lahr, Germany: Lahr Airport",NOT_FOUND,NO,INTERNATIONAL,INTERNATIONAL,UNKNOWN
12968,"Lost Harbor, AK: Lost Harbor Airport",NOT_FOUND,NO,NO_ICAO_CODE,NO_MATCH,UNKNOWN
12969,"Lahore, Pakistan: Allama Iqbal International",NOT_FOUND,NO,NO_ICAO_CODE,INTERNATIONAL,UNKNOWN
12970,"Lightning Ridge, Australia: Lightning Ridge Airport",NOT_FOUND,NO,INTERNATIONAL,INTERNATIONAL,UNKNOWN
12971,"Lancaster, OH: Fairfield County",NOT_FOUND,NO,NO_ICAO_CODE,NO_MATCH,UNKNOWN
12972,"London, United Kingdom: London Heathrow",NOT_FOUND,NO,INTERNATIONAL,INTERNATIONAL,UNKNOWN
12973,"Lake Havasu City, AZ: Lake Havasu City Airport",NOT_FOUND,NO,NO_ICAO_CODE,NO_MATCH,UNKNOWN
12974,"Lock Haven, PA: William T. Piper Memorial",NOT_FOUND,NO,NO_ICAO_CODE,NO_MATCH,UNKNOWN
12975,"Lanzhou, China: Zhongchuan International",NOT_FOUND,NO,INTERNATIONAL,INTERNATIONAL,UNKNOWN
12976,"La Junta, CO: La Junta Municipal",NOT_FOUND,NO,NO_ICAO_CODE,NO_MATCH,UNKNOWN
12977,"Liangping, China: Liangping Airport",NOT_FOUND,NO,INTERNATIONAL,INTERNATIONAL,UNKNOWN
12978,"Limbunya, Australia: Limbunya Airport",NOT_FOUND,NO,INTERNATIONAL,INTERNATIONAL,UNKNOWN
12979,"Limon, CO: Limon Municipal",NOT_FOUND,NO,NO_ICAO_CODE,NO_MATCH,UNKNOWN
12980,"Libenge, Congo (Kinshasa): Libenge Airport",NOT_FOUND,NO,NO_ICAO_CODE,INTERNATIONAL,UNKNOWN
12981,"Limoges, France: Limoges Bellegarde",NOT_FOUND,NO,INTERNATIONAL,INTERNATIONAL,UNKNOWN
12982,"Lihue, HI: Lihue Airport",PHLI,YES,ASOS_AVAILABLE,DIRECT_MATCH,HIGH
12983,"Long Island, AK: Long Island Airport",NOT_FOUND,NO,NO_ICAO_CODE,NO_MATCH,UNKNOWN
12984,"Likiep Island, Marshall Islands: Likiep Island Airport",NOT_FOUND,NO,NO_ICAO_CODE,NO_STATE_CODE,UNKNOWN
12985,"Lille, France: Lille Lesquin",NOT_FOUND,NO,INTERNATIONAL,INTERNATIONAL,UNKNOWN
12986,"Lima, Peru: Jorge Chavez International",NOT_FOUND,NO,NO_ICAO_CODE,INTERNATIONAL,UNKNOWN
12987,"Milan, Italy: Milano Linate",NOT_FOUND,NO,NO_ICAO_CODE,INTERNATIONAL,UNKNOWN
12988,"Limon, Costa Rica: Puerto Limon",NOT_FOUND,NO,NO_ICAO_CODE,INTERNATIONAL,UNKNOWN
12989,"Lisala, Congo (Kinshasa): Lisala Airport",NOT_FOUND,NO,NO_ICAO_CODE,INTERNATIONAL,UNKNOWN
12990,"Liberia, Costa Rica: Daniel Oduber International",NOT_FOUND,NO,NO_ICAO_CODE,INTERNATIONAL,UNKNOWN
12991,"Lisbon, Portugal: Lisboa",NOT_FOUND,NO,NO_ICAO_CODE,INTERNATIONAL,UNKNOWN
12992,"Little Rock, AR: Bill and Hillary Clinton Nat Adams Field",KLIT,YES,ASOS_AVAILABLE,DIRECT_MATCH,HIGH
12993,"Livengood, AK: Livengood Airport",NOT_FOUND,NO,NO_ICAO_CODE,NO_MATCH,UNKNOWN
12994,"Loikaw, Burma: Loikaw Airport",NOT_FOUND,NO,NO_ICAO_CODE,INTERNATIONAL,UNKNOWN
12995,"Hinesville, GA: Wright AAF/Midcoast Regional",NOT_FOUND,NO,NO_ICAO_CODE,NO_MATCH,UNKNOWN
12996,"Limestone, ME: Loring International",NOT_FOUND,NO,NO_ICAO_CODE,NO_MATCH,UNKNOWN
12997,"Lodja, Congo (Kinshasa): Lodja Airport",NOT_FOUND,NO,NO_ICAO_CODE,INTERNATIONAL,UNKNOWN
12998,"Lijiang, China: Sanyi",NOT_FOUND,NO,INTERNATIONAL,INTERNATIONAL,UNKNOWN
12999,"Lake Jackson, TX: Brazoria County",KJAN,YES,ASOS_AVAILABLE,DIRECT_MATCH,HIGH
13000,"Ljubljana, Slovenia: Ljubljana Airport",NOT_FOUND,NO,NO_ICAO_CODE,INTERNATIONAL,UNKNOWN
13001,"Lebanon, MO: Floyd W Jones Lebanon",NOT_FOUND,NO,NO_ICAO_CODE,INTERNATIONAL,UNKNOWN
13002,"Seattle, WA: Lake Union Terminal",KSEA,YES,ASOS_AVAILABLE,DIRECT_MATCH,HIGH
13003,"Kulik Lake, AK: Kulik Lake Airport",NOT_FOUND,NO,NO_ICAO_CODE,NO_MATCH,UNKNOWN
13004,"Lakselv, Norway: Lakselv Airport",NOT_FOUND,NO,NO_ICAO_CODE,INTERNATIONAL,UNKNOWN
13005,"Nekempte, Ethiopia: Nekempte Airport",NOT_FOUND,NO,NO_ICAO_CODE,INTERNATIONAL,UNKNOWN
13006,"Leknes, Norway: Leknes Airport",NOT_FOUND,NO,NO_ICAO_CODE,INTERNATIONAL,UNKNOWN
13007,"Lucknow, India: Chaudhary Charan Singh International",NOT_FOUND,NO,INTERNATIONAL,INTERNATIONAL,UNKNOWN
13008,"Lake Placid, NY: Lake Placid Airport",NOT_FOUND,NO,NO_ICAO_CODE,NO_MATCH,UNKNOWN
13009,"Lakeview, OR: Lake County",NOT_FOUND,NO,NO_ICAO_CODE,NO_MATCH,UNKNOWN
13010,"Lakenheath, United Kingdom: RAF Lakenheath",NOT_FOUND,NO,INTERNATIONAL,INTERNATIONAL,UNKNOWN
13011,"Lulea, Sweden: Lulea Airport",NOT_FOUND,NO,NO_ICAO_CODE,INTERNATIONAL,UNKNOWN
13012,"Lalibella, Ethiopia: Lalibella Airport",NOT_FOUND,NO,NO_ICAO_CODE,INTERNATIONAL,UNKNOWN
13013,"Lilongwe, Malawi: Kamuzu International",NOT_FOUND,NO,NO_ICAO_CODE,INTERNATIONAL,UNKNOWN
13015,"Mount Holly, NJ: South Jersey Regional",NOT_FOUND,NO,NO_ICAO_CODE,NO_MATCH,UNKNOWN
13016,"Lake Minchumina, AK: Lake Minchumina Airport",NOT_FOUND,NO,NO_ICAO_CODE,NO_MATCH,UNKNOWN
13017,"Lumi, Papua New Guinea: Lumi Airport",NOT_FOUND,NO,NO_ICAO_CODE,INTERNATIONAL,UNKNOWN
13018,"Los Mochis, Mexico: Los Mochis International",NOT_FOUND,NO,INTERNATIONAL,INTERNATIONAL,UNKNOWN
13019,"Limbang, Malaysia: Limbang Airport",NOT_FOUND,NO,NO_ICAO_CODE,INTERNATIONAL,UNKNOWN
13020,"Lossiemouth, United Kingdom: RAF Lossiemouth",NOT_FOUND,NO,INTERNATIONAL,INTERNATIONAL,UNKNOWN
13021,"Lampedusa, Italy: Lampedusa Airport",NOT_FOUND,NO,NO_ICAO_CODE,INTERNATIONAL,UNKNOWN
13022,"Marsa Brega, Libya: Marsa Brega S21",NOT_FOUND,NO,NO_ICAO_CODE,NO_STATE_CODE,UNKNOWN
13023,"Louisville, MS: Louisville Winston County",KSDF,YES,ASOS_AVAILABLE,DIRECT_MATCH,HIGH
13024,"Klamath Falls, OR: Crater Lake Klamath Regional",NOT_FOUND,NO,NO_ICAO_CODE,NO_MATCH,UNKNOWN
13026,"Lander, WY: Hunt Field",NOT_FOUND,NO,NO_ICAO_CODE,NO_MATCH,UNKNOWN
13027,"Lonorore, Vanuatu: Lonorore Airport",NOT_FOUND,NO,NO_ICAO_CODE,NO_STATE_CODE,UNKNOWN
13028,"Lonely, AK: Lonely AS",NOT_FOUND,NO,NO_ICAO_CODE,NO_MATCH,UNKNOWN
13029,"Lincoln, NE: Lincoln Airport",NOT_FOUND,NO,NO_ICAO_CODE,NO_MATCH,UNKNOWN
13030,"Land O' Lakes, WI: Kings Land O' Lakes",NOT_FOUND,NO,NO_ICAO_CODE,NO_MATCH,UNKNOWN
13031,"Wise, VA: Lonesome Pine",NOT_FOUND,NO,NO_ICAO_CODE,NO_MATCH,UNKNOWN
13032,"Lancaster, PA: Lancaster Airport",NOT_FOUND,NO,NO_ICAO_CODE,NO_MATCH,UNKNOWN
13033,"Lanett, AL: Lanett Regional",NOT_FOUND,NO,NO_ICAO_CODE,NO_MATCH,UNKNOWN
13034,"Lanai, HI: Lanai Airport",NOT_FOUND,NO,NO_ICAO_CODE,NO_MATCH,UNKNOWN
13035,"Linz, Austria: Linz Airport",NOT_FOUND,NO,NO_ICAO_CODE,INTERNATIONAL,UNKNOWN
13036,"Lorraine, Australia: Lorraine Airport",NOT_FOUND,NO,INTERNATIONAL,INTERNATIONAL,UNKNOWN
13037,"Loja, Ecuador: Ciudad de Catamayo",NOT_FOUND,NO,NO_ICAO_CODE,INTERNATIONAL,UNKNOWN
13038,"Laredo, TX: Laredo Municipal",KLRD,YES,ASOS_AVAILABLE,DIRECT_MATCH,HIGH
13039,"Lovelock, NV: Derby Field",NOT_FOUND,NO,NO_ICAO_CODE,NO_MATCH,UNKNOWN
13040,"Lagos de Moreno, Mexico: Francisco P.V.Yr",NOT_FOUND,NO,INTERNATIONAL,INTERNATIONAL,UNKNOWN
13041,"London, United Kingdom: London Metropolitan Area",NOT_FOUND,NO,INTERNATIONAL,INTERNATIONAL,UNKNOWN
13042,"Lobatse, Botswana: Lobatse Airport",NOT_FOUND,NO,NO_ICAO_CODE,INTERNATIONAL,UNKNOWN
13043,"Lagos, Nigeria: Murtala Muhammed",NOT_FOUND,NO,NO_ICAO_CODE,INTERNATIONAL,UNKNOWN
13044,"Louisville, KY: Bowman Field",KSDF,YES,ASOS_AVAILABLE,DIRECT_MATCH,HIGH
13045,"Monclova, Mexico: Monclova International",NOT_FOUND,NO,INTERNATIONAL,INTERNATIONAL,UNKNOWN
13046,"London/Corbin, KY: London-Corbin Airport-Magee Field",NOT_FOUND,NO,NO_ICAO_CODE,NO_MATCH,UNKNOWN
13047,"Las Palmas, Spain: Gran Canaria",NOT_FOUND,NO,INTERNATIONAL,INTERNATIONAL,UNKNOWN
13048,"La Paz, Bolivia: El Alto International",NOT_FOUND,NO,NO_ICAO_CODE,INTERNATIONAL,UNKNOWN
13049,"Lompoc, CA: Lompoc Airport",NOT_FOUND,NO,NO_ICAO_CODE,NO_MATCH,UNKNOWN
13050,"Linkoping, Sweden: Saab",NOT_FOUND,NO,NO_ICAO_CODE,INTERNATIONAL,UNKNOWN
13051,"Liverpool, United Kingdom: Liverpool Airport",NOT_FOUND,NO,INTERNATIONAL,INTERNATIONAL,UNKNOWN
13052,"La Porte, IN: La Porte Municipal",NOT_FOUND,NO,NO_ICAO_CODE,NO_MATCH,UNKNOWN
13053,"Lappeenranta, Finland: Lappeenranta Airport",NOT_FOUND,NO,NO_ICAO_CODE,INTERNATIONAL,UNKNOWN
13054,"Luang Phabang, Laos: Luang Phabang International",NOT_FOUND,NO,NO_ICAO_CODE,INTERNATIONAL,UNKNOWN
13055,"Lopez Island, WA: Lopez Island Airport",NOT_FOUND,NO,NO_ICAO_CODE,NO_MATCH,UNKNOWN
13056,"Lampang, Thailand: Lampang Airport",NOT_FOUND,NO,NO_ICAO_CODE,INTERNATIONAL,UNKNOWN
13057,"Little Port Walter, AK: Little Port Walter Airport",NOT_FOUND,NO,NO_ICAO_CODE,NO_MATCH,UNKNOWN
13058,"Pickens, SC: Pickens County",NOT_FOUND,NO,NO_ICAO_CODE,NO_MATCH,UNKNOWN
13059,"Larissa, Greece: Larissa Airport",NOT_FOUND,NO,NO_ICAO_CODE,INTERNATIONAL,UNKNOWN
13060,"Laarbruch, Germany: RAF Laarbruch",NOT_FOUND,NO,INTERNATIONAL,INTERNATIONAL,UNKNOWN
13061,"Laredo, TX: Laredo International",KLRD,YES,ASOS_AVAILABLE,DIRECT_MATCH,HIGH
13062,"Longreach, Australia: Longreach Airport",NOT_FOUND,NO,INTERNATIONAL,INTERNATIONAL,UNKNOWN
13063,"Jacksonville, AR: Little Rock AFB",KJAX,YES,ASOS_AVAILABLE,DIRECT_MATCH,HIGH
13064,"Loring, AK: Loring Airport",NOT_FOUND,NO,NO_ICAO_CODE,NO_MATCH,UNKNOWN
13065,"La Rochelle, France: La Rochelle/Laleu",NOT_FOUND,NO,INTERNATIONAL,INTERNATIONAL,UNKNOWN
13066,"Lorica, Colombia: Lorica Airport",NOT_FOUND,NO,NO_ICAO_CODE,INTERNATIONAL,UNKNOWN
13067,"Niamtougou, Togo: Niamtougou Airport",NOT_FOUND,NO,NO_ICAO_CODE,NO_STATE_CODE,UNKNOWN
13068,"La Romana, Dominican Republic: Casa de Campo International",NOT_FOUND,NO,NO_ICAO_CODE,INTERNATIONAL,UNKNOWN
13069,"Moses Lake, WA: Larson AFB",NOT_FOUND,NO,NO_ICAO_CODE,NO_MATCH,UNKNOWN
13070,"Lathrop, CA: Sharpe AFF",NOT_FOUND,NO,NO_ICAO_CODE,NO_MATCH,UNKNOWN
13071,"Lorient, France: Lorient Lann Bihoue",NOT_FOUND,NO,INTERNATIONAL,INTERNATIONAL,UNKNOWN
13072,"Las Cruces, NM: Las Cruces International",KLAS,YES,ASOS_AVAILABLE,DIRECT_MATCH,HIGH
13073,"Losuia, Papua New Guinea: Kiriwina",NOT_FOUND,NO,NO_ICAO_CODE,INTERNATIONAL,UNKNOWN
13074,"La Serena, Chile: La Florida",NOT_FOUND,NO,NO_ICAO_CODE,INTERNATIONAL,UNKNOWN
13075,"Lexington, KY: Blue Grass Station AHP",KLEX,YES,ASOS_AVAILABLE,DIRECT_MATCH,HIGH
13076,"La Crosse, WI: La Crosse Regional",NOT_FOUND,NO,NO_ICAO_CODE,NO_MATCH,UNKNOWN
13077,"Columbus, GA: Lawson AAF",KCMH,YES,ASOS_AVAILABLE,DIRECT_MATCH,HIGH
13078,"Lerwick, United Kingdom: Sumburgh",NOT_FOUND,NO,INTERNATIONAL,INTERNATIONAL,UNKNOWN
13079,"Los Chiles, Costa Rica: Los Chiles Airport",NOT_FOUND,NO,NO_ICAO_CODE,INTERNATIONAL,UNKNOWN
13080,"Los Banos, CA: Los Banos Municipal",NOT_FOUND,NO,NO_ICAO_CODE,NO_MATCH,UNKNOWN
13081,"Las Piedras, Venezuela: Josefa Camejo International",NOT_FOUND,NO,NO_ICAO_CODE,INTERNATIONAL,UNKNOWN
13082,"Los Angeles, Chile: Maria Dolores",NOT_FOUND,NO,NO_ICAO_CODE,INTERNATIONAL,UNKNOWN
13083,"Lost River, AK: Lost River 1",NOT_FOUND,NO,NO_ICAO_CODE,NO_MATCH,UNKNOWN
13084,"Les Saintes, Guadeloupe: Terre de Haut",NOT_FOUND,NO,NO_ICAO_CODE,NO_STATE_CODE,UNKNOWN
13085,"Launceston, Australia: Launceston Airport",NOT_FOUND,NO,INTERNATIONAL,INTERNATIONAL,UNKNOWN
13086,"Long Sukang, Malaysia: Long Sukang Airport",NOT_FOUND,NO,NO_ICAO_CODE,INTERNATIONAL,UNKNOWN
13087,"Las Vegas, NV: Nellis AFB",KLAS,YES,ASOS_AVAILABLE,DIRECT_MATCH,HIGH
13088,"Lhok Sukon, Indonesia: Lhok Sukon Airport",NOT_FOUND,NO,NO_ICAO_CODE,INTERNATIONAL,UNKNOWN
13089,"Tzaneen, South Africa: Letaba",NOT_FOUND,NO,NO_ICAO_CODE,INTERNATIONAL,UNKNOWN
13090,"Latrobe, Australia: Latrobe Valley",NOT_FOUND,NO,INTERNATIONAL,INTERNATIONAL,UNKNOWN
13091,"Ghadames, Libya: Ghadames Airport",NOT_FOUND,NO,NO_ICAO_CODE,NO_STATE_CODE,UNKNOWN
13092,"Altai, Mongolia: Altai Airport",NOT_FOUND,NO,NO_ICAO_CODE,INTERNATIONAL,UNKNOWN
13093,"Lethem, Guyana: Lethem Airport",NOT_FOUND,NO,NO_ICAO_CODE,INTERNATIONAL,UNKNOWN
13094,"London, United Kingdom: London Luton",NOT_FOUND,NO,INTERNATIONAL,INTERNATIONAL,UNKNOWN
13095,"Loreto, Mexico: Loreto International",NOT_FOUND,NO,INTERNATIONAL,INTERNATIONAL,UNKNOWN
13096,"Le Touquet, France: Le Touquet Elizabeth II",NOT_FOUND,NO,INTERNATIONAL,INTERNATIONAL,UNKNOWN
13097,"Altus, OK: Altus AFB",NOT_FOUND,NO,NO_ICAO_CODE,NO_MATCH,UNKNOWN
13098,"Lotusvale, Australia: Lotusvale Airport",NOT_FOUND,NO,INTERNATIONAL,INTERNATIONAL,UNKNOWN
13099,"Lukla, Nepal: Lukla Airport",NOT_FOUND,NO,NO_ICAO_CODE,INTERNATIONAL,UNKNOWN
13100,"Luderitz, Namibia: Luderitz Airport",NOT_FOUND,NO,NO_ICAO_CODE,INTERNATIONAL,UNKNOWN
13101,"Lucenec, Slovakia: Lucenec Airport",NOT_FOUND,NO,NO_ICAO_CODE,INTERNATIONAL,UNKNOWN
13102,"Phoenix, AZ: Luke AFB",KPHX,YES,ASOS_AVAILABLE,DIRECT_MATCH,HIGH
13103,"Lugano, Switzerland: Lugano Airport",NOT_FOUND,NO,NO_ICAO_CODE,INTERNATIONAL,UNKNOWN
13104,"Lusikisiki, South Africa: Lusikisiki Airport",NOT_FOUND,NO,NO_ICAO_CODE,INTERNATIONAL,UNKNOWN
13105,"Cincinnati, OH: Cincinnati Municipal Lunken Field",KCVG,YES,ASOS_AVAILABLE,DIRECT_MATCH,HIGH
13106,"Laurel, MS: Hesler-Noble Field",NOT_FOUND,NO,NO_ICAO_CODE,NO_MATCH,UNKNOWN
13108,"Lusaka, Zambia: Kenneth Kaunda International",NOT_FOUND,NO,NO_ICAO_CODE,INTERNATIONAL,UNKNOWN
13109,"Kalaupapa, HI: Kalaupapa Airport",NOT_FOUND,NO,NO_ICAO_CODE,NO_MATCH,UNKNOWN
13110,"San Luis, Argentina: San Luis Airport",NOT_FOUND,NO,NO_ICAO_CODE,INTERNATIONAL,UNKNOWN
13111,"Cape Lisburne, AK: Cape Lisburne LRRS",NOT_FOUND,NO,NO_ICAO_CODE,NO_MATCH,UNKNOWN
13112,"Laura Station, Australia: Laura Station Airport",NOT_FOUND,NO,INTERNATIONAL,INTERNATIONAL,UNKNOWN
13113,"Luxembourg, Luxembourg: Luxembourg Airport",NOT_FOUND,NO,NO_ICAO_CODE,INTERNATIONAL,UNKNOWN
13114,"Livramento, Brazil: Livramento Airport",NOT_FOUND,NO,INTERNATIONAL,INTERNATIONAL,UNKNOWN
13115,"Lime Village, AK: Lime Village Airport",NOT_FOUND,NO,NO_ICAO_CODE,NO_MATCH,UNKNOWN
13116,"Livingstone, Zambia: Harry Mwaanga Nkumbula International",NOT_FOUND,NO,NO_ICAO_CODE,INTERNATIONAL,UNKNOWN
13117,"Livermore, CA: Livermore Municipal",NOT_FOUND,NO,NO_ICAO_CODE,NO_MATCH,UNKNOWN
13118,"Livingston, MT: Livingston Airport",NOT_FOUND,NO,NO_ICAO_CODE,NO_MATCH,UNKNOWN
13119,"Laverton, Australia: Laverton Airport",NOT_FOUND,NO,INTERNATIONAL,INTERNATIONAL,UNKNOWN
13120,"Las Vegas, NM: Las Vegas Municipal",KLAS,YES,ASOS_AVAILABLE,DIRECT_MATCH,HIGH
13121,"Lewisburg, WV: Greenbrier Valley",NOT_FOUND,NO,NO_ICAO_CODE,NO_MATCH,UNKNOWN
13122,"Lawrence, KS: Lawrence Regional",NOT_FOUND,NO,NO_ICAO_CODE,NO_MATCH,UNKNOWN
13123,"Lawrenceburg, TN: Lawrenceburg-Lawrence County",NOT_FOUND,NO,NO_ICAO_CODE,NO_MATCH,UNKNOWN
13124,"Wells, NV: Wells Municipal/Harriet Field",NOT_FOUND,NO,NO_ICAO_CODE,NO_MATCH,UNKNOWN
13125,"Lawrence, MA: Lawrence Municipal",NOT_FOUND,NO,NO_ICAO_CODE,NO_MATCH,UNKNOWN
13126,"Lviv, Ukraine: Lviv International",NOT_FOUND,NO,NO_ICAO_CODE,INTERNATIONAL,UNKNOWN
13127,"Lewiston, ID: Lewiston Nez Perce County",NOT_FOUND,NO,NO_ICAO_CODE,NO_MATCH,UNKNOWN
13128,"Lewistown, MT: Lewistown Municipal",NOT_FOUND,NO,NO_ICAO_CODE,NO_MATCH,UNKNOWN
13129,"Lawrenceville, IL: Lawrenceville-Vincennes International",NOT_FOUND,NO,NO_ICAO_CODE,NO_MATCH,UNKNOWN
13130,"Lawas, Malaysia: Lawas Airport",NOT_FOUND,NO,NO_ICAO_CODE,INTERNATIONAL,UNKNOWN
13131,"Lhasa, China: Konggar",NOT_FOUND,NO,INTERNATIONAL,INTERNATIONAL,UNKNOWN
13132,"Lexington, NE: Jim Kelly Field",KLEX,YES,ASOS_AVAILABLE,DIRECT_MATCH,HIGH
13133,"Luxor, Egypt: Luxor International",NOT_FOUND,NO,NO_ICAO_CODE,INTERNATIONAL,UNKNOWN
13134,"Lemnos, Greece: Lemnos Airport",NOT_FOUND,NO,NO_ICAO_CODE,INTERNATIONAL,UNKNOWN
13135,"Leadville, CO: Lake County",NOT_FOUND,NO,NO_ICAO_CODE,NO_MATCH,UNKNOWN
13136,"Little Cayman, Cayman Islands: Edward Bodden",NOT_FOUND,NO,NO_ICAO_CODE,NO_STATE_CODE,UNKNOWN
13137,"Lycksele, Sweden: Lycksele Airport",NOT_FOUND,NO,NO_ICAO_CODE,INTERNATIONAL,UNKNOWN
13138,"Lyneham, United Kingdom: RAF Lyneham",NOT_FOUND,NO,INTERNATIONAL,INTERNATIONAL,UNKNOWN
13139,"Lynchburg, VA: Lynchburg Regional/Preston Glenn Field",NOT_FOUND,NO,NO_ICAO_CODE,NO_MATCH,UNKNOWN
13140,"Lyon, France: Lyon Bron",NOT_FOUND,NO,INTERNATIONAL,INTERNATIONAL,UNKNOWN
13141,"Faisalabad, Pakistan: Faisalabad International",NOT_FOUND,NO,NO_ICAO_CODE,INTERNATIONAL,UNKNOWN
13142,"Longyearbyen, Norway: Svalbard",NOT_FOUND,NO,NO_ICAO_CODE,INTERNATIONAL,UNKNOWN
13143,"Lyon, France: Lyon Saint Exupery",NOT_FOUND,NO,INTERNATIONAL,INTERNATIONAL,UNKNOWN
13144,"Ely, MN: Ely Municipal",NOT_FOUND,NO,NO_ICAO_CODE,NO_MATCH,UNKNOWN
13145,"Lydd, United Kingdom: London Ashford",NOT_FOUND,NO,INTERNATIONAL,INTERNATIONAL,UNKNOWN
13146,"Lazaro Cardenas, Mexico: Lazaro Cardenas Airport",NOT_FOUND,NO,INTERNATIONAL,INTERNATIONAL,UNKNOWN
13147,"Liuzhou, China: Liuzhou Bailian",NOT_FOUND,NO,INTERNATIONAL,INTERNATIONAL,UNKNOWN
13149,"Luzhou, China: Luzhou Airport",NOT_FOUND,NO,INTERNATIONAL,INTERNATIONAL,UNKNOWN
13150,"Lizard Island, Australia: Lizard Island Airport",NOT_FOUND,NO,INTERNATIONAL,INTERNATIONAL,UNKNOWN
13151,"Lawrenceville, GA: Gwinnett County - Briscoe Field",NOT_FOUND,NO,NO_ICAO_CODE,NO_MATCH,UNKNOWN
13152,"Edgartown, MA: Katama Airpark",NOT_FOUND,NO,NO_ICAO_CODE,NO_MATCH,UNKNOWN
13153,"Chennai, India: Chennai International",NOT_FOUND,NO,INTERNATIONAL,INTERNATIONAL,UNKNOWN
13154,"Maraba, Brazil: Joao Correa Da Rocha",NOT_FOUND,NO,INTERNATIONAL,INTERNATIONAL,UNKNOWN
13155,"Macon, GA: Macon Downtown",NOT_FOUND,NO,NO_ICAO_CODE,NO_MATCH,UNKNOWN
13156,"Madrid, Spain: Adolfo Suarez Madrid Barajas",NOT_FOUND,NO,INTERNATIONAL,INTERNATIONAL,UNKNOWN
13157,"Madera, CA: Madera Municipal",NOT_FOUND,NO,NO_ICAO_CODE,NO_MATCH,UNKNOWN
13158,"Midland/Odessa, TX: Midland International Air and Space Port",NOT_FOUND,NO,NO_ICAO_CODE,NO_MATCH,UNKNOWN
13159,"Madang, Papua New Guinea: Madang Airport",NOT_FOUND,NO,NO_ICAO_CODE,INTERNATIONAL,UNKNOWN
13160,"Mahon, Spain: Menorca",NOT_FOUND,NO,INTERNATIONAL,INTERNATIONAL,UNKNOWN
13161,"Mangochi, Malawi: Mangochi Airport",NOT_FOUND,NO,NO_ICAO_CODE,INTERNATIONAL,UNKNOWN
13162,"Majuro, Marshall Islands: Amata Kabua International",NOT_FOUND,NO,NO_ICAO_CODE,NO_STATE_CODE,UNKNOWN
13163,"Malakal, South Sudan: Malakal Airport",NOT_FOUND,NO,NO_ICAO_CODE,INTERNATIONAL,UNKNOWN
13164,"Matamoros, Mexico: Matamoros International",NOT_FOUND,NO,INTERNATIONAL,INTERNATIONAL,UNKNOWN
13165,"Manchester, United Kingdom: Manchester Airport",NOT_FOUND,NO,INTERNATIONAL,INTERNATIONAL,UNKNOWN
13166,"Manaus, Brazil: Eduardo Gomes International",NOT_FOUND,NO,INTERNATIONAL,INTERNATIONAL,UNKNOWN
13167,"Mamai, Papua New Guinea: Mamai Airport",NOT_FOUND,NO,NO_ICAO_CODE,INTERNATIONAL,UNKNOWN
13169,"Maracaibo, Venezuela: La Chinita International",NOT_FOUND,NO,NO_ICAO_CODE,INTERNATIONAL,UNKNOWN
13170,"Manus Island, Papua New Guinea: Momote",NOT_FOUND,NO,NO_ICAO_CODE,INTERNATIONAL,UNKNOWN
13171,"Matadi, Congo (Kinshasa): Matadi Tshimpi",NOT_FOUND,NO,NO_ICAO_CODE,INTERNATIONAL,UNKNOWN
13172,"Maupiti, French Polynesia: Maupiti Fr. Polynesia",NOT_FOUND,NO,NO_ICAO_CODE,INTERNATIONAL,UNKNOWN
13173,"Malden, MO: Malden Regional",NOT_FOUND,NO,NO_ICAO_CODE,NO_MATCH,UNKNOWN
13174,"Matam, Senegal: Matam Ouro Sogui",NOT_FOUND,NO,NO_ICAO_CODE,INTERNATIONAL,UNKNOWN
13175,"Mangrove Cay, The Bahamas: Clarence A Bain",NOT_FOUND,NO,NO_ICAO_CODE,INTERNATIONAL,UNKNOWN
13176,"Mayaguez, PR: Eugenio Maria de Hostos",NOT_FOUND,NO,NO_ICAO_CODE,NO_MATCH,UNKNOWN
13177,"Mombasa, Kenya: Mombasa Moi International",NOT_FOUND,NO,NO_ICAO_CODE,INTERNATIONAL,UNKNOWN
13178,"Maryborough, Australia: Maryborough Qld",NOT_FOUND,NO,INTERNATIONAL,INTERNATIONAL,UNKNOWN
13179,"Mbeya, Tanzania: Mbeya Airport",NOT_FOUND,NO,NO_ICAO_CODE,INTERNATIONAL,UNKNOWN
13180,"Montego Bay, Jamaica: Sangster International",NOT_FOUND,NO,NO_ICAO_CODE,INTERNATIONAL,UNKNOWN
13181,"Matupa, Brazil: Matupa Airport",NOT_FOUND,NO,INTERNATIONAL,INTERNATIONAL,UNKNOWN
13182,"Manistee/Ludington, MI: Manistee County-Blacker",NOT_FOUND,NO,NO_ICAO_CODE,NO_MATCH,UNKNOWN
13183,"Mamburao, Philippines: Mamburao Airport",NOT_FOUND,NO,NO_ICAO_CODE,INTERNATIONAL,UNKNOWN
13184,"Saginaw/Bay City/Midland, MI: MBS International",NOT_FOUND,NO,NO_ICAO_CODE,NO_MATCH,UNKNOWN
13185,"Masbate, Philippines: Masbate Airport",NOT_FOUND,NO,NO_ICAO_CODE,INTERNATIONAL,UNKNOWN
13186,"Mbambanakira, Solomon Islands: Mbambanakira Airport",NOT_FOUND,NO,NO_ICAO_CODE,NO_STATE_CODE,UNKNOWN
13187,"Maribor, Slovenia: Maribor Airport",NOT_FOUND,NO,NO_ICAO_CODE,INTERNATIONAL,UNKNOWN
13188,"Moberley, MO: Omar N Bradley",KBDL,YES,ASOS_AVAILABLE,DIRECT_MATCH,HIGH
13189,"Maues, Brazil: Maues Airport",NOT_FOUND,NO,INTERNATIONAL,INTERNATIONAL,UNKNOWN
13190,"Macenta, Guinea: Macenta Airport",NOT_FOUND,NO,NO_ICAO_CODE,INTERNATIONAL,UNKNOWN
13191,"McComb, MS: McComb/Pike County/John E. Lewis Field",NOT_FOUND,NO,NO_ICAO_CODE,NO_MATCH,UNKNOWN
13192,"Sacramento, CA: McClellan Airfield",KSMF,YES,ASOS_AVAILABLE,DIRECT_MATCH,HIGH
13193,"Mackinac Island, MI: Mackinac Island Airport",NOT_FOUND,NO,NO_ICAO_CODE,NO_MATCH,UNKNOWN
13194,"Merced, CA: Merced Yosemite Regional",NOT_FOUND,NO,NO_ICAO_CODE,NO_MATCH,UNKNOWN
13195,"Tampa, FL: Macdill AFB",KTPA,YES,ASOS_AVAILABLE,DIRECT_MATCH,HIGH
13196,"McGrath, AK: McGrath Airport",NOT_FOUND,NO,NO_ICAO_CODE,NO_MATCH,UNKNOWN
13197,"Machala, Ecuador: General Manuel Serrano",NOT_FOUND,NO,NO_ICAO_CODE,INTERNATIONAL,UNKNOWN
13198,MCI,KMCI,YES,ASOS_AVAILABLE,DIRECT_MATCH,HIGH
13199,"Maicao, Colombia: Maicao Airport",NOT_FOUND,NO,NO_ICAO_CODE,INTERNATIONAL,UNKNOWN
13200,"McCook, NE: McCook Ben Nelson Regional",NOT_FOUND,NO,NO_ICAO_CODE,NO_MATCH,UNKNOWN
13201,"McKinley Park, AK: Denali",NOT_FOUND,NO,NO_ICAO_CODE,NO_MATCH,UNKNOWN
13202,"Monte Carlo, Monaco: Monaco Heloport",NOT_FOUND,NO,NO_ICAO_CODE,NO_STATE_CODE,UNKNOWN
13203,"Macon, GA: Middle Georgia Regional",NOT_FOUND,NO,NO_ICAO_CODE,INTERNATIONAL,UNKNOWN
13204,MCO,KMCO,YES,ASOS_AVAILABLE,DIRECT_MATCH,HIGH
13205,"Macapa, Brazil: Alberto Alcolumbre",NOT_FOUND,NO,INTERNATIONAL,INTERNATIONAL,UNKNOWN
13206,"Melchor de Mencos, Guatemala: Melchor de Mencos Airport",NOT_FOUND,NO,NO_ICAO_CODE,INTERNATIONAL,UNKNOWN
13207,"Monte Caseros, Argentina: Monte Caseros Airport",NOT_FOUND,NO,NO_ICAO_CODE,INTERNATIONAL,UNKNOWN
13208,"Muscat, Oman: Muscat International",NOT_FOUND,NO,NO_ICAO_CODE,INTERNATIONAL,UNKNOWN
13209,"Montlucon, France: Gueret/Lepaud",NOT_FOUND,NO,INTERNATIONAL,INTERNATIONAL,UNKNOWN
13210,"McArthur River, Australia: McArthur River Mine",NOT_FOUND,NO,PRIVATE/SPECIAL_USE,INTERNATIONAL,UNKNOWN
13211,"Mason City, IA: Mason City Municipal",NOT_FOUND,NO,NO_ICAO_CODE,NO_MATCH,UNKNOWN
13212,"Maroochydore, Australia: Sunshine Coast",NOT_FOUND,NO,INTERNATIONAL,INTERNATIONAL,UNKNOWN
13213,"Maceio, Brazil: Zumbi Dos Palmares",NOT_FOUND,NO,INTERNATIONAL,INTERNATIONAL,UNKNOWN
13214,"San Antonio, TX: Martindale AHP",KSAN,YES,ASOS_AVAILABLE,DIRECT_MATCH,HIGH
13215,"Melinda, Belize: Melinda Airport",NOT_FOUND,NO,NO_ICAO_CODE,INTERNATIONAL,UNKNOWN
13216,"Menado, Indonesia: Sam Ratulangi",NOT_FOUND,NO,NO_ICAO_CODE,INTERNATIONAL,UNKNOWN
13217,"Midland/Odessa, TX: Midland Airpark",NOT_FOUND,NO,NO_ICAO_CODE,NO_MATCH,UNKNOWN
13218,"Medellin, Colombia: Jose Maria Cordova",NOT_FOUND,NO,NO_ICAO_CODE,INTERNATIONAL,UNKNOWN
13219,"Medford, WI: Taylor County",KMFR,YES,ASOS_AVAILABLE,DIRECT_MATCH,HIGH
13220,"Mudanjiang, China: Hailang",NOT_FOUND,NO,INTERNATIONAL,INTERNATIONAL,UNKNOWN
13221,"Carbondale, IL: Southern Illinois",NOT_FOUND,NO,NO_ICAO_CODE,NO_MATCH,UNKNOWN
13222,"Makurdi, Nigeria: Makurdi Airport",NOT_FOUND,NO,NO_ICAO_CODE,INTERNATIONAL,UNKNOWN
13223,"Madras, OR: Madras Municipal",NOT_FOUND,NO,NO_ICAO_CODE,NO_MATCH,UNKNOWN
13224,"Mbandaka, Congo (Kinshasa): Mbandaka Airport",NOT_FOUND,NO,NO_ICAO_CODE,INTERNATIONAL,UNKNOWN
13225,"Mandalay, Burma: Mandalay Airport",NOT_FOUND,NO,NO_ICAO_CODE,INTERNATIONAL,UNKNOWN
13226,"Middleton Island, AK: Middleton Island Airport",NOT_FOUND,NO,NO_ICAO_CODE,NO_MATCH,UNKNOWN
13227,"Mar del Plata, Argentina: Mar del Plata Airport",NOT_FOUND,NO,NO_ICAO_CODE,INTERNATIONAL,UNKNOWN
13228,"Medfra, AK: Medfra Airport",NOT_FOUND,NO,NO_ICAO_CODE,NO_MATCH,UNKNOWN
13229,"Middle Caicos, Turks and Caicos Islands: Conch Bar",NOT_FOUND,NO,NO_ICAO_CODE,NO_STATE_CODE,UNKNOWN
13230,"Harrisburg, PA: Harrisburg International",KMDT,YES,ASOS_AVAILABLE,DIRECT_MATCH,HIGH
13231,"Mendi, Papua New Guinea: Mendi Airport",NOT_FOUND,NO,NO_ICAO_CODE,INTERNATIONAL,UNKNOWN
13232,MDW,KORD,YES,ASOS_AVAILABLE,DIRECT_MATCH,HIGH
13233,"Mercedes, Argentina: Mercedes Aeroclub",NOT_FOUND,NO,NO_ICAO_CODE,INTERNATIONAL,UNKNOWN
13234,"Midway Island, TT: Sand Island Field",NOT_FOUND,NO,NO_ICAO_CODE,NON_US_STATE,UNKNOWN
13235,"Mendoza, Argentina: El Plumerillo",NOT_FOUND,NO,NO_ICAO_CODE,INTERNATIONAL,UNKNOWN
13236,"Rangeley, ME: Stephen A Bean Municipal",NOT_FOUND,NO,NO_ICAO_CODE,NO_MATCH,UNKNOWN
13237,"Macae, Brazil: Joaquim de Azevedo Mancebo",NOT_FOUND,NO,INTERNATIONAL,INTERNATIONAL,UNKNOWN
13238,"Melbourne, Australia: Essendon",NOT_FOUND,NO,INTERNATIONAL,INTERNATIONAL,UNKNOWN
13239,"Manta, Ecuador: Eloy Alfaro International",NOT_FOUND,NO,NO_ICAO_CODE,INTERNATIONAL,UNKNOWN
13240,"Medina, Saudi Arabia: Prince Mohammad Bin Abdulaziz International",NOT_FOUND,NO,NO_ICAO_CODE,INTERNATIONAL,UNKNOWN
13241,"Meridian, MS: Key Field",NOT_FOUND,NO,NO_ICAO_CODE,NO_MATCH,UNKNOWN
13242,"Meadville, PA: Port Meadville",NOT_FOUND,NO,NO_ICAO_CODE,NO_MATCH,UNKNOWN
13243,"Melbourne, Australia: Melbourne International",NOT_FOUND,NO,INTERNATIONAL,INTERNATIONAL,UNKNOWN
13244,MEM,KMEM,YES,ASOS_AVAILABLE,DIRECT_MATCH,HIGH
13245,"Mende, France: Mende Brenoux",NOT_FOUND,NO,INTERNATIONAL,INTERNATIONAL,UNKNOWN
13246,"Manteo, NC: Dare County Regional",NOT_FOUND,NO,NO_ICAO_CODE,NO_MATCH,UNKNOWN
13247,"Mersing, Malaysia: Mersing Malay.",NOT_FOUND,NO,NO_ICAO_CODE,INTERNATIONAL,UNKNOWN
13248,"Meulaboh, Indonesia: Seunagan",NOT_FOUND,NO,NO_ICAO_CODE,INTERNATIONAL,UNKNOWN
13249,"Atwater, CA: Castle",NOT_FOUND,NO,NO_ICAO_CODE,NO_MATCH,UNKNOWN
13250,"Medan, Indonesia: Soewondo",NOT_FOUND,NO,NO_ICAO_CODE,INTERNATIONAL,UNKNOWN
13251,"Minden, NV: Minden-Tahoe",NOT_FOUND,NO,NO_ICAO_CODE,NO_MATCH,UNKNOWN
13252,"Mexico City, Mexico: Mexico City International",NOT_FOUND,NO,INTERNATIONAL,INTERNATIONAL,UNKNOWN
13253,"Meghauli, Nepal: Meghauli Airport",NOT_FOUND,NO,NO_ICAO_CODE,INTERNATIONAL,UNKNOWN
13254,"Mafia Island, Tanzania: Mafia",NOT_FOUND,NO,NO_ICAO_CODE,INTERNATIONAL,UNKNOWN
13255,"Mansfield, OH: Mansfield Lahm Regional",NOT_FOUND,NO,NO_ICAO_CODE,NO_MATCH,UNKNOWN
13256,"Mission/McAllen/Edinburg, TX: McAllen International",KMFE,YES,ASOS_AVAILABLE,DIRECT_MATCH,HIGH
13257,"Moanda, Gabon: Moanda Airport",NOT_FOUND,NO,NO_ICAO_CODE,NO_STATE_CODE,UNKNOWN
13258,"Muzaffarabad, Pakistan: Muzaffarabad Airport",NOT_FOUND,NO,NO_ICAO_CODE,INTERNATIONAL,UNKNOWN
13259,"Mesquite, NV: Mesquite Airport",NOT_FOUND,NO,NO_ICAO_CODE,NO_MATCH,UNKNOWN
13260,"Marshfield, WI: Marshfield Municipal",NOT_FOUND,NO,NO_ICAO_CODE,NO_MATCH,UNKNOWN
13261,"Macau, Macau: Macau International",NOT_FOUND,NO,NO_ICAO_CODE,NO_STATE_CODE,UNKNOWN
13262,"Milford Sound, New Zealand: Milford Sound Airport",NOT_FOUND,NO,NO_ICAO_CODE,INTERNATIONAL,UNKNOWN
13263,"Maradi, Niger: Maradi Airport",NOT_FOUND,NO,NO_ICAO_CODE,INTERNATIONAL,UNKNOWN
13264,"Medford, OR: Rogue Valley International - Medford",KMFR,YES,ASOS_AVAILABLE,DIRECT_MATCH,HIGH
13265,"Miraflores, Colombia: Miraflores Airport",NOT_FOUND,NO,NO_ICAO_CODE,INTERNATIONAL,UNKNOWN
13266,"Fort Worth, TX: Mangham Field",KDFW,YES,ASOS_AVAILABLE,DIRECT_MATCH,HIGH
13267,"Mfuwe, Zambia: Mfuwe Airport",NOT_FOUND,NO,NO_ICAO_CODE,INTERNATIONAL,UNKNOWN
13268,"Melfa, VA: Accomack County",NOT_FOUND,NO,NO_ICAO_CODE,NO_MATCH,UNKNOWN
13269,"Managua, Nicaragua: Augusto Cesar Sandino International",NOT_FOUND,NO,NO_ICAO_CODE,INTERNATIONAL,UNKNOWN
13270,"Mount Gambier, Australia: Mount Gambier Airport",NOT_FOUND,NO,INTERNATIONAL,INTERNATIONAL,UNKNOWN
13271,"Michigan City, IN: Michigan City Municipal Phillips Field",NOT_FOUND,NO,NO_ICAO_CODE,NO_MATCH,UNKNOWN
13272,"Magdalena, Bolivia: Magdalena Airport",NOT_FOUND,NO,NO_ICAO_CODE,INTERNATIONAL,UNKNOWN
13273,"Marietta, GA: Dobbins ARB",NOT_FOUND,NO,NO_ICAO_CODE,NO_MATCH,UNKNOWN
13274,"Maringa, Brazil: Silvio Name Junior",NOT_FOUND,NO,INTERNATIONAL,INTERNATIONAL,UNKNOWN
13275,"Montgomery, NY: Orange County",KMGM,YES,ASOS_AVAILABLE,DIRECT_MATCH,HIGH
13276,"Dusseldorf, Germany: Moenchengladbach",NOT_FOUND,NO,INTERNATIONAL,INTERNATIONAL,UNKNOWN
13277,"Montgomery, AL: Montgomery Regional",KMGM,YES,ASOS_AVAILABLE,DIRECT_MATCH,HIGH
13278,"Magangue, Colombia: Baracoa",NOT_FOUND,NO,NO_ICAO_CODE,INTERNATIONAL,UNKNOWN
13279,"Mogadishu, Somalia: Aden Adde International",NOT_FOUND,NO,NO_ICAO_CODE,INTERNATIONAL,UNKNOWN
13280,"Moultrie/Thomasville, GA: Moultrie/Thomasville Airport",NOT_FOUND,NO,NO_ICAO_CODE,NO_MATCH,UNKNOWN
13281,"Mangaia, Cook Islands: Mangaia Cook Island",NOT_FOUND,NO,NO_ICAO_CODE,NO_STATE_CODE,UNKNOWN
13282,"Morgantown, WV: Morgantown Municipal Walter L Bill Hart Field",NOT_FOUND,NO,NO_ICAO_CODE,NO_MATCH,UNKNOWN
13283,"Dayton, OH: Dayton-Wright Brothers",KDAY,YES,ASOS_AVAILABLE,DIRECT_MATCH,HIGH
13284,"Mahdia, Guyana: Mahdia Airport",NOT_FOUND,NO,NO_ICAO_CODE,INTERNATIONAL,UNKNOWN
13286,"Mashhad, Iran: Shahid Hashemi Nejad International",NOT_FOUND,NO,NO_ICAO_CODE,INTERNATIONAL,UNKNOWN
13287,"Mitchell, SD: Mitchell Municipal",NOT_FOUND,NO,NO_ICAO_CODE,NO_MATCH,UNKNOWN
13288,"Mannheim, Germany: Mannheim City",NOT_FOUND,NO,INTERNATIONAL,INTERNATIONAL,UNKNOWN
13289,"Marsh Harbour, The Bahamas: Leonard M Thompson International",NOT_FOUND,NO,NO_ICAO_CODE,INTERNATIONAL,UNKNOWN
13290,"Manhattan/Ft. Riley, KS: Manhattan Regional",NOT_FOUND,NO,NO_ICAO_CODE,NO_MATCH,UNKNOWN
13291,"Marshall, MO: Marshall Memorial Municipal",NOT_FOUND,NO,NO_ICAO_CODE,NO_MATCH,UNKNOWN
13292,"Minchumina, AK: Minchumina Airport",NOT_FOUND,NO,NO_ICAO_CODE,NO_MATCH,UNKNOWN
13293,"Mount House, Australia: Mount House Airport",NOT_FOUND,NO,INTERNATIONAL,INTERNATIONAL,UNKNOWN
13294,"Mariehamn, Finland: Mariehamn Airport",NOT_FOUND,NO,NO_ICAO_CODE,INTERNATIONAL,UNKNOWN
13295,"Sacramento, CA: Sacramento Mather",KSMF,YES,ASOS_AVAILABLE,DIRECT_MATCH,HIGH
13296,"Manchester, NH: Manchester Boston Regional",KBOS,YES,ASOS_AVAILABLE,DIRECT_MATCH,HIGH
13297,"Mojave, CA: Mojave Air and Space Port Rutan Field",NOT_FOUND,NO,NO_ICAO_CODE,NO_MATCH,UNKNOWN
13299,"Mildenhall, United Kingdom: Mildenhall Airport",NOT_FOUND,NO,INTERNATIONAL,INTERNATIONAL,UNKNOWN
13300,"Greenville, MI: Greenville Municipal",KGSP,YES,ASOS_AVAILABLE,DIRECT_MATCH,HIGH
13301,"Holland, MI: West Michigan Regional",NOT_FOUND,NO,NO_ICAO_CODE,NO_MATCH,UNKNOWN
13302,"Howell, MI: Livingston County Spencer J. Hardy",NOT_FOUND,NO,NO_ICAO_CODE,NO_MATCH,UNKNOWN
13303,MIA,KMIA,YES,ASOS_AVAILABLE,DIRECT_MATCH,HIGH
13304,"Minot, ND: Minot AFB",NOT_FOUND,NO,NO_ICAO_CODE,NO_MATCH,UNKNOWN
13305,"Minneapolis, MN: Crystal",KMSP,YES,ASOS_AVAILABLE,DIRECT_MATCH,HIGH
13306,"Merida, Mexico: Merida International",NOT_FOUND,NO,INTERNATIONAL,INTERNATIONAL,UNKNOWN
13307,"Muncie/Anderson/Newcastle, IN: Delaware County Regional",NOT_FOUND,NO,NO_ICAO_CODE,NO_MATCH,UNKNOWN
13308,"Marilia, Brazil: Frank Miloye Milenkovich",NOT_FOUND,NO,INTERNATIONAL,INTERNATIONAL,UNKNOWN
13309,"Mili, Marshall Islands: Mili Airport",NOT_FOUND,NO,NO_ICAO_CODE,NO_STATE_CODE,UNKNOWN
13310,"Mikkeli, Finland: Mikkeli Airport",NOT_FOUND,NO,NO_ICAO_CODE,INTERNATIONAL,UNKNOWN
13311,"Milan, Italy: Milan Metropolitan Area",NOT_FOUND,NO,NO_ICAO_CODE,INTERNATIONAL,UNKNOWN
13312,"Merimbula, Australia: Merimbula Airport",NOT_FOUND,NO,INTERNATIONAL,INTERNATIONAL,UNKNOWN
13313,"Minnipa, Australia: Minnipa Airport",NOT_FOUND,NO,INTERNATIONAL,INTERNATIONAL,UNKNOWN
13314,"Miami, OK: Miami Regional",KMIA,YES,ASOS_AVAILABLE,DIRECT_MATCH,HIGH
13315,"Mitspeh Ramon, Israel: Mitzpe Ramon",NOT_FOUND,NO,NO_ICAO_CODE,INTERNATIONAL,UNKNOWN
13316,"Omaha, NE: Millard",KOMA,YES,ASOS_AVAILABLE,DIRECT_MATCH,HIGH
13317,"Monastir, Tunisia: Habib Bourguiba International",NOT_FOUND,NO,NO_ICAO_CODE,INTERNATIONAL,UNKNOWN
13318,"Misima Island, Papua New Guinea: Misima",NOT_FOUND,NO,NO_ICAO_CODE,INTERNATIONAL,UNKNOWN
13319,"Shafter, CA: Shafter - Minter Field",NOT_FOUND,NO,NO_ICAO_CODE,NO_MATCH,UNKNOWN
13320,"Maiduguri, Nigeria: Maiduguri Airport",NOT_FOUND,NO,NO_ICAO_CODE,INTERNATIONAL,UNKNOWN
13321,"Millville, NJ: Millville Municipal",NOT_FOUND,NO,NO_ICAO_CODE,NO_MATCH,UNKNOWN
13322,"Marshalltown, IA: Marshalltown Municipal",NOT_FOUND,NO,NO_ICAO_CODE,NO_MATCH,UNKNOWN
13323,"Miriti, Colombia: Miriti Pirana",NOT_FOUND,NO,NO_ICAO_CODE,INTERNATIONAL,UNKNOWN
13324,"Mainoru, Australia: Mainoru Airport",NOT_FOUND,NO,INTERNATIONAL,INTERNATIONAL,UNKNOWN
13325,"Manja, Madagascar: Manja Airport",NOT_FOUND,NO,NO_ICAO_CODE,INTERNATIONAL,UNKNOWN
13326,"Mejit Island, Marshall Islands: Mejit",NOT_FOUND,NO,NO_ICAO_CODE,NO_STATE_CODE,UNKNOWN
13327,"Man, Cote d'Ivoire: Man Airport",NOT_FOUND,NO,NO_ICAO_CODE,NO_STATE_CODE,UNKNOWN
13328,"Moenjodaro, Pakistan: Moenjodaro Airport",NOT_FOUND,NO,NO_ICAO_CODE,INTERNATIONAL,UNKNOWN
13329,"Mosjoen, Norway: Kjaerstad",NOT_FOUND,NO,NO_ICAO_CODE,INTERNATIONAL,UNKNOWN
13330,"Mayajigua, Cuba: Mayajigua Airport",NOT_FOUND,NO,NO_ICAO_CODE,NO_STATE_CODE,UNKNOWN
13331,"Mitiga, Libya: Mitiga International",NOT_FOUND,NO,NO_ICAO_CODE,NO_STATE_CODE,UNKNOWN
13332,"Mouila, Gabon: Mouila Airport",NOT_FOUND,NO,NO_ICAO_CODE,NO_STATE_CODE,UNKNOWN
13333,"Mbuji-Mayi, Congo (Kinshasa): Mbuji Mayi",NOT_FOUND,NO,NO_ICAO_CODE,INTERNATIONAL,UNKNOWN
13334,"Majunga, Madagascar: Philibert Tsiranana",NOT_FOUND,NO,NO_ICAO_CODE,INTERNATIONAL,UNKNOWN
13335,"Jackson, MN: Jackson Airport",KJAN,YES,ASOS_AVAILABLE,DIRECT_MATCH,HIGH
13336,"Mytilene, Greece: Mitilini",NOT_FOUND,NO,NO_ICAO_CODE,INTERNATIONAL,UNKNOWN
13337,"Murcia, Spain: Murcia San Javier",NOT_FOUND,NO,INTERNATIONAL,INTERNATIONAL,UNKNOWN
13338,"Toms River, NJ: Ocean County",NOT_FOUND,NO,NO_ICAO_CODE,NO_MATCH,UNKNOWN
13339,"Mirny, Russia: Mirny Airport",NOT_FOUND,NO,INTERNATIONAL,INTERNATIONAL,UNKNOWN
13340,"Marianske Lazne, Czech Republic: Marianske Lazne Airport",NOT_FOUND,NO,NO_ICAO_CODE,INTERNATIONAL,UNKNOWN
13341,"Kansas City, MO: Kansas City Downtown Wheeler Field",KMCI,YES,ASOS_AVAILABLE,DIRECT_MATCH,HIGH
13342,"Milwaukee, WI: General Mitchell International",KMKE,YES,ASOS_AVAILABLE,DIRECT_MATCH,HIGH
13344,"Muskegon, MI: Muskegon County",NOT_FOUND,NO,NO_ICAO_CODE,NO_MATCH,UNKNOWN
13345,"Obo Mboki, Central African Republic: Obo Mboki Airport",NOT_FOUND,NO,NO_ICAO_CODE,NO_STATE_CODE,UNKNOWN
13346,"Makoua, Congo (Brazaville): Makoua Airport",NOT_FOUND,NO,NO_ICAO_CODE,INTERNATIONAL,UNKNOWN
13347,"Hoolehua, HI: Molokai",NOT_FOUND,NO,NO_ICAO_CODE,NO_MATCH,UNKNOWN
13348,"Jackson, TN: Jackson Regional",KJAN,YES,ASOS_AVAILABLE,DIRECT_MATCH,HIGH
13349,"Mukah, Malaysia: Mukah Airport",NOT_FOUND,NO,NO_ICAO_CODE,INTERNATIONAL,UNKNOWN
13350,"Muskogee, OK: Muskogee Davis Regional",NOT_FOUND,NO,NO_ICAO_CODE,NO_MATCH,UNKNOWN
13351,"Makemo, French Polynesia: Makemo Airport",NOT_FOUND,NO,NO_ICAO_CODE,INTERNATIONAL,UNKNOWN
13352,"Meekatharra, Australia: Meekatharra Airport",NOT_FOUND,NO,INTERNATIONAL,INTERNATIONAL,UNKNOWN
13353,"Mekane Selam, Ethiopia: Mekane Selam Airport",NOT_FOUND,NO,NO_ICAO_CODE,INTERNATIONAL,UNKNOWN
13354,"Mankato, MN: Mankato Regional",NOT_FOUND,NO,NO_ICAO_CODE,NO_MATCH,UNKNOWN
13355,"Makokou, Gabon: Makokou Airport",NOT_FOUND,NO,NO_ICAO_CODE,NO_STATE_CODE,UNKNOWN
13356,"Manokwari, Indonesia: Rendani",NOT_FOUND,NO,NO_ICAO_CODE,INTERNATIONAL,UNKNOWN
13357,"Mackay, Australia: Mackay Airport",NOT_FOUND,NO,INTERNATIONAL,INTERNATIONAL,UNKNOWN
13358,"Malacca, Malaysia: Malacca Airport",NOT_FOUND,NO,NO_ICAO_CODE,INTERNATIONAL,UNKNOWN
13359,"Malta, Malta: Luqa International",NOT_FOUND,NO,NO_ICAO_CODE,INTERNATIONAL,UNKNOWN
13360,MCO,KMCO,YES,ASOS_AVAILABLE,DIRECT_MATCH,HIGH
13361,"McAlester, OK: McAlester Regional",NOT_FOUND,NO,NO_ICAO_CODE,NO_MATCH,UNKNOWN
13362,"Malad City, ID: Malad City Airport",NOT_FOUND,NO,NO_ICAO_CODE,NO_MATCH,UNKNOWN
13363,"Male, Maldives: Velana International",NOT_FOUND,NO,NO_ICAO_CODE,INTERNATIONAL,UNKNOWN
13364,"Milford, UT: Milford Municipal/Ben and Judy Briscoe Field",NOT_FOUND,NO,NO_ICAO_CODE,NO_MATCH,UNKNOWN
13365,"Malang, Indonesia: Abdul Rachman Saleh",NOT_FOUND,NO,NO_ICAO_CODE,INTERNATIONAL,UNKNOWN
13366,"Mulhouse, France: EuroAirport",NOT_FOUND,NO,INTERNATIONAL,INTERNATIONAL,UNKNOWN
13367,"Moline, IL: Quad Cities International",NOT_FOUND,NO,NO_ICAO_CODE,NO_MATCH,UNKNOWN
13368,"Malta, MT: Malta Airport",NOT_FOUND,NO,NO_ICAO_CODE,INTERNATIONAL,UNKNOWN
13369,"Marshall, AK: Marshall Don Hunter Sr.",NOT_FOUND,NO,NO_ICAO_CODE,NO_MATCH,UNKNOWN
13370,"Morelia, Mexico: Morelia International",NOT_FOUND,NO,INTERNATIONAL,INTERNATIONAL,UNKNOWN
13371,"Melilla, Spain: Melilla Airport",NOT_FOUND,NO,INTERNATIONAL,INTERNATIONAL,UNKNOWN
13372,"Milos, Greece: Milos Airport",NOT_FOUND,NO,NO_ICAO_CODE,INTERNATIONAL,UNKNOWN
13373,"Malabang, Philippines: Malabang Airport",NOT_FOUND,NO,NO_ICAO_CODE,INTERNATIONAL,UNKNOWN
13374,"Malalaua, Papua New Guinea: Malalaua Airport",NOT_FOUND,NO,NO_ICAO_CODE,INTERNATIONAL,UNKNOWN
13375,"Miles City, MT: Frank Wiley Field",NOT_FOUND,NO,NO_ICAO_CODE,NO_MATCH,UNKNOWN
13376,"Millinocket, ME: Millinocket Municipal",NOT_FOUND,NO,NO_ICAO_CODE,NO_MATCH,UNKNOWN
13377,"Monroe, LA: Monroe Regional",NOT_FOUND,NO,NO_ICAO_CODE,NO_MATCH,UNKNOWN
13378,"Merluna, Australia: Merluna Airport",NOT_FOUND,NO,INTERNATIONAL,INTERNATIONAL,UNKNOWN
13379,"Monrovia, Liberia: Monrovia Spriggs Payne",NOT_FOUND,NO,NO_ICAO_CODE,INTERNATIONAL,UNKNOWN
13380,"Malatya, Turkey: Malatya Airport",NOT_FOUND,NO,NO_ICAO_CODE,INTERNATIONAL,UNKNOWN
13381,"Manley Hot Springs, AK: Manley Hot Springs Airport",NOT_FOUND,NO,NO_ICAO_CODE,NO_MATCH,UNKNOWN
13382,"Melo, Uruguay: Melo Airport",NOT_FOUND,NO,NO_ICAO_CODE,INTERNATIONAL,UNKNOWN
13383,"Malmo, Sweden: Malmo Metropolitan Area",NOT_FOUND,NO,NO_ICAO_CODE,INTERNATIONAL,UNKNOWN
13384,"Memanbetsu, Japan: Memanbetsu Airport",NOT_FOUND,NO,INTERNATIONAL,INTERNATIONAL,UNKNOWN
13385,"Ciudad Mante, Mexico: Cuauhtemoc",NOT_FOUND,NO,INTERNATIONAL,INTERNATIONAL,UNKNOWN
13386,"Minami Daito, Japan: Minami Daito Airport",NOT_FOUND,NO,INTERNATIONAL,INTERNATIONAL,UNKNOWN
13387,"Darlington, United Kingdom: Teesside International",NOT_FOUND,NO,INTERNATIONAL,INTERNATIONAL,UNKNOWN
13388,"Mammoth Lakes, CA: Mammoth Lakes Airport",NOT_FOUND,NO,NO_ICAO_CODE,NO_MATCH,UNKNOWN
13389,"Athens, TN: McMinn County",KAHN,YES,ASOS_AVAILABLE,DIRECT_MATCH,HIGH
13390,"Matsumoto, Japan: Matsumoto Airport",NOT_FOUND,NO,INTERNATIONAL,INTERNATIONAL,UNKNOWN
13391,"Murmansk, Russia: Murmansk Airport",NOT_FOUND,NO,INTERNATIONAL,INTERNATIONAL,UNKNOWN
13392,"Marshall, MN: Southwest Minnesota Regional-Marshall/Ryan Field",NOT_FOUND,NO,NO_ICAO_CODE,NO_MATCH,UNKNOWN
13393,"Middlemount, Australia: Middlemount Airport",NOT_FOUND,NO,INTERNATIONAL,INTERNATIONAL,UNKNOWN
13394,"Stow, MA: Minute Man Air Field",NOT_FOUND,NO,NO_ICAO_CODE,NO_MATCH,UNKNOWN
13395,"Mompos, Colombia: San Bernardo",NOT_FOUND,NO,NO_ICAO_CODE,INTERNATIONAL,UNKNOWN
13396,"Mbala, Zambia: Mbala Airport",NOT_FOUND,NO,NO_ICAO_CODE,INTERNATIONAL,UNKNOWN
13397,"Columbia, SC: McEntire Jngb",KCAE,YES,ASOS_AVAILABLE,DIRECT_MATCH,HIGH
13398,"Morristown, NJ: Morristown Municipal",NOT_FOUND,NO,NO_ICAO_CODE,NO_MATCH,UNKNOWN
13399,"Malmo, Sweden: Malmo Airport",NOT_FOUND,NO,NO_ICAO_CODE,INTERNATIONAL,UNKNOWN
13400,"Miyakojima, Japan: Miyako",NOT_FOUND,NO,INTERNATIONAL,INTERNATIONAL,UNKNOWN
13401,"Fosston, MN: Fosston Municipal Anderson Field",NOT_FOUND,NO,NO_ICAO_CODE,NO_MATCH,UNKNOWN
13402,"Moose Lake, MN: Moose Lake Carlton County",NOT_FOUND,NO,NO_ICAO_CODE,NO_MATCH,UNKNOWN
13403,"Ortonville, MN: Ortonville Municipal-Martinson Field",NOT_FOUND,NO,NO_ICAO_CODE,NO_MATCH,UNKNOWN
13404,"Moanda, Congo (Kinshasa): Muanda",NOT_FOUND,NO,NO_ICAO_CODE,INTERNATIONAL,UNKNOWN
13405,"Nacala, Mozambique: Nacala International",NOT_FOUND,NO,NO_ICAO_CODE,INTERNATIONAL,UNKNOWN
13406,"Montserrat, Montserrat: John A Osborne",NOT_FOUND,NO,NO_ICAO_CODE,NO_STATE_CODE,UNKNOWN
13407,"Maiana, Kiribati: Maiana Airport",NOT_FOUND,NO,NO_ICAO_CODE,NO_STATE_CODE,UNKNOWN
13408,"Manila, Philippines: Ninoy Aquino International",NOT_FOUND,NO,NO_ICAO_CODE,INTERNATIONAL,UNKNOWN
13409,"Marinette, MI: Menominee Regional",NOT_FOUND,NO,PRIVATE/SPECIAL_USE,NO_MATCH,UNKNOWN
13410,"Marion, OH: Marion Municipal",NOT_FOUND,NO,NO_ICAO_CODE,NO_MATCH,UNKNOWN
13411,"Manono, Congo (Kinshasa): Manono Airport",NOT_FOUND,NO,NO_ICAO_CODE,INTERNATIONAL,UNKNOWN
13413,"Mongu, Zambia: Mongu Airport",NOT_FOUND,NO,NO_ICAO_CODE,INTERNATIONAL,UNKNOWN
13414,"Mansa, Zambia: Mansa Airport",NOT_FOUND,NO,NO_ICAO_CODE,INTERNATIONAL,UNKNOWN
13415,"Minto, AK: Minto Al Wright",NOT_FOUND,NO,NO_ICAO_CODE,NO_MATCH,UNKNOWN
13416,"Mawlamyine, Burma: Mawlamyine Airport",NOT_FOUND,NO,NO_ICAO_CODE,INTERNATIONAL,UNKNOWN
13417,"Manicore, Brazil: Manicore Airport",NOT_FOUND,NO,INTERNATIONAL,INTERNATIONAL,UNKNOWN
13418,"Manassas, VA: Manassas Regional/Harry P. Davis Field",NOT_FOUND,NO,NO_ICAO_CODE,NO_MATCH,UNKNOWN
13419,"Mosby, MO: Midwest National Air Center",NOT_FOUND,NO,NO_ICAO_CODE,NO_MATCH,UNKNOWN
13420,"Washington, MO: Washington Regional",KDCA,YES,ASOS_AVAILABLE,DIRECT_MATCH,HIGH
13421,"Moa, Cuba: Orestes Acosta",NOT_FOUND,NO,NO_ICAO_CODE,NO_STATE_CODE,UNKNOWN
13422,"Mobile, AL: Mobile Regional",KMOB,YES,ASOS_AVAILABLE,DIRECT_MATCH,HIGH
13423,"Montes Claros, Brazil: Mario Ribeiro",NOT_FOUND,NO,INTERNATIONAL,INTERNATIONAL,UNKNOWN
13424,"Modesto, CA: Modesto City-County-Harry Sham Field",NOT_FOUND,NO,NO_ICAO_CODE,NO_MATCH,UNKNOWN
13425,"Mong Hsat, Burma: Mong Hsat Airport",NOT_FOUND,NO,NO_ICAO_CODE,INTERNATIONAL,UNKNOWN
13426,"Molde, Norway: Aro",NOT_FOUND,NO,NO_ICAO_CODE,INTERNATIONAL,UNKNOWN
13427,"Moudjeria, Mauritania: Moudjeria Ledfotar",NOT_FOUND,NO,NO_ICAO_CODE,NO_STATE_CODE,UNKNOWN
13428,"Mount Cook, New Zealand: Mount Cook Airport",NOT_FOUND,NO,NO_ICAO_CODE,INTERNATIONAL,UNKNOWN
13429,"Mount Pleasant, MI: Mount Pleasant Municipal",NOT_FOUND,NO,NO_ICAO_CODE,NO_MATCH,UNKNOWN
13430,"Morondava, Madagascar: Morondava Airport",NOT_FOUND,NO,NO_ICAO_CODE,INTERNATIONAL,UNKNOWN
13431,"Morristown, TN: Moore-Murrell",NOT_FOUND,NO,NO_ICAO_CODE,NO_MATCH,UNKNOWN
13432,"Moses Point, AK: Moses Point Airport",NOT_FOUND,NO,NO_ICAO_CODE,NO_MATCH,UNKNOWN
13433,"Minot, ND: Minot International",NOT_FOUND,NO,NO_ICAO_CODE,NO_MATCH,UNKNOWN
13434,"Mountain Village, AK: Mountain Village Airport",NOT_FOUND,NO,NO_ICAO_CODE,NO_MATCH,UNKNOWN
13435,"Moscow, Russia: Moscow Metropolitan Area",NOT_FOUND,NO,INTERNATIONAL,INTERNATIONAL,UNKNOWN
13437,"Monterrey, Colombia: Monterrey Airport",NOT_FOUND,NO,NO_ICAO_CODE,INTERNATIONAL,UNKNOWN
13438,"Moorea Island, French Polynesia: Temae",NOT_FOUND,NO,NO_ICAO_CODE,INTERNATIONAL,UNKNOWN
13439,"Miami, FL: Watson Island International",KMIA,YES,ASOS_AVAILABLE,DIRECT_MATCH,HIGH
13440,"Montpelier, ID: Montpelier Airport",NOT_FOUND,NO,NO_ICAO_CODE,NO_MATCH,UNKNOWN
13441,"Morrilton, AR: Petit Jean Park",NOT_FOUND,NO,NO_ICAO_CODE,NO_MATCH,UNKNOWN
13442,"Mokpo, South Korea: Mokpo Airport",NOT_FOUND,NO,INTERNATIONAL,INTERNATIONAL,UNKNOWN
13443,"Montpellier, France: Montpellier Mediterranee",NOT_FOUND,NO,INTERNATIONAL,INTERNATIONAL,UNKNOWN
13444,"Maputo, Mozambique: Maputo Airport",NOT_FOUND,NO,NO_ICAO_CODE,INTERNATIONAL,UNKNOWN
13445,"Mount Pleasant, Falkland Islands (Islas Malvinas): Mount Pleasant Airport",NOT_FOUND,NO,NO_ICAO_CODE,NO_STATE_CODE,UNKNOWN
13446,"Mt. Pocono, PA: Pocono Mountains Regional",NOT_FOUND,NO,NO_ICAO_CODE,NO_MATCH,UNKNOWN
13447,"McPherson, KS: McPherson Airport",NOT_FOUND,NO,NO_ICAO_CODE,NO_MATCH,UNKNOWN
13448,"Mount Pleasant, TX: Mount Pleasant Municipal",NOT_FOUND,NO,NO_ICAO_CODE,NO_MATCH,UNKNOWN
13449,"Maliana, Timor-Leste: Maliana Airport",NOT_FOUND,NO,NO_ICAO_CODE,INTERNATIONAL,UNKNOWN
13450,"Montpelier/Barre, VT: Edward F Knapp State",NOT_FOUND,NO,NO_ICAO_CODE,NO_MATCH,UNKNOWN
13451,"Miyanmin, Papua New Guinea: Miyanmin Airport",NOT_FOUND,NO,NO_ICAO_CODE,INTERNATIONAL,UNKNOWN
13452,"Macomb, IL: Macomb Municipal",NOT_FOUND,NO,NO_ICAO_CODE,NO_MATCH,UNKNOWN
13453,"Indianapolis, IN: Indianapolis Regional",NOT_FOUND,NO,INTERNATIONAL,INTERNATIONAL,UNKNOWN
13454,"Mildura, Australia: Mildura Airport",NOT_FOUND,NO,INTERNATIONAL,INTERNATIONAL,UNKNOWN
13455,"Mo I Rana, Norway: Rossvoll",NOT_FOUND,NO,NO_ICAO_CODE,INTERNATIONAL,UNKNOWN
13456,"Nelspruit, South Africa: Kruger Mpumalanga International",NOT_FOUND,NO,NO_ICAO_CODE,INTERNATIONAL,UNKNOWN
13457,"Moundou, Chad: Moundou Airport",NOT_FOUND,NO,NO_ICAO_CODE,INTERNATIONAL,UNKNOWN
13458,"Mustique, Saint Vincent and the Grenadines: Mustique Airport",NOT_FOUND,NO,NO_ICAO_CODE,INTERNATIONAL,UNKNOWN
13459,"Marquette, MI: Marquette Sawyer Regional",NOT_FOUND,NO,NO_ICAO_CODE,NO_MATCH,UNKNOWN
13460,"Mek'ele, Ethiopia: Mekele International",NOT_FOUND,NO,NO_ICAO_CODE,INTERNATIONAL,UNKNOWN
13461,"Smyrna, TN: Smyrna Airport",NOT_FOUND,NO,NO_ICAO_CODE,NO_MATCH,UNKNOWN
13462,"Misurata, Libya: Misrata International",NOT_FOUND,NO,NO_ICAO_CODE,NO_STATE_CODE,UNKNOWN
13463,"Martinsburg, WV: Eastern WV Regional/Shepherd Field",NOT_FOUND,NO,NO_ICAO_CODE,NO_MATCH,UNKNOWN
13464,"Columbia, TN: Maury County Regional",KCAE,YES,ASOS_AVAILABLE,DIRECT_MATCH,HIGH
13465,"Merida, Venezuela: Alberto Carnevalli",NOT_FOUND,NO,NO_ICAO_CODE,INTERNATIONAL,UNKNOWN
13466,"Morehead City, NC: Beaufort Morehead City",NOT_FOUND,NO,NO_ICAO_CODE,NO_MATCH,UNKNOWN
13467,"Anchorage, AK: Merrill Field",PANC,YES,ASOS_AVAILABLE,DIRECT_MATCH,HIGH
13469,"Marco Island, FL: Marco Island Executive",NOT_FOUND,NO,NO_ICAO_CODE,NO_MATCH,UNKNOWN
13470,"Morganton, NC: Morganton Lenoir",NOT_FOUND,NO,NO_ICAO_CODE,NO_MATCH,UNKNOWN
13471,"Grand Case, Saint Martin: Grand Case Airport",NOT_FOUND,NO,NO_ICAO_CODE,NO_STATE_CODE,UNKNOWN
13472,"Marseille, France: Marseille Provence",NOT_FOUND,NO,INTERNATIONAL,INTERNATIONAL,UNKNOWN
13473,"Mauritius Island, Mauritius: Sir Seewoosagur Ramgoolam International",NOT_FOUND,NO,NO_ICAO_CODE,INTERNATIONAL,UNKNOWN
13474,"Mineralnyye Vody, Russia: Mineralnyye Vody Airport",NOT_FOUND,NO,PRIVATE/SPECIAL_USE,INTERNATIONAL,UNKNOWN
13475,"Margarita Island, Venezuela: Del Caribe International",NOT_FOUND,NO,NO_ICAO_CODE,INTERNATIONAL,UNKNOWN
13476,"Monterey, CA: Monterey Regional",KMRY,YES,ASOS_AVAILABLE,DIRECT_MATCH,HIGH
13477,"Moree, Australia: Moree Airport",NOT_FOUND,NO,INTERNATIONAL,INTERNATIONAL,UNKNOWN
13478,"Grenada, MS: Grenada Municipal",NOT_FOUND,NO,NO_ICAO_CODE,INTERNATIONAL,UNKNOWN
13479,"Muskrat Dam, Canada: Muskrat Dam Airport",NOT_FOUND,NO,INTERNATIONAL,INTERNATIONAL,UNKNOWN
13480,"Mesa, AZ: Falcon Field",NOT_FOUND,NO,NO_ICAO_CODE,NO_MATCH,UNKNOWN
13481,"Manston, United Kingdom: Manston Airport",NOT_FOUND,NO,INTERNATIONAL,INTERNATIONAL,UNKNOWN
13482,"Masirah, Oman: Masirah Airport",NOT_FOUND,NO,NO_ICAO_CODE,INTERNATIONAL,UNKNOWN
13483,"Misawa, Japan: Misawa AB",NOT_FOUND,NO,INTERNATIONAL,INTERNATIONAL,UNKNOWN
13484,"Muscle Shoals, AL: Northwest Alabama Regional",NOT_FOUND,NO,NO_ICAO_CODE,NO_MATCH,UNKNOWN
13485,"Madison, WI: Dane County Regional-Truax Field",KMSN,YES,ASOS_AVAILABLE,DIRECT_MATCH,HIGH
13486,"Missoula, MT: Missoula Montana",KMSO,YES,ASOS_AVAILABLE,DIRECT_MATCH,HIGH
13487,MSP,KMSP,YES,ASOS_AVAILABLE,DIRECT_MATCH,HIGH
13488,"Minsk, Belarus: Minsk 2",NOT_FOUND,NO,NO_ICAO_CODE,INTERNATIONAL,UNKNOWN
13490,"Massena, NY: Massena International-Richards Field",NOT_FOUND,NO,NO_ICAO_CODE,NO_MATCH,UNKNOWN
13491,"Maastricht, Netherlands: Maastricht Aachen",NOT_FOUND,NO,NO_ICAO_CODE,INTERNATIONAL,UNKNOWN
13492,"Maseru, Lesotho: Moshoeshoe I International",NOT_FOUND,NO,NO_ICAO_CODE,NO_STATE_CODE,UNKNOWN
13493,"Monticello, NY: Sullivan County International",NOT_FOUND,NO,NO_ICAO_CODE,NO_MATCH,UNKNOWN
13494,"Massawa, Eritrea: Massawa International",NOT_FOUND,NO,NO_ICAO_CODE,NO_STATE_CODE,UNKNOWN
13495,"New Orleans, LA: Louis Armstrong New Orleans International",NOT_FOUND,NO,NO_ICAO_CODE,NO_MATCH,UNKNOWN
13496,"Namibe, Angola: Yuri Gagarin",NOT_FOUND,NO,NO_ICAO_CODE,INTERNATIONAL,UNKNOWN
13497,"Colstrip, MT: Colstrip Airport",NOT_FOUND,NO,PRIVATE/SPECIAL_USE,NO_MATCH,UNKNOWN
13498,"Mt. Clemens, MI: Selfridge Angb",NOT_FOUND,NO,NO_ICAO_CODE,NO_MATCH,UNKNOWN
13499,"Mt. Sandford, Australia: Mount Sanford Station",NOT_FOUND,NO,INTERNATIONAL,INTERNATIONAL,UNKNOWN
13500,"Monte Alegre, Brazil: Monte Alegre Airport",NOT_FOUND,NO,INTERNATIONAL,INTERNATIONAL,UNKNOWN
13501,"Marathon, FL: The Florida Keys Marathon International",NOT_FOUND,NO,NO_ICAO_CODE,NO_MATCH,UNKNOWN
13502,"Montrose/Delta, CO: Montrose Regional",NOT_FOUND,NO,NO_ICAO_CODE,NO_MATCH,UNKNOWN
13503,"Maitland, Australia: Maitland Airport",NOT_FOUND,NO,INTERNATIONAL,INTERNATIONAL,UNKNOWN
13504,"Metlakatla, AK: Metlakatala",NOT_FOUND,NO,NO_ICAO_CODE,NO_MATCH,UNKNOWN
13505,"Baltimore, MD: Martin State",KBWI,YES,ASOS_AVAILABLE,DIRECT_MATCH,HIGH
13506,"Mattoon/Charleston, IL: Coles County Memorial",KCHS,YES,ASOS_AVAILABLE,DIRECT_MATCH,HIGH
13507,"Montauk Point, NY: Sky Portal",NOT_FOUND,NO,NO_ICAO_CODE,NO_MATCH,UNKNOWN
13508,"Monteria, Colombia: Los Garzones",NOT_FOUND,NO,NO_ICAO_CODE,INTERNATIONAL,UNKNOWN
13509,"Manzini, Swaziland: Matsapha",NOT_FOUND,NO,NO_ICAO_CODE,NO_STATE_CODE,UNKNOWN
13510,"Minatitlan, Mexico: Minatitlan Airport",NOT_FOUND,NO,INTERNATIONAL,INTERNATIONAL,UNKNOWN
13511,"Mota Lava, Vanuatu: Mota Lava Airport",NOT_FOUND,NO,NO_ICAO_CODE,NO_STATE_CODE,UNKNOWN
13512,"Manitowoc, WI: Manitowoc County",NOT_FOUND,NO,NO_ICAO_CODE,NO_MATCH,UNKNOWN
13513,"Fairbanks, AK: Metro Field",PAFA,YES,ASOS_AVAILABLE,DIRECT_MATCH,HIGH
13514,"Monterrey, Mexico: Monterrey International",NOT_FOUND,NO,INTERNATIONAL,INTERNATIONAL,UNKNOWN
13515,"Masada, Israel: Israel Bar Yehuda",NOT_FOUND,NO,NO_ICAO_CODE,INTERNATIONAL,UNKNOWN
13516,"Munda, Solomon Islands: Munda Airport",NOT_FOUND,NO,NO_ICAO_CODE,NO_STATE_CODE,UNKNOWN
13517,"Maun, Botswana: Maun Airport",NOT_FOUND,NO,NO_ICAO_CODE,INTERNATIONAL,UNKNOWN
13518,"Munich, Germany: Muenchen",NOT_FOUND,NO,INTERNATIONAL,INTERNATIONAL,UNKNOWN
13520,"Kamuela, HI: Waimea-Kohala",NOT_FOUND,NO,NO_ICAO_CODE,NO_MATCH,UNKNOWN
13521,"Mulege, Mexico: Mulege Airport",NOT_FOUND,NO,INTERNATIONAL,INTERNATIONAL,UNKNOWN
13522,"Mersa Matruh, Egypt: Mersa Matruh Airport",NOT_FOUND,NO,NO_ICAO_CODE,INTERNATIONAL,UNKNOWN
13523,"Moultrie, GA: Spence",NOT_FOUND,NO,NO_ICAO_CODE,NO_MATCH,UNKNOWN
13524,"Maturin, Venezuela: Jose Tadeo Monagas International",NOT_FOUND,NO,NO_ICAO_CODE,INTERNATIONAL,UNKNOWN
13525,"Mountain Home, ID: Mountain Home AFB",NOT_FOUND,NO,NO_ICAO_CODE,NO_MATCH,UNKNOWN
13526,"Marudi, Malaysia: Marudi Airport",NOT_FOUND,NO,NO_ICAO_CODE,INTERNATIONAL,UNKNOWN
13527,"Muscatine, IA: Muscatine Municipal",NOT_FOUND,NO,NO_ICAO_CODE,NO_MATCH,UNKNOWN
13528,"Multan, Pakistan: Multan International",NOT_FOUND,NO,NO_ICAO_CODE,INTERNATIONAL,UNKNOWN
13530,"Musoma, Tanzania: Musoma Airport",NOT_FOUND,NO,NO_ICAO_CODE,INTERNATIONAL,UNKNOWN
13531,"Mvengue, Gabon: Mvengue Airport",NOT_FOUND,NO,NO_ICAO_CODE,NO_STATE_CODE,UNKNOWN
13532,"Montevideo, Uruguay: Carrasco International",NOT_FOUND,NO,NO_ICAO_CODE,INTERNATIONAL,UNKNOWN
13533,"Mossoro, Brazil: Dixsept Rosado",NOT_FOUND,NO,INTERNATIONAL,INTERNATIONAL,UNKNOWN
13534,"Mandeville, Jamaica: Marlboro",NOT_FOUND,NO,NO_ICAO_CODE,INTERNATIONAL,UNKNOWN
13535,"Morrisville, VT: Morrisville Stowe State",NOT_FOUND,NO,NO_ICAO_CODE,NO_MATCH,UNKNOWN
13536,"Kayenta, AZ: Kayenta Airport",NOT_FOUND,NO,NO_ICAO_CODE,NO_MATCH,UNKNOWN
13537,"Mount Vernon, IL: Mount Vernon Airport",NOT_FOUND,NO,NO_ICAO_CODE,NO_MATCH,UNKNOWN
13539,"Maroua, Cameroon: Salak",NOT_FOUND,NO,NO_ICAO_CODE,INTERNATIONAL,UNKNOWN
13540,"Burlington/Mount Vernon, WA: Skagit Regional",KBTV,YES,ASOS_AVAILABLE,DIRECT_MATCH,HIGH
13541,"Martha's Vineyard, MA: Martha's Vineyard Airport",NOT_FOUND,NO,NO_ICAO_CODE,NO_MATCH,UNKNOWN
13543,"Marion/Herrin, IL: Veterans Airport of Southern Illinois",NOT_FOUND,NO,NO_ICAO_CODE,NO_MATCH,UNKNOWN
13544,"Milwaukee, WI: Lawrence J Timmerman",KMKE,YES,ASOS_AVAILABLE,DIRECT_MATCH,HIGH
13545,"Mianwali, Pakistan: Mianwali Airport",NOT_FOUND,NO,NO_ICAO_CODE,INTERNATIONAL,UNKNOWN
13546,"Moses Lake, WA: Grant County International",NOT_FOUND,NO,NO_ICAO_CODE,NO_MATCH,UNKNOWN
13547,"Mineral Wells, TX: Mineral Wells Regional",NOT_FOUND,NO,PRIVATE/SPECIAL_USE,NO_MATCH,UNKNOWN
13548,"Windom, MN: Windom Municipal",NOT_FOUND,NO,NO_ICAO_CODE,NO_MATCH,UNKNOWN
13549,"Middletown, OH: Middletown Regional/Hook Field",NOT_FOUND,NO,NO_ICAO_CODE,NO_MATCH,UNKNOWN
13550,"Magwe, Burma: Magway",NOT_FOUND,NO,NO_ICAO_CODE,INTERNATIONAL,UNKNOWN
13551,"Mwanza, Tanzania: Mwanza Airport",NOT_FOUND,NO,NO_ICAO_CODE,INTERNATIONAL,UNKNOWN
13552,"Masamba, Indonesia: Andi Jemma",NOT_FOUND,NO,NO_ICAO_CODE,INTERNATIONAL,UNKNOWN
13553,"Monticello, UT: Monticello Airport",NOT_FOUND,NO,NO_ICAO_CODE,NO_MATCH,UNKNOWN
13554,"Maxton, NC: Laurinburg-Maxton",NOT_FOUND,NO,NO_ICAO_CODE,NO_MATCH,UNKNOWN
13555,"Montgomery, AL: Maxwell AFB",KMGM,YES,ASOS_AVAILABLE,DIRECT_MATCH,HIGH
13556,"Marlboro, MA: Marlboro Airport",NOT_FOUND,NO,NO_ICAO_CODE,NO_MATCH,UNKNOWN
13557,"Moro, Papua New Guinea: Moro Airport",NOT_FOUND,NO,NO_ICAO_CODE,INTERNATIONAL,UNKNOWN
13558,"Minna, Nigeria: Minna Airport",NOT_FOUND,NO,NO_ICAO_CODE,INTERNATIONAL,UNKNOWN
13559,"Mexicali, Mexico: Mexicali International",NOT_FOUND,NO,INTERNATIONAL,INTERNATIONAL,UNKNOWN
13560,"Milan, Italy: Malpensa",NOT_FOUND,NO,NO_ICAO_CODE,INTERNATIONAL,UNKNOWN
13561,"Maota, Samoa: Maota Airport",NOT_FOUND,NO,NO_ICAO_CODE,INTERNATIONAL,UNKNOWN
13562,"Maintirano, Madagascar: Maintirano Airport",NOT_FOUND,NO,NO_ICAO_CODE,INTERNATIONAL,UNKNOWN
13563,"Mora, Sweden: Mora Airport",NOT_FOUND,NO,NO_ICAO_CODE,INTERNATIONAL,UNKNOWN
13564,"McCarthy, AK: McCarthy Airport",NOT_FOUND,NO,NO_ICAO_CODE,NO_MATCH,UNKNOWN
13565,"Moruya, Australia: Moruya Airport",NOT_FOUND,NO,INTERNATIONAL,INTERNATIONAL,UNKNOWN
13566,"Mayumba, Gabon: Mayumba Airport",NOT_FOUND,NO,NO_ICAO_CODE,NO_STATE_CODE,UNKNOWN
13567,"Maracay, Venezuela: Maracay Airport",NOT_FOUND,NO,NO_ICAO_CODE,INTERNATIONAL,UNKNOWN
13568,"Malindi, Kenya: Malindi Airport",NOT_FOUND,NO,NO_ICAO_CODE,INTERNATIONAL,UNKNOWN
13569,"Miyake Jima, Japan: Miyake Jima Airport",NOT_FOUND,NO,INTERNATIONAL,INTERNATIONAL,UNKNOWN
13570,"San Diego, CA: Montgomery Gibbs Executive",KSAN,YES,ASOS_AVAILABLE,DIRECT_MATCH,HIGH
13571,"Mayaguana, The Bahamas: Mayaguana Airport",NOT_FOUND,NO,NO_ICAO_CODE,INTERNATIONAL,UNKNOWN
13572,"Marble Canyon, AZ: Cliff Dwellers",NOT_FOUND,NO,NO_ICAO_CODE,NO_MATCH,UNKNOWN
13573,"Matsuyama, Japan: Matsuyama Airport",NOT_FOUND,NO,INTERNATIONAL,INTERNATIONAL,UNKNOWN
13574,"May Creek, AK: May Creek Airport",NOT_FOUND,NO,NO_ICAO_CODE,NO_MATCH,UNKNOWN
13575,"McCall, ID: McCall Municipal",NOT_FOUND,NO,NO_ICAO_CODE,NO_MATCH,UNKNOWN
13576,"Mary, Turkmenistan: Mary Airport",NOT_FOUND,NO,NO_ICAO_CODE,INTERNATIONAL,UNKNOWN
13577,"Myrtle Beach, SC: Myrtle Beach International",KMYR,YES,ASOS_AVAILABLE,DIRECT_MATCH,HIGH
13578,"Myitkyina, Burma: Myitkyina Airport",NOT_FOUND,NO,NO_ICAO_CODE,INTERNATIONAL,UNKNOWN
13579,"Mekoryuk, AK: Mekoryuk Airport",NOT_FOUND,NO,NO_ICAO_CODE,NO_MATCH,UNKNOWN
13580,"Marysville, CA: Yuba County",NOT_FOUND,NO,NO_ICAO_CODE,NO_MATCH,UNKNOWN
13581,"Mtwara, Tanzania: Mtwara Airport",NOT_FOUND,NO,NO_ICAO_CODE,INTERNATIONAL,UNKNOWN
13582,"Miri, Malaysia: Miri Airport",NOT_FOUND,NO,NO_ICAO_CODE,INTERNATIONAL,UNKNOWN
13584,"Mocimboa Da Praia, Mozambique: Mocimboa Da Praia Airport",NOT_FOUND,NO,NO_ICAO_CODE,INTERNATIONAL,UNKNOWN
13585,"Makung, Taiwan: Ma Kung AB",NOT_FOUND,NO,NO_ICAO_CODE,INTERNATIONAL,UNKNOWN
13586,"Mopti, Mali: Ambodedjo",NOT_FOUND,NO,NO_ICAO_CODE,INTERNATIONAL,UNKNOWN
13587,"Marana, AZ: Pinal Airpark",NOT_FOUND,NO,NO_ICAO_CODE,NO_MATCH,UNKNOWN
13588,"Marakei, Kiribati: Marakei Airport",NOT_FOUND,NO,NO_ICAO_CODE,NO_STATE_CODE,UNKNOWN
13589,"Manizales, Colombia: La Nubia",NOT_FOUND,NO,NO_ICAO_CODE,INTERNATIONAL,UNKNOWN
13590,"Metz, France: Metz-Nancy Metz-Frescaty",NOT_FOUND,NO,INTERNATIONAL,INTERNATIONAL,UNKNOWN
13591,"Minj, Papua New Guinea: Minj Airport",NOT_FOUND,NO,NO_ICAO_CODE,INTERNATIONAL,UNKNOWN
13592,"Manzanillo, Cuba: Sierra Maestra International",NOT_FOUND,NO,NO_ICAO_CODE,NO_STATE_CODE,UNKNOWN
13593,"Mazar-I-Sherif, Afghanistan: Mawlana Jalaluddin Muhammad Balkhi",NOT_FOUND,NO,NO_ICAO_CODE,INTERNATIONAL,UNKNOWN
13594,"Mazatlan, Mexico: Mazatlan International",NOT_FOUND,NO,INTERNATIONAL,INTERNATIONAL,UNKNOWN
13595,"Marion, IN: Marion Municipal McKinney Field",NOT_FOUND,NO,NO_ICAO_CODE,NO_MATCH,UNKNOWN
13596,"Pottstown, PA: Pottstown Municipal",NOT_FOUND,NO,NO_ICAO_CODE,NO_MATCH,UNKNOWN
13597,"Robbinsville, NJ: Trenton-Robbinsville",KTTN,YES,ASOS_AVAILABLE,DIRECT_MATCH,HIGH
13598,"Narrabri, Australia: Narrabri Airport",NOT_FOUND,NO,INTERNATIONAL,INTERNATIONAL,UNKNOWN
13599,"North Adams, MA: Harriman-and-West",NOT_FOUND,NO,NO_ICAO_CODE,NO_MATCH,UNKNOWN
13600,"Nagpur, India: Dr. Baba Saheb Ambedkar International",NOT_FOUND,NO,INTERNATIONAL,INTERNATIONAL,UNKNOWN
13601,"Nakhon Ratchasima, Thailand: Nakhon Ratchasima Airport",NOT_FOUND,NO,NO_ICAO_CODE,INTERNATIONAL,UNKNOWN
13602,"Nadi, Fiji: Nadi International",NOT_FOUND,NO,NO_ICAO_CODE,INTERNATIONAL,UNKNOWN
13603,"Nanchong, China: Nanchong Airport",NOT_FOUND,NO,INTERNATIONAL,INTERNATIONAL,UNKNOWN
13604,"Naples, Italy: Capodichino",NOT_FOUND,NO,NO_ICAO_CODE,INTERNATIONAL,UNKNOWN
13605,"Nassau, The Bahamas: Lynden Pindling International",NOT_FOUND,NO,NO_ICAO_CODE,INTERNATIONAL,UNKNOWN
13606,"Natal, Brazil: Campo Augusto Severo",NOT_FOUND,NO,INTERNATIONAL,INTERNATIONAL,UNKNOWN
13607,"Napuka Islnd, French Polynesia: Napuka",NOT_FOUND,NO,NO_ICAO_CODE,INTERNATIONAL,UNKNOWN
13609,"Star Harbour, Solomon Islands: Nana",NOT_FOUND,NO,NO_ICAO_CODE,NO_STATE_CODE,UNKNOWN
13610,"Nambaiyufa, Papua New Guinea: Nambaiyufa Airport",NOT_FOUND,NO,NO_ICAO_CODE,INTERNATIONAL,UNKNOWN
13611,"Naberevnye Chelny, Russia: Begishevo",NOT_FOUND,NO,INTERNATIONAL,INTERNATIONAL,UNKNOWN
13612,"New Orleans, LA: New Orleans NAS JRB",NOT_FOUND,NO,NO_ICAO_CODE,NO_MATCH,UNKNOWN
13613,"Newburgh, NY: Newburgh Airport",NOT_FOUND,NO,NO_ICAO_CODE,NO_MATCH,UNKNOWN
13614,"Bangkok, Thailand: Suvarnabhumi International",NOT_FOUND,NO,NO_ICAO_CODE,INTERNATIONAL,UNKNOWN
13616,"Nairobi, Kenya: Nairobi Jomo Kenyatta International",NOT_FOUND,NO,NO_ICAO_CODE,INTERNATIONAL,UNKNOWN
13617,"Glenview, IL: Glenview NAS",NOT_FOUND,NO,NO_ICAO_CODE,NO_MATCH,UNKNOWN
13618,"Guantanamo, Cuba: Guantanamo Bay NS",NOT_FOUND,NO,NO_ICAO_CODE,NO_STATE_CODE,UNKNOWN
13619,"Gastonia, NC: Gastonia Municipal",NOT_FOUND,NO,NO_ICAO_CODE,NO_MATCH,UNKNOWN
13620,"Smithfield, NC: Johnston Regional",NOT_FOUND,NO,NO_ICAO_CODE,NO_MATCH,UNKNOWN
13621,"Shelby, NC: Shelby-Cleveland County Regional",KCLE,YES,ASOS_AVAILABLE,DIRECT_MATCH,HIGH
13622,"Currituck, NC: Currituck County Regional",NOT_FOUND,NO,NO_ICAO_CODE,NO_MATCH,UNKNOWN
13623,"Kenansville, NC: Duplin County",NOT_FOUND,NO,NO_ICAO_CODE,NO_MATCH,UNKNOWN
13624,"North Caicos, Turks and Caicos Islands: North Caicos International",NOT_FOUND,NO,NO_ICAO_CODE,NO_STATE_CODE,UNKNOWN
13625,"Nice, France: Nice Cote D Azur",NOT_FOUND,NO,INTERNATIONAL,INTERNATIONAL,UNKNOWN
13626,"Nachingwea, Tanzania: Nachingwea Airport",NOT_FOUND,NO,NO_ICAO_CODE,INTERNATIONAL,UNKNOWN
13627,"Necocli, Colombia: Necocli Airport",NOT_FOUND,NO,NO_ICAO_CODE,INTERNATIONAL,UNKNOWN
13628,"Newcastle, United Kingdom: Newcastle Airport",NOT_FOUND,NO,INTERNATIONAL,INTERNATIONAL,UNKNOWN
13629,"Chenega, AK: Chenega Bay",NOT_FOUND,NO,NO_ICAO_CODE,NO_MATCH,UNKNOWN
13630,"North Kingstown, RI: Quonset State Air Reserve National Guard Helipad",NOT_FOUND,NO,NO_ICAO_CODE,NO_MATCH,UNKNOWN
13631,"Subic Bay, Philippines: Cubi Point NAS",NOT_FOUND,NO,NO_ICAO_CODE,INTERNATIONAL,UNKNOWN
13632,"Marietta, GA: Dobbins ARB",NOT_FOUND,NO,NO_ICAO_CODE,NO_MATCH,UNKNOWN
13633,"Newcastle, South Africa: Newcastle Airport",NOT_FOUND,NO,NO_ICAO_CODE,INTERNATIONAL,UNKNOWN
13634,"Nicoya, Costa Rica: Miguel Angel Castillo Zumbado",NOT_FOUND,NO,NO_ICAO_CODE,INTERNATIONAL,UNKNOWN
13635,"Nukus, Uzbekistan: Nukus Airport",NOT_FOUND,NO,NO_ICAO_CODE,INTERNATIONAL,UNKNOWN
13636,"Annecy, France: Annecy Meythet",NOT_FOUND,NO,INTERNATIONAL,INTERNATIONAL,UNKNOWN
13637,"Kindred, ND: Robert Odegaard Field",NOT_FOUND,NO,NO_ICAO_CODE,NO_MATCH,UNKNOWN
13638,"Nouadhibou, Mauritania: Nouadhibou Airport",NOT_FOUND,NO,NO_ICAO_CODE,NO_STATE_CODE,UNKNOWN
13639,"Nanded, India: Nanded Airport",NOT_FOUND,NO,INTERNATIONAL,INTERNATIONAL,UNKNOWN
13641,"Ndjamena, Chad: Hassan Djamous",NOT_FOUND,NO,NO_ICAO_CODE,INTERNATIONAL,UNKNOWN
13642,"Ndele, Central African Republic: Ndele Airport",NOT_FOUND,NO,NO_ICAO_CODE,NO_STATE_CODE,UNKNOWN
13643,"Nador, Morocco: El Aroui International",NOT_FOUND,NO,NO_ICAO_CODE,INTERNATIONAL,UNKNOWN
13644,"Cuxhaven, Germany: Nordholz-Spieka",NOT_FOUND,NO,INTERNATIONAL,INTERNATIONAL,UNKNOWN
13645,"Gothenburg, NE: Gothenburg Municipal",NOT_FOUND,NO,NO_ICAO_CODE,NO_MATCH,UNKNOWN
13646,"Blair, NE: Blair Exec",NOT_FOUND,NO,NO_ICAO_CODE,NO_MATCH,UNKNOWN
13647,"Brunswick, GA: Glynco NAS",NOT_FOUND,NO,NO_ICAO_CODE,NO_MATCH,UNKNOWN
13648,"Negril, Jamaica: Negril Airport",NOT_FOUND,NO,NO_ICAO_CODE,INTERNATIONAL,UNKNOWN
13650,"Lakehurst, NJ: Lakehurst/Maxfield Field",NOT_FOUND,NO,NO_ICAO_CODE,NO_MATCH,UNKNOWN
13651,"Neryungri, Russia: Neryungri Airport",NOT_FOUND,NO,INTERNATIONAL,INTERNATIONAL,UNKNOWN
13652,"New Bight, The Bahamas: New Bight Airport",NOT_FOUND,NO,NO_ICAO_CODE,INTERNATIONAL,UNKNOWN
13653,"Sam Neua, Laos: Samneua",NOT_FOUND,NO,NO_ICAO_CODE,INTERNATIONAL,UNKNOWN
13654,"Nevis, Saint Kitts and Nevis: Vance Winkworth Amory",NOT_FOUND,NO,NO_ICAO_CODE,INTERNATIONAL,UNKNOWN
13655,"New Orleans, LA: Lakefront",NOT_FOUND,NO,NO_ICAO_CODE,NO_MATCH,UNKNOWN
13656,"Fallon, NV: Fallon NAS",NOT_FOUND,NO,NO_ICAO_CODE,NO_MATCH,UNKNOWN
13657,"Young, Australia: Young Airport",NOT_FOUND,NO,INTERNATIONAL,INTERNATIONAL,UNKNOWN
13658,"Ningbo, China: Ningbo Lishe International",NOT_FOUND,NO,INTERNATIONAL,INTERNATIONAL,UNKNOWN
13659,"Grand Canyon, AZ: North Rim",NOT_FOUND,NO,NO_ICAO_CODE,NO_MATCH,UNKNOWN
13660,"Anegada, British Virgin Islands: Auguste George",NOT_FOUND,NO,NO_ICAO_CODE,NO_STATE_CODE,UNKNOWN
13661,"N'Gaoundere, Cameroon: N'Gaoundere Airport",NOT_FOUND,NO,NO_ICAO_CODE,INTERNATIONAL,UNKNOWN
13662,"Kaneohe, HI: Kaneohe Bay MCAS",NOT_FOUND,NO,NO_ICAO_CODE,NO_MATCH,UNKNOWN
13663,"Guam, TT: Agana NAS",NOT_FOUND,NO,NO_ICAO_CODE,NON_US_STATE,UNKNOWN
13664,"Nagoya, Japan: Nagoya Airport",NOT_FOUND,NO,INTERNATIONAL,INTERNATIONAL,UNKNOWN
13665,"Corpus Christi, TX: Corpus Christi NAS",KCRP,YES,ASOS_AVAILABLE,DIRECT_MATCH,HIGH
13666,"Nagasaki, Japan: Nagasaki Airport",NOT_FOUND,NO,INTERNATIONAL,INTERNATIONAL,UNKNOWN
13667,"Norfolk, VA: Norfolk NS",KORF,YES,ASOS_AVAILABLE,DIRECT_MATCH,HIGH
13668,"Alameda, CA: Alameda NAS",NOT_FOUND,NO,NO_ICAO_CODE,NO_MATCH,UNKNOWN
13669,"Nha-Trang, Vietnam: Nha Trang",NOT_FOUND,NO,NO_ICAO_CODE,INTERNATIONAL,UNKNOWN
13670,"Dubai, United Arab Emirates: Minhad AB",NOT_FOUND,NO,NO_ICAO_CODE,INTERNATIONAL,UNKNOWN
13671,"Patuxent River, MD: Patuxent River NAS",NOT_FOUND,NO,NO_ICAO_CODE,NO_MATCH,UNKNOWN
13672,"Northolt, United Kingdom: RAF Northolt",NOT_FOUND,NO,INTERNATIONAL,INTERNATIONAL,UNKNOWN
13673,"Nuku Hiva, French Polynesia: Nuku Hiva Fr.Poly.",NOT_FOUND,NO,NO_ICAO_CODE,INTERNATIONAL,UNKNOWN
13674,"Brunswick, ME: Brunswick Executive",NOT_FOUND,NO,NO_ICAO_CODE,NO_MATCH,UNKNOWN
13675,"Nimba, Liberia: Nimba Airport",NOT_FOUND,NO,NO_ICAO_CODE,INTERNATIONAL,UNKNOWN
13676,"Nikolai, AK: Nikolai Airport",NOT_FOUND,NO,NO_ICAO_CODE,NO_MATCH,UNKNOWN
13677,"Nicosia, Cyprus: Nicosia Airport",NOT_FOUND,NO,NO_ICAO_CODE,INTERNATIONAL,UNKNOWN
13678,"Niblack, AK: Niblack Airport",NOT_FOUND,NO,NO_ICAO_CODE,NO_MATCH,UNKNOWN
13679,"Nikunau, Kiribati: Nikunau Airport",NOT_FOUND,NO,NO_ICAO_CODE,NO_STATE_CODE,UNKNOWN
13680,"Niamey, Niger: Diori Hamani",NOT_FOUND,NO,NO_ICAO_CODE,INTERNATIONAL,UNKNOWN
13681,"Ninilchik, AK: Ninilchik Airport",NOT_FOUND,NO,NO_ICAO_CODE,NO_MATCH,UNKNOWN
13682,"Jacksonville, FL: Jacksonville NAS",KJAX,YES,ASOS_AVAILABLE,DIRECT_MATCH,HIGH
13683,"Niort, France: Niort Airport",NOT_FOUND,NO,INTERNATIONAL,INTERNATIONAL,UNKNOWN
13684,"Nioro, Mali: Nioro Airport",NOT_FOUND,NO,NO_ICAO_CODE,INTERNATIONAL,UNKNOWN
13685,"Berlin, NJ: Pine Valley",NOT_FOUND,NO,NO_ICAO_CODE,NO_MATCH,UNKNOWN
13686,"West Creek, NJ: Eagles Nest",NOT_FOUND,NO,NO_ICAO_CODE,NO_MATCH,UNKNOWN
13687,"Atsugi, Japan: Atsugi NAF",NOT_FOUND,NO,INTERNATIONAL,INTERNATIONAL,UNKNOWN
13688,"Nizhnevartovsk, Russia: Nizhnevartovsk Airport",NOT_FOUND,NO,INTERNATIONAL,INTERNATIONAL,UNKNOWN
13689,"El Centro, CA: El Centro NAF",NOT_FOUND,NO,NO_ICAO_CODE,NO_MATCH,UNKNOWN
13690,"Nkan, Gabon: Nkan Airport",NOT_FOUND,NO,NO_ICAO_CODE,NO_STATE_CODE,UNKNOWN
13691,"Nouakchott, Mauritania: Nouakchott Airport",NOT_FOUND,NO,NO_ICAO_CODE,NO_STATE_CODE,UNKNOWN
13692,"Nanjing, China: Lukou",NOT_FOUND,NO,INTERNATIONAL,INTERNATIONAL,UNKNOWN
13693,"Naukiti, AK: Naukiti Airport",NOT_FOUND,NO,NO_ICAO_CODE,NO_MATCH,UNKNOWN
13694,"Nagoya, Japan: Chubu Centrair International",NOT_FOUND,NO,INTERNATIONAL,INTERNATIONAL,UNKNOWN
13695,"Nankina, Papua New Guinea: Nankina Airport",NOT_FOUND,NO,NO_ICAO_CODE,INTERNATIONAL,UNKNOWN
13696,"Nkongsamba, Cameroon: Nkongsamba Airport",NOT_FOUND,NO,NO_ICAO_CODE,INTERNATIONAL,UNKNOWN
13697,"Cherry Point, NC: Cherry Point MCAS",NOT_FOUND,NO,NO_ICAO_CODE,NO_MATCH,UNKNOWN
13698,"Nichen Cove, AK: Nichin Cove Seaplane Base",NOT_FOUND,NO,PRIVATE/SPECIAL_USE,NO_MATCH,UNKNOWN
13699,"Diego Garcia, British Indian Ocean Territory: Diego Garcia Nsf",NOT_FOUND,NO,INTERNATIONAL,INTERNATIONAL,UNKNOWN
13700,"San Diego, CA: Miramar MCAS",KSAN,YES,ASOS_AVAILABLE,DIRECT_MATCH,HIGH
13701,"Ndola, Zambia: Ndola Airport",NOT_FOUND,NO,NO_ICAO_CODE,INTERNATIONAL,UNKNOWN
13702,"Lemoore, CA: Lemoore NAS",NOT_FOUND,NO,NO_ICAO_CODE,NO_MATCH,UNKNOWN
13703,"Nuevo Laredo, Mexico: Nuevo Laredo Airport",NOT_FOUND,NO,INTERNATIONAL,INTERNATIONAL,UNKNOWN
13704,"Nelson Lagoon, AK: Nelson Lagoon Airport",NOT_FOUND,NO,NO_ICAO_CODE,NO_MATCH,UNKNOWN
13705,"Norfolk Island, Australia: Norfolk Island Airport",NOT_FOUND,NO,INTERNATIONAL,INTERNATIONAL,UNKNOWN
13706,"Kinshasa, Congo (Kinshasa): N'Dolo",NOT_FOUND,NO,NO_ICAO_CODE,INTERNATIONAL,UNKNOWN
13707,"Nelspruit, South Africa: Nelspruit Airport",NOT_FOUND,NO,NO_ICAO_CODE,INTERNATIONAL,UNKNOWN
13708,"Nicholson, Australia: Nicholson Station",NOT_FOUND,NO,INTERNATIONAL,INTERNATIONAL,UNKNOWN
13709,"Norman's Cay, The Bahamas: Norman's Cay Airport",NOT_FOUND,NO,NO_ICAO_CODE,INTERNATIONAL,UNKNOWN
13710,"Nightmute, AK: Nightmute Airport",NOT_FOUND,NO,NO_ICAO_CODE,NO_MATCH,UNKNOWN
13711,"San Miguel, Panama: San Miguel Airport",NOT_FOUND,NO,NO_ICAO_CODE,INTERNATIONAL,UNKNOWN
13712,"Kenitra, Morocco: Kenitra Airport",NOT_FOUND,NO,NO_ICAO_CODE,INTERNATIONAL,UNKNOWN
13713,"Nanning, China: Wuxu",NOT_FOUND,NO,INTERNATIONAL,INTERNATIONAL,UNKNOWN
13714,"Naknek, AK: Naknek Airport",NOT_FOUND,NO,NO_ICAO_CODE,NO_MATCH,UNKNOWN
13715,"Nondalton, AK: Nondalton Airport",NOT_FOUND,NO,NO_ICAO_CODE,NO_MATCH,UNKNOWN
13716,"Nanuque, Brazil: Nanuque Airport",NOT_FOUND,NO,INTERNATIONAL,INTERNATIONAL,UNKNOWN
13717,"Nanyang, China: Nanyang East",NOT_FOUND,NO,INTERNATIONAL,INTERNATIONAL,UNKNOWN
13718,"Nowra, Australia: Nowra Airport",NOT_FOUND,NO,INTERNATIONAL,INTERNATIONAL,UNKNOWN
13719,"Connaught, Ireland: Ireland West Airport Knock",NOT_FOUND,NO,NO_ICAO_CODE,INTERNATIONAL,UNKNOWN
13720,"Nogales, Mexico: Nogales International",NOT_FOUND,NO,INTERNATIONAL,INTERNATIONAL,UNKNOWN
13721,"Nonouti, Kiribati: Nonouti Airport",NOT_FOUND,NO,NO_ICAO_CODE,NO_STATE_CODE,UNKNOWN
13722,"Mactan Island, Philippines: Nab",NOT_FOUND,NO,NO_ICAO_CODE,INTERNATIONAL,UNKNOWN
13723,"Nordfjordur, Iceland: Nordfjordur Airport",NOT_FOUND,NO,NO_ICAO_CODE,INTERNATIONAL,UNKNOWN
13724,"Nossi-Be, Madagascar: Fascene",NOT_FOUND,NO,NO_ICAO_CODE,INTERNATIONAL,UNKNOWN
13725,"Novato, CA: Gnoss Field",NOT_FOUND,NO,NO_ICAO_CODE,NO_MATCH,UNKNOWN
13726,"Noumea, New Caledonia: Noumea La Tontouta",NOT_FOUND,NO,NO_ICAO_CODE,NO_STATE_CODE,UNKNOWN
13727,"Huambo, Angola: Huambo Airport",NOT_FOUND,NO,NO_ICAO_CODE,INTERNATIONAL,UNKNOWN
13728,"Pensacola, FL: Pensacola NAS",KPNS,YES,ASOS_AVAILABLE,DIRECT_MATCH,HIGH
13729,"Napier, New Zealand: Napier Airport",NOT_FOUND,NO,NO_ICAO_CODE,INTERNATIONAL,UNKNOWN
13730,"New Plymouth, New Zealand: New Plymouth Airport",NOT_FOUND,NO,NO_ICAO_CODE,INTERNATIONAL,UNKNOWN
13731,"Newport, RI: Newport State",NOT_FOUND,NO,NO_ICAO_CODE,NO_MATCH,UNKNOWN
13732,"Millington, TN: Millington Memphis",KMEM,YES,ASOS_AVAILABLE,DIRECT_MATCH,HIGH
13733,"Kingsville, TX: Kingsville NAS",NOT_FOUND,NO,NO_ICAO_CODE,NO_MATCH,UNKNOWN
13734,"Neuquen, Argentina: Presidente Peron",NOT_FOUND,NO,NO_ICAO_CODE,INTERNATIONAL,UNKNOWN
13736,"Key West, FL: Key West NAS",KEYW,YES,ASOS_AVAILABLE,DIRECT_MATCH,HIGH
13737,"Newquay, United Kingdom: Newquay Airport",NOT_FOUND,NO,INTERNATIONAL,INTERNATIONAL,UNKNOWN
13738,"Narrandera, Australia: Narrandera Airport",NOT_FOUND,NO,INTERNATIONAL,INTERNATIONAL,UNKNOWN
13739,"Mayport, FL: Mayport NS",NOT_FOUND,NO,NO_ICAO_CODE,NO_MATCH,UNKNOWN
13740,"Afton, OK: Grand Lake Regional",NOT_FOUND,NO,NO_ICAO_CODE,NO_MATCH,UNKNOWN
13741,"Norrkoping, Sweden: Kungsangen",NOT_FOUND,NO,NO_ICAO_CODE,INTERNATIONAL,UNKNOWN
13742,"North Ronaldsay, United Kingdom: North Ronaldsay Airport",NOT_FOUND,NO,INTERNATIONAL,INTERNATIONAL,UNKNOWN
13743,"Ceiba, PR: Roosevelt Roads NAS",NOT_FOUND,NO,NO_ICAO_CODE,NO_MATCH,UNKNOWN
13744,"Tokyo, Japan: Narita International",NOT_FOUND,NO,INTERNATIONAL,INTERNATIONAL,UNKNOWN
13745,"Noosa, Australia: Noosa Aust.",NOT_FOUND,NO,INTERNATIONAL,INTERNATIONAL,UNKNOWN
13746,"Bimini, The Bahamas: North Seaplane Base",NOT_FOUND,NO,PRIVATE/SPECIAL_USE,INTERNATIONAL,UNKNOWN
13747,"Milton, FL: Whiting Field NAS North",NOT_FOUND,NO,NO_ICAO_CODE,NO_MATCH,UNKNOWN
13748,"Camp Springs, MD: Joint Base Andrews",NOT_FOUND,NO,NO_ICAO_CODE,NO_MATCH,UNKNOWN
13749,"Yaounde, Cameroon: Yaounde Nsimalen",NOT_FOUND,NO,NO_ICAO_CODE,INTERNATIONAL,UNKNOWN
13750,"Titusville, FL: Space Florida Launch Landing Facility",NOT_FOUND,NO,NO_ICAO_CODE,NO_MATCH,UNKNOWN
13751,"Nelson, New Zealand: Nelson Airport",NOT_FOUND,NO,NO_ICAO_CODE,INTERNATIONAL,UNKNOWN
13752,"Scone, Australia: Scone Airport",NOT_FOUND,NO,INTERNATIONAL,INTERNATIONAL,UNKNOWN
13753,"Nakhon Si Thammarat, Thailand: Nakhon Si Thammarat Airport",NOT_FOUND,NO,NO_ICAO_CODE,INTERNATIONAL,UNKNOWN
13754,"Sigonella, Italy: Sigonella Airport",NOT_FOUND,NO,NO_ICAO_CODE,INTERNATIONAL,UNKNOWN
13755,"Snap Lake, Canada: Snap Lake Mine/Debeers",NOT_FOUND,NO,PRIVATE/SPECIAL_USE,INTERNATIONAL,UNKNOWN
13756,"Port Hueneme, CA: Point Mugu NAS",NOT_FOUND,NO,NO_ICAO_CODE,NO_MATCH,UNKNOWN
13757,"Nantes, France: Nantes Atlantique",NOT_FOUND,NO,INTERNATIONAL,INTERNATIONAL,UNKNOWN
13758,"Newcastle, Australia: Williamtown",NOT_FOUND,NO,INTERNATIONAL,INTERNATIONAL,UNKNOWN
13759,"Normanton, Australia: Normanton Airport",NOT_FOUND,NO,INTERNATIONAL,INTERNATIONAL,UNKNOWN
13760,"Santo Antao, Cape Verde: Santo Antao Airport",NOT_FOUND,NO,NO_ICAO_CODE,INTERNATIONAL,UNKNOWN
13761,"Wajima, Japan: Noto",NOT_FOUND,NO,INTERNATIONAL,INTERNATIONAL,UNKNOWN
13762,"Monterrey, Mexico: Del Norte International",NOT_FOUND,NO,INTERNATIONAL,INTERNATIONAL,UNKNOWN
13763,"Oceana, VA: Oceana NAS",NOT_FOUND,NO,NO_ICAO_CODE,NO_MATCH,UNKNOWN
13764,"Sun City, South Africa: Pilanesberg International",NOT_FOUND,NO,NO_ICAO_CODE,INTERNATIONAL,UNKNOWN
13765,"Nuremberg, Germany: Nuernberg",NOT_FOUND,NO,INTERNATIONAL,INTERNATIONAL,UNKNOWN
13766,"Nuguria, Papua New Guinea: Nuguria Airport",NOT_FOUND,NO,NO_ICAO_CODE,INTERNATIONAL,UNKNOWN
13767,"Nuiqsut, AK: Nuiqsut Airport",NOT_FOUND,NO,NO_ICAO_CODE,NO_MATCH,UNKNOWN
13768,"Nulato, AK: Nulato Airport",NOT_FOUND,NO,NO_ICAO_CODE,NO_MATCH,UNKNOWN
13769,"Pensacola, FL: Saufley Field NOLF",KPNS,YES,ASOS_AVAILABLE,DIRECT_MATCH,HIGH
13770,"Nunapitchuk, AK: Nunapitchuk Airport",NOT_FOUND,NO,NO_ICAO_CODE,NO_MATCH,UNKNOWN
13771,"Mountain View, CA: Moffett Federal Airfield",NOT_FOUND,NO,NO_ICAO_CODE,NO_MATCH,UNKNOWN
13772,"Whidbey Island, WA: Whidbey Island NAS",NOT_FOUND,NO,NO_ICAO_CODE,NO_MATCH,UNKNOWN
13773,"Overton, NV: Perkins Field",NOT_FOUND,NO,NO_ICAO_CODE,NO_MATCH,UNKNOWN
13774,"Neiva, Colombia: Benito Salas",NOT_FOUND,NO,NO_ICAO_CODE,INTERNATIONAL,UNKNOWN
13775,"Nevada, MO: Nevada Municipal",NOT_FOUND,NO,NO_ICAO_CODE,NO_MATCH,UNKNOWN
13776,"Narvik, Norway: Narvik Airport",NOT_FOUND,NO,NO_ICAO_CODE,INTERNATIONAL,UNKNOWN
13777,"Navegantes, Brazil: Ministro Victor Konder International",NOT_FOUND,NO,INTERNATIONAL,INTERNATIONAL,UNKNOWN
13778,"Norwich, United Kingdom: Norwich Airport",NOT_FOUND,NO,INTERNATIONAL,INTERNATIONAL,UNKNOWN
13780,"Willow Grove, PA: Willow Grove NAS JRB",NOT_FOUND,NO,NO_ICAO_CODE,NO_MATCH,UNKNOWN
13781,"Kingston, NY: Kingston Ulster",NOT_FOUND,NO,NO_ICAO_CODE,NO_MATCH,UNKNOWN
13782,"Fulton, NY: Oswego County",NOT_FOUND,NO,NO_ICAO_CODE,NO_MATCH,UNKNOWN
13783,"Oneonta, NY: F and F Airpark Inc",NOT_FOUND,NO,NO_ICAO_CODE,NO_MATCH,UNKNOWN
13784,"New York, NY: New York City Metropolitan Area",NOT_FOUND,NO,NO_ICAO_CODE,NO_MATCH,UNKNOWN
13785,"Yuma, AZ: Yuma MCAS/Yuma International",NOT_FOUND,NO,NO_ICAO_CODE,NO_MATCH,UNKNOWN
13786,"Nykoping, Sweden: Skavsta",NOT_FOUND,NO,NO_ICAO_CODE,INTERNATIONAL,UNKNOWN
13787,"Nyaung-U, Burma: Bagan",NOT_FOUND,NO,NO_ICAO_CODE,INTERNATIONAL,UNKNOWN
13788,"Jacksonville, FL: Cecil",KJAX,YES,ASOS_AVAILABLE,DIRECT_MATCH,HIGH
13789,"Santa Ana, CA: El Toro MCAS",KSNA,YES,ASOS_AVAILABLE,DIRECT_MATCH,HIGH
13790,"South Weymouth, MA: South Weymouth NAS",NOT_FOUND,NO,NO_ICAO_CODE,NO_MATCH,UNKNOWN
13791,"San Diego, CA: North Island NAS",KSAN,YES,ASOS_AVAILABLE,DIRECT_MATCH,HIGH
13792,"Redding, CA: Benton Field",NOT_FOUND,NO,NO_ICAO_CODE,NO_MATCH,UNKNOWN
13793,"Orange, Australia: Orange Airport",NOT_FOUND,NO,INTERNATIONAL,INTERNATIONAL,UNKNOWN
13794,"Bagram, Afghanistan: Bagram Airport",NOT_FOUND,NO,NO_ICAO_CODE,INTERNATIONAL,UNKNOWN
13795,"Jacksonville/Camp Lejeune, NC: Albert J Ellis",KJAX,YES,ASOS_AVAILABLE,DIRECT_MATCH,HIGH
13796,OAK,KOAK,YES,ASOS_AVAILABLE,DIRECT_MATCH,HIGH
13797,"Oamaru, New Zealand: Oamaru Airport",NOT_FOUND,NO,NO_ICAO_CODE,INTERNATIONAL,UNKNOWN
13798,"Olanchito, Honduras: El Arrayan",NOT_FOUND,NO,NO_ICAO_CODE,INTERNATIONAL,UNKNOWN
13799,"Oaxaca, Mexico: Oaxaca International",NOT_FOUND,NO,INTERNATIONAL,INTERNATIONAL,UNKNOWN
13801,"Obock, Djibouti: Obock Airport",NOT_FOUND,NO,NO_ICAO_CODE,NO_STATE_CODE,UNKNOWN
13802,"Oberpfaffenhofen, Germany: Oberpfaffenhofen Airport",NOT_FOUND,NO,INTERNATIONAL,INTERNATIONAL,UNKNOWN
13803,"Obihiro, Japan: Obihiro Airport",NOT_FOUND,NO,INTERNATIONAL,INTERNATIONAL,UNKNOWN
13804,"Aubenas, France: Aubenas Airport",NOT_FOUND,NO,INTERNATIONAL,INTERNATIONAL,UNKNOWN
13805,"Oakland, MD: Garrett County",KOAK,YES,ASOS_AVAILABLE,DIRECT_MATCH,HIGH
13806,"Kobuk, AK: Kobuk Airport",NOT_FOUND,NO,NO_ICAO_CODE,NO_MATCH,UNKNOWN
13808,"Ocean City, MD: Ocean City Municipal",NOT_FOUND,NO,NO_ICAO_CODE,NO_MATCH,UNKNOWN
13809,"Ocala, FL: Ocala International-Jim Taylor Field",NOT_FOUND,NO,NO_ICAO_CODE,NO_MATCH,UNKNOWN
13810,"Nacogdoches, TX: Nacogdoches A L Mangham Jr Regional",NOT_FOUND,NO,NO_ICAO_CODE,NO_MATCH,UNKNOWN
13811,"Oceanic, AK: Thumb Bay",NOT_FOUND,NO,NO_ICAO_CODE,NO_MATCH,UNKNOWN
13812,"Ocho Rios, Jamaica: Boscobel",NOT_FOUND,NO,NO_ICAO_CODE,INTERNATIONAL,UNKNOWN
13813,"Oceanside, CA: Bob Maxwell Memorial Airfield",NOT_FOUND,NO,NO_ICAO_CODE,NO_MATCH,UNKNOWN
13814,"Washington, NC: Washington Warren",KDCA,YES,ASOS_AVAILABLE,DIRECT_MATCH,HIGH
13815,"Ouadda, Central African Republic: Ouadda Airport",NOT_FOUND,NO,NO_ICAO_CODE,NO_STATE_CODE,UNKNOWN
13816,"Cordoba, Spain: Cordoba Airport",NOT_FOUND,NO,INTERNATIONAL,INTERNATIONAL,UNKNOWN
13817,"Oodnadatta, Australia: Oodnadatta Airport",NOT_FOUND,NO,INTERNATIONAL,INTERNATIONAL,UNKNOWN
13818,"Odense, Denmark: Hans Christian Anderson",NOT_FOUND,NO,NO_ICAO_CODE,INTERNATIONAL,UNKNOWN
13819,"Oakland, MD: Oakland Airport",KOAK,YES,ASOS_AVAILABLE,DIRECT_MATCH,HIGH
13820,"Odessa, Ukraine: Odessa International",NOT_FOUND,NO,NO_ICAO_CODE,INTERNATIONAL,UNKNOWN
13821,"Oak Harbor, WA: Delaurentis",KOAK,YES,ASOS_AVAILABLE,DIRECT_MATCH,HIGH
13822,"Oecusse, Timor-Leste: Oecusse Airport",NOT_FOUND,NO,NO_ICAO_CODE,NO_STATE_CODE,UNKNOWN
13823,"Oernskoeldsvik, Sweden: Ornskoldsvik",NOT_FOUND,NO,NO_ICAO_CODE,INTERNATIONAL,UNKNOWN
13824,"Omaha, NE: Offutt AFB",KOMA,YES,ASOS_AVAILABLE,DIRECT_MATCH,HIGH
13825,"Norfolk, NE: Norfolk Regional/Karl Stefan Memorial Field",KORF,YES,ASOS_AVAILABLE,DIRECT_MATCH,HIGH
13826,"Ofu, TT: Ofu Airport",NOT_FOUND,NO,NO_ICAO_CODE,NON_US_STATE,UNKNOWN
13827,"Ogallala, NE: Searle Field",NOT_FOUND,NO,NO_ICAO_CODE,NO_MATCH,UNKNOWN
13828,"Orangeburg, SC: Orangeburg Municipal",NOT_FOUND,NO,NO_ICAO_CODE,NO_MATCH,UNKNOWN
13829,"Ogden, UT: Ogden-Hinckley",NOT_FOUND,NO,NO_ICAO_CODE,NO_MATCH,UNKNOWN
13830,"Kahului, HI: Kahului Airport",PHOG,YES,ASOS_AVAILABLE,DIRECT_MATCH,HIGH
13831,"Yonaguni, Japan: Yonaguni Airport",NOT_FOUND,NO,INTERNATIONAL,INTERNATIONAL,UNKNOWN
13832,"Ogdensburg, NY: Ogdensburg International",NOT_FOUND,NO,NO_ICAO_CODE,NO_MATCH,UNKNOWN
13833,"Washington Court House, OH: Fayette County",KDCA,YES,ASOS_AVAILABLE,DIRECT_MATCH,HIGH
13834,"Bellefontaine, OH: Bellefontaine Regional",NOT_FOUND,NO,NO_ICAO_CODE,NO_MATCH,UNKNOWN
13835,"Chillicothe, OH: Ross County",NOT_FOUND,NO,NO_ICAO_CODE,NO_MATCH,UNKNOWN
13836,"Marysville, OH: Union County",NOT_FOUND,NO,NO_ICAO_CODE,NO_MATCH,UNKNOWN
13837,"Cincinnati, OH: Cincinnati - Blue Ash",KCVG,YES,ASOS_AVAILABLE,DIRECT_MATCH,HIGH
13838,"Ravenna, OH: Portage County",NOT_FOUND,NO,NO_ICAO_CODE,NO_MATCH,UNKNOWN
13839,"Kent, OH: Kent State University",NOT_FOUND,NO,NO_ICAO_CODE,NO_MATCH,UNKNOWN
13840,"Ohakea, New Zealand: Ohakea Airport",NOT_FOUND,NO,NO_ICAO_CODE,INTERNATIONAL,UNKNOWN
13841,"Northeast Cape, AK: Northeast Cape AFS",NOT_FOUND,NO,NO_ICAO_CODE,NO_MATCH,UNKNOWN
13842,"Ohrid, Macedonia: Ohrid Airport",NOT_FOUND,NO,NO_ICAO_CODE,INTERNATIONAL,UNKNOWN
13843,"Oshakati, Namibia: Oshakati Airport",NOT_FOUND,NO,NO_ICAO_CODE,INTERNATIONAL,UNKNOWN
13844,"Wyk Auf Fohr, Germany: Wyk Auf Foehr",NOT_FOUND,NO,INTERNATIONAL,INTERNATIONAL,UNKNOWN
13845,"Norwich, NY: Eaton",NOT_FOUND,NO,NO_ICAO_CODE,NO_MATCH,UNKNOWN
13846,"Oshima Islands, Japan: Oshima",NOT_FOUND,NO,INTERNATIONAL,INTERNATIONAL,UNKNOWN
13847,"Oita, Japan: Oita Airport",NOT_FOUND,NO,INTERNATIONAL,INTERNATIONAL,UNKNOWN
13848,"Olathe, KS: Johnson County Executive",NOT_FOUND,NO,NO_ICAO_CODE,NO_MATCH,UNKNOWN
13850,"Okinawa, Japan: Naha",NOT_FOUND,NO,INTERNATIONAL,INTERNATIONAL,UNKNOWN
13851,"Oklahoma City, OK: Okc Will Rogers International",KOKC,YES,ASOS_AVAILABLE,DIRECT_MATCH,HIGH
13852,"Sapporo, Japan: Okadama",NOT_FOUND,NO,INTERNATIONAL,INTERNATIONAL,UNKNOWN
13853,"Okayama, Japan: Okayama Airport",NOT_FOUND,NO,INTERNATIONAL,INTERNATIONAL,UNKNOWN
13854,"Kokomo/Logansport/Peru, IN: Kokomo Municipal",NOT_FOUND,NO,NO_ICAO_CODE,INTERNATIONAL,UNKNOWN
13855,"Okondja, Gabon: Okondja Airport",NOT_FOUND,NO,NO_ICAO_CODE,NO_STATE_CODE,UNKNOWN
13856,"Tokyo, Japan: Yokota AB",NOT_FOUND,NO,INTERNATIONAL,INTERNATIONAL,UNKNOWN
13857,"Yorke Island, Australia: Yorke Island Airport",NOT_FOUND,NO,INTERNATIONAL,INTERNATIONAL,UNKNOWN
13858,"Oakey, Australia: Oakey Airport",NOT_FOUND,NO,INTERNATIONAL,INTERNATIONAL,UNKNOWN
13859,"Orland, Norway: Orland Airport",NOT_FOUND,NO,NO_ICAO_CODE,INTERNATIONAL,UNKNOWN
13860,"Olbia, Italy: Olbia Costa Smeralda",NOT_FOUND,NO,NO_ICAO_CODE,INTERNATIONAL,UNKNOWN
13861,"Olean, NY: Cattaraugus County-Olean",NOT_FOUND,NO,NO_ICAO_CODE,NO_MATCH,UNKNOWN
13862,"Wolf Point, MT: L. M. Clayton",NOT_FOUND,NO,NO_ICAO_CODE,NO_MATCH,UNKNOWN
13863,"Old Harbor, AK: Old Harbor Airport",NOT_FOUND,NO,NO_ICAO_CODE,NO_MATCH,UNKNOWN
13864,"Olafsvik, Iceland: Rif",NOT_FOUND,NO,NO_ICAO_CODE,INTERNATIONAL,UNKNOWN
13865,"Olympia, WA: Olympia Regional",NOT_FOUND,NO,NO_ICAO_CODE,NO_MATCH,UNKNOWN
13866,"Olomouc, Czech Republic: Olomouc Airport",NOT_FOUND,NO,NO_ICAO_CODE,INTERNATIONAL,UNKNOWN
13867,"Olympic Dam, Australia: Olympic Dam Airport",NOT_FOUND,NO,INTERNATIONAL,INTERNATIONAL,UNKNOWN
13868,"Nogales, AZ: Nogales International",NOT_FOUND,NO,NO_ICAO_CODE,NO_MATCH,UNKNOWN
13869,"Columbus, NE: Columbus Municipal",KCMH,YES,ASOS_AVAILABLE,DIRECT_MATCH,HIGH
13870,"Olive Branch, MS: Olive Branch Taylor Field",NOT_FOUND,NO,NO_ICAO_CODE,NO_MATCH,UNKNOWN
13871,"Omaha, NE: Eppley Airfield",KOMA,YES,ASOS_AVAILABLE,DIRECT_MATCH,HIGH
13872,"Omboue, Gabon: Omboue Airport",NOT_FOUND,NO,NO_ICAO_CODE,NO_STATE_CODE,UNKNOWN
13873,"Nome, AK: Nome Airport",PAOM,YES,ASOS_AVAILABLE,DIRECT_MATCH,HIGH
13874,"Urmieh, Iran: Uromiyeh",NOT_FOUND,NO,NO_ICAO_CODE,INTERNATIONAL,UNKNOWN
13876,"Omak, WA: Omak Airport",NOT_FOUND,NO,NO_ICAO_CODE,NO_MATCH,UNKNOWN
13877,"Omkalai, Papua New Guinea: Omkalai Airport",NOT_FOUND,NO,NO_ICAO_CODE,INTERNATIONAL,UNKNOWN
13878,"Mostar, Bosnia and Herzegovina: Mostar Airport",NOT_FOUND,NO,NO_ICAO_CODE,INTERNATIONAL,UNKNOWN
13879,"Oradea, Romania: Oradea Airport",NOT_FOUND,NO,NO_ICAO_CODE,INTERNATIONAL,UNKNOWN
13880,"Omsk, Russia: Omsk Tsentralny",NOT_FOUND,NO,INTERNATIONAL,INTERNATIONAL,UNKNOWN
13881,"Winona, MN: Winona Municipal/Max Conrad Field",NOT_FOUND,NO,NO_ICAO_CODE,NO_MATCH,UNKNOWN
13882,"Ondangwa, Namibia: Ondangwa Airport",NOT_FOUND,NO,NO_ICAO_CODE,INTERNATIONAL,UNKNOWN
13883,"Mornington Island, Australia: Mornington Island Airport",NOT_FOUND,NO,INTERNATIONAL,INTERNATIONAL,UNKNOWN
13884,"Oneonta, NY: Albert S Nader Regional",NOT_FOUND,NO,NO_ICAO_CODE,NO_MATCH,UNKNOWN
13885,"Odate Noshiro, Japan: Odate Noshiro Airport",NOT_FOUND,NO,INTERNATIONAL,INTERNATIONAL,UNKNOWN
13886,"O'Neill, NE: The O'Neill Municipal-John L. Baker Field",NOT_FOUND,NO,NO_ICAO_CODE,NO_MATCH,UNKNOWN
13887,"Socorro, NM: Socorro Municipal",NOT_FOUND,NO,NO_ICAO_CODE,NO_MATCH,UNKNOWN
13888,"Onion Bay, AK: Onion Bay Airport",NOT_FOUND,NO,NO_ICAO_CODE,NO_MATCH,UNKNOWN
13889,"Ontario, OR: Ontario Municipal",KONT,YES,ASOS_AVAILABLE,DIRECT_MATCH,HIGH
13890,"Newport, OR: Newport Municipal",NOT_FOUND,NO,NO_ICAO_CODE,NO_MATCH,UNKNOWN
13891,"Ontario, CA: Ontario International",KONT,YES,ASOS_AVAILABLE,DIRECT_MATCH,HIGH
13892,"Colon, Panama: Enrique A Jimenez",NOT_FOUND,NO,NO_ICAO_CODE,INTERNATIONAL,UNKNOWN
13893,"Cobol, AK: Cobol Alaska/Scaled/",NOT_FOUND,NO,NO_ICAO_CODE,NO_MATCH,UNKNOWN
13894,"Toksook, AK: Toksook Bay",NOT_FOUND,NO,NO_ICAO_CODE,NO_MATCH,UNKNOWN
13895,"Gold Coast, Australia: Gold Coast Airport",NOT_FOUND,NO,INTERNATIONAL,INTERNATIONAL,UNKNOWN
13896,"Cooma, Australia: Cooma Airport",NOT_FOUND,NO,INTERNATIONAL,INTERNATIONAL,UNKNOWN
13898,"Miami, FL: Miami Opa Locka Executive",KMIA,YES,ASOS_AVAILABLE,DIRECT_MATCH,HIGH
13899,"Ophir, AK: Ophir Airport",NOT_FOUND,NO,NO_ICAO_CODE,NO_MATCH,UNKNOWN
13900,"Porto, Portugal: Porto Airport",NOT_FOUND,NO,NO_ICAO_CODE,INTERNATIONAL,UNKNOWN
13901,"McDonald Lake, AK: McDonald Lake Airport",NOT_FOUND,NO,NO_ICAO_CODE,NO_MATCH,UNKNOWN
13902,"Bible Camp, AK: Bible Camp Airport",NOT_FOUND,NO,NO_ICAO_CODE,NO_MATCH,UNKNOWN
13903,"Cinder River Lodge, AK: Cinder River Lodge Airport",NOT_FOUND,NO,PRIVATE/SPECIAL_USE,NO_MATCH,UNKNOWN
13905,"Lemesurier Island, AK: Lemesurier Island Airport",NOT_FOUND,NO,NO_ICAO_CODE,NO_MATCH,UNKNOWN
13906,"Tracy Arm, AK: Tracy Arm Airport",NOT_FOUND,NO,NO_ICAO_CODE,NO_MATCH,UNKNOWN
13908,"Vrems, AK: Vrems Airport",NOT_FOUND,NO,NO_ICAO_CODE,NO_MATCH,UNKNOWN
13909,"Akolik, AK: Akolik Airport",NOT_FOUND,NO,NO_ICAO_CODE,NO_MATCH,UNKNOWN
13910,"Mels, AK: Mels Airport",NOT_FOUND,NO,NO_ICAO_CODE,NO_MATCH,UNKNOWN
13911,"Meshik, AK: Meshik Airport",NOT_FOUND,NO,NO_ICAO_CODE,NO_MATCH,UNKNOWN
13912,"Telaquana Lake, AK: Telaquana Lake Airport",NOT_FOUND,NO,NO_ICAO_CODE,NO_MATCH,UNKNOWN
13913,"Chelatna Lake Lodge, AK: Chelatna Lake Lodge Airport",NOT_FOUND,NO,PRIVATE/SPECIAL_USE,NO_MATCH,UNKNOWN
13914,"Pumice, AK: Pumice Airport",NOT_FOUND,NO,NO_ICAO_CODE,NO_MATCH,UNKNOWN
13915,"Port Alsworth, AK: Points Alsworth",NOT_FOUND,NO,NO_ICAO_CODE,NO_MATCH,UNKNOWN
13916,"Twin Lakes, AK: Twin Lakes Airport",NOT_FOUND,NO,NO_ICAO_CODE,NO_MATCH,UNKNOWN
13917,"Sandy, AK: Sandy Airport",NOT_FOUND,NO,NO_ICAO_CODE,NO_MATCH,UNKNOWN
13919,"Waterkloof, South Africa: Waterkloof AFB",NOT_FOUND,NO,NO_ICAO_CODE,INTERNATIONAL,UNKNOWN
13920,"Shirleyville, AK: Shirleyville Airport",NOT_FOUND,NO,NO_ICAO_CODE,NO_MATCH,UNKNOWN
13921,"Doug Carney Strip, AK: Doug Carney Strip Airport",NOT_FOUND,NO,PRIVATE/SPECIAL_USE,NO_MATCH,UNKNOWN
13922,"Shisholik, AK: Shisholik Airport",NOT_FOUND,NO,NO_ICAO_CODE,NO_MATCH,UNKNOWN
13923,"Sivinuvik, AK: Camp Sivinuvik",NOT_FOUND,NO,NO_ICAO_CODE,NO_MATCH,UNKNOWN
13924,"American Creek, AK: American Creek Airport",NOT_FOUND,NO,NO_ICAO_CODE,NO_MATCH,UNKNOWN
13925,"Grants Pass, OR: Grants Pass Airport",NOT_FOUND,NO,NO_ICAO_CODE,NO_MATCH,UNKNOWN
13926,"Gleneden, OR: Siletz Bay State",NOT_FOUND,NO,NO_ICAO_CODE,NO_MATCH,UNKNOWN
13927,"Florence, OR: Florence Municipal",NOT_FOUND,NO,NO_ICAO_CODE,NO_MATCH,UNKNOWN
13928,"Orebro, Sweden: Orebro Airport",NOT_FOUND,NO,NO_ICAO_CODE,INTERNATIONAL,UNKNOWN
13929,"Orocue, Colombia: Orocue Airport",NOT_FOUND,NO,NO_ICAO_CODE,INTERNATIONAL,UNKNOWN
13930,ORD,KORD,YES,ASOS_AVAILABLE,DIRECT_MATCH,HIGH
13931,ORF,KORF,YES,ASOS_AVAILABLE,DIRECT_MATCH,HIGH
13932,"Paramaribo, Suriname: Zorg en Hoop",NOT_FOUND,NO,NO_ICAO_CODE,INTERNATIONAL,UNKNOWN
13933,"Worcester, MA: Worcester Regional",NOT_FOUND,NO,NO_ICAO_CODE,NO_MATCH,UNKNOWN
13934,"Port Lions, AK: Port Lions Airport",NOT_FOUND,NO,NO_ICAO_CODE,NO_MATCH,UNKNOWN
13935,"Cork, Ireland: Cork Airport",NOT_FOUND,NO,NO_ICAO_CODE,INTERNATIONAL,UNKNOWN
13936,"Orlando, FL: Orlando Exec",KMCO,YES,ASOS_AVAILABLE,DIRECT_MATCH,HIGH
13937,"Oran, Algeria: Ahmed Benbella",NOT_FOUND,NO,NO_ICAO_CODE,INTERNATIONAL,UNKNOWN
13939,"Orapa, Botswana: Orapa Airport",NOT_FOUND,NO,NO_ICAO_CODE,INTERNATIONAL,UNKNOWN
13940,"Northway, AK: Northway Airport",NOT_FOUND,NO,NO_ICAO_CODE,NO_MATCH,UNKNOWN
13941,"Oruro, Bolivia: Juan Mendoza",NOT_FOUND,NO,NO_ICAO_CODE,INTERNATIONAL,UNKNOWN
13942,"Noorvik, AK: Robert/Bob/Curtis Memorial",NOT_FOUND,NO,NO_ICAO_CODE,NO_MATCH,UNKNOWN
13943,"Paris, France: Orly",NOT_FOUND,NO,INTERNATIONAL,INTERNATIONAL,UNKNOWN
13944,"Orange Walk, Belize: Orange Walk Airport",NOT_FOUND,NO,NO_ICAO_CODE,INTERNATIONAL,UNKNOWN
13945,"Osaka, Japan: Osaka Metropolitan Area",NOT_FOUND,NO,INTERNATIONAL,INTERNATIONAL,UNKNOWN
13946,"Osage Beach, MO: Grand Glaize - Osage Beach",NOT_FOUND,NO,NO_ICAO_CODE,NO_MATCH,UNKNOWN
13947,"Oscoda, MI: Oscoda-Wurtsmith",NOT_FOUND,NO,NO_ICAO_CODE,NO_MATCH,UNKNOWN
13948,"Ostersund, Sweden: Are Ostersund",NOT_FOUND,NO,NO_ICAO_CODE,INTERNATIONAL,UNKNOWN
13949,"Oshkosh, WI: Wittman Regional",NOT_FOUND,NO,NO_ICAO_CODE,NO_MATCH,UNKNOWN
13950,"Osijek, Croatia: Osijek Airport",NOT_FOUND,NO,NO_ICAO_CODE,INTERNATIONAL,UNKNOWN
13951,"Oskarshamn, Sweden: Oskarshamn Airport",NOT_FOUND,NO,NO_ICAO_CODE,INTERNATIONAL,UNKNOWN
13952,"Oslo, Norway: Oslo Airport",NOT_FOUND,NO,NO_ICAO_CODE,INTERNATIONAL,UNKNOWN
13953,"Mosul, Iraq: Mosul International",NOT_FOUND,NO,NO_ICAO_CODE,INTERNATIONAL,UNKNOWN
13954,"Osan, South Korea: Osan AB",NOT_FOUND,NO,INTERNATIONAL,INTERNATIONAL,UNKNOWN
13955,"Slupsk, Poland: Redzikowo",NOT_FOUND,NO,NO_ICAO_CODE,INTERNATIONAL,UNKNOWN
13956,"Ostrava, Czech Republic: Mosnov",NOT_FOUND,NO,NO_ICAO_CODE,INTERNATIONAL,UNKNOWN
13957,"Ostend, Belgium: Oostende",NOT_FOUND,NO,NO_ICAO_CODE,INTERNATIONAL,UNKNOWN
13958,"Columbus, OH: Ohio State University",KCMH,YES,ASOS_AVAILABLE,DIRECT_MATCH,HIGH
13959,"Kosciusko, MS: Kosciusko/Attala County",NOT_FOUND,NO,NO_ICAO_CODE,NO_MATCH,UNKNOWN
13960,"Namsos, Norway: Namsos Airport",NOT_FOUND,NO,NO_ICAO_CODE,INTERNATIONAL,UNKNOWN
13961,"Koszalin, Poland: Zegrze Pomorskie",NOT_FOUND,NO,NO_ICAO_CODE,INTERNATIONAL,UNKNOWN
13962,"Contadora, Panama: Raul Arias Espinoza",NOT_FOUND,NO,NO_ICAO_CODE,INTERNATIONAL,UNKNOWN
13963,"Worthington, MN: Worthington Municipal",NOT_FOUND,NO,NO_ICAO_CODE,NO_MATCH,UNKNOWN
13964,"North Bend/Coos Bay, OR: Southwest Oregon Regional",KBND,YES,ASOS_AVAILABLE,DIRECT_MATCH,HIGH
13965,"Ottumwa, IA: Ottumwa Regional",NOT_FOUND,NO,NO_ICAO_CODE,NO_MATCH,UNKNOWN
13966,"Bucharest, Romania: Henri Coanda",NOT_FOUND,NO,NO_ICAO_CODE,INTERNATIONAL,UNKNOWN
13967,"Coto 47, Costa Rica: Coto 47 Airport",NOT_FOUND,NO,NO_ICAO_CODE,INTERNATIONAL,UNKNOWN
13968,"Anacortes, WA: Anacortes Airport",NOT_FOUND,NO,NO_ICAO_CODE,NO_MATCH,UNKNOWN
13969,"Otu, Colombia: Otu Airport",NOT_FOUND,NO,NO_ICAO_CODE,INTERNATIONAL,UNKNOWN
13970,"Kotzebue, AK: Ralph Wien Memorial",PAOT,YES,ASOS_AVAILABLE,DIRECT_MATCH,HIGH
13971,"Ouagadougou, Burkina Faso: Ouagadougou Airport",NOT_FOUND,NO,NO_ICAO_CODE,INTERNATIONAL,UNKNOWN
13972,"Oujda, Morocco: Angads International",NOT_FOUND,NO,NO_ICAO_CODE,INTERNATIONAL,UNKNOWN
13973,"Ouesso, Congo (Brazaville): Ouesso Airport",NOT_FOUND,NO,NO_ICAO_CODE,INTERNATIONAL,UNKNOWN
13974,"Oudtshoorn, South Africa: Oudtshoorn Airport",NOT_FOUND,NO,NO_ICAO_CODE,INTERNATIONAL,UNKNOWN
13975,"Oulu, Finland: Oulu Airport",NOT_FOUND,NO,NO_ICAO_CODE,INTERNATIONAL,UNKNOWN
13976,"Norman, OK: University of Oklahoma/Max Westheimer",NOT_FOUND,NO,NO_ICAO_CODE,NO_MATCH,UNKNOWN
13977,"Batouri, Cameroon: Batouri Airport",NOT_FOUND,NO,NO_ICAO_CODE,INTERNATIONAL,UNKNOWN
13978,"Bekily, Madagascar: Bekily Airport",NOT_FOUND,NO,NO_ICAO_CODE,INTERNATIONAL,UNKNOWN
13979,"Novosibirsk, Russia: Tolmachevo",NOT_FOUND,NO,INTERNATIONAL,INTERNATIONAL,UNKNOWN
13980,"Asturias, Spain: Asturias Airport",NOT_FOUND,NO,INTERNATIONAL,INTERNATIONAL,UNKNOWN
13981,"Oroville, CA: Oroville Municipal",NOT_FOUND,NO,NO_ICAO_CODE,NO_MATCH,UNKNOWN
13982,"Owatonna, MN: Owatonna Degner Regional",NOT_FOUND,NO,NO_ICAO_CODE,NO_MATCH,UNKNOWN
13983,"Owensboro, KY: Owensboro Daviess County Regional",NOT_FOUND,NO,NO_ICAO_CODE,NO_MATCH,UNKNOWN
13984,"Norwood, MA: Norwood Memorial",NOT_FOUND,NO,NO_ICAO_CODE,NO_MATCH,UNKNOWN
13986,"Bissau, Guinea-Bissau: Osvaldo Vieira",NOT_FOUND,NO,NO_ICAO_CODE,INTERNATIONAL,UNKNOWN
13987,"Waterbury, CT: Waterbury Oxford",NOT_FOUND,NO,NO_ICAO_CODE,NO_MATCH,UNKNOWN
13988,"Oxnard/Ventura, CA: Oxnard",NOT_FOUND,NO,NO_ICAO_CODE,NO_MATCH,UNKNOWN
13989,"Knoxville, IA: Knoxville Municipal",KTYS,YES,ASOS_AVAILABLE,DIRECT_MATCH,HIGH
13990,"Goya, Argentina: Goya Airport",NOT_FOUND,NO,NO_ICAO_CODE,INTERNATIONAL,UNKNOWN
13991,"Oyem, Gabon: Oyem Airport",NOT_FOUND,NO,NO_ICAO_CODE,NO_STATE_CODE,UNKNOWN
13992,"Oiapoque, Brazil: Oiapoque Airport",NOT_FOUND,NO,INTERNATIONAL,INTERNATIONAL,UNKNOWN
13993,"Tres Arroyos, Argentina: Tres Arroyos Airport",NOT_FOUND,NO,NO_ICAO_CODE,INTERNATIONAL,UNKNOWN
13994,"Yosemite National Park, CA: Yosemite National Park Airport",NOT_FOUND,NO,NO_ICAO_CODE,NO_MATCH,UNKNOWN
13995,"Ozona, TX: Ozona Municipal",NOT_FOUND,NO,NO_ICAO_CODE,NO_MATCH,UNKNOWN
13996,"Ozamis City, Philippines: Misamis",NOT_FOUND,NO,NO_ICAO_CODE,INTERNATIONAL,UNKNOWN
13997,"Zaporozhye, Ukraine: Zaporizhzhia International",NOT_FOUND,NO,NO_ICAO_CODE,INTERNATIONAL,UNKNOWN
13998,"Moron, Spain: Moron AB",NOT_FOUND,NO,INTERNATIONAL,INTERNATIONAL,UNKNOWN
13999,"Ozark, AL: Cairns AAF",NOT_FOUND,NO,NO_ICAO_CODE,NO_MATCH,UNKNOWN
14000,"Montrose, PA: Husky Haven",NOT_FOUND,NO,NO_ICAO_CODE,NO_MATCH,UNKNOWN
14001,"Bedford, PA: Bedford County",NOT_FOUND,NO,NO_ICAO_CODE,NO_MATCH,UNKNOWN
14002,"Pa-An, Burma: Hpa An",NOT_FOUND,NO,NO_ICAO_CODE,INTERNATIONAL,UNKNOWN
14003,"Paderborn, Germany: Paderborn/Lippstadt",NOT_FOUND,NO,INTERNATIONAL,INTERNATIONAL,UNKNOWN
14004,"Everett, WA: Seattle Paine Field International",KSEA,YES,ASOS_AVAILABLE,DIRECT_MATCH,HIGH
14005,"Pagadian, Philippines: Pagadian Airport",NOT_FOUND,NO,NO_ICAO_CODE,INTERNATIONAL,UNKNOWN
14006,"Paducah, KY: Barkley Regional",NOT_FOUND,NO,NO_ICAO_CODE,NO_MATCH,UNKNOWN
14007,"Hanapepe, HI: Port Allen",NOT_FOUND,NO,NO_ICAO_CODE,NO_MATCH,UNKNOWN
14009,"Panama City, FL: Tyndall AFB",NOT_FOUND,NO,NO_ICAO_CODE,INTERNATIONAL,UNKNOWN
14010,"Pattani, Thailand: Pattani Airport",NOT_FOUND,NO,NO_ICAO_CODE,INTERNATIONAL,UNKNOWN
14011,"Palo Alto, CA: Palo Alto Airport",NOT_FOUND,NO,NO_ICAO_CODE,NO_MATCH,UNKNOWN
14012,"Port-au-Prince, Haiti: Port Au Prince International",NOT_FOUND,NO,NO_ICAO_CODE,INTERNATIONAL,UNKNOWN
14013,"Palmer, AK: Warren Bud Woods Palmer Municipal",PAAQ,YES,ASOS_AVAILABLE,DIRECT_MATCH,HIGH
14014,"Paris, France: Paris Metropolitan Area",NOT_FOUND,NO,INTERNATIONAL,INTERNATIONAL,UNKNOWN
14015,"Paros, Greece: Paros Airport",NOT_FOUND,NO,NO_ICAO_CODE,INTERNATIONAL,UNKNOWN
14016,"Patna, India: Jai Prakash Narayan International Patna",NOT_FOUND,NO,INTERNATIONAL,INTERNATIONAL,UNKNOWN
14017,"Paulo Alfonso, Brazil: Paulo Afonso",NOT_FOUND,NO,INTERNATIONAL,INTERNATIONAL,UNKNOWN
14018,"Port-de-Paix, Haiti: Port-de-Paix Airport",NOT_FOUND,NO,NO_ICAO_CODE,INTERNATIONAL,UNKNOWN
14019,"Pamol, Malaysia: Tungud/Pamol",NOT_FOUND,NO,NO_ICAO_CODE,INTERNATIONAL,UNKNOWN
14020,"Poza Rica, Mexico: Poza Rica Airport",NOT_FOUND,NO,INTERNATIONAL,INTERNATIONAL,UNKNOWN
14021,"Point Barrow, AK: Point Barrow LRRS",PABR,YES,ASOS_AVAILABLE,DIRECT_MATCH,HIGH
14022,"Puebla, Mexico: Puebla International",NOT_FOUND,NO,INTERNATIONAL,INTERNATIONAL,UNKNOWN
14023,"Porbandar, India: Porbandar Airport",NOT_FOUND,NO,INTERNATIONAL,INTERNATIONAL,UNKNOWN
14024,"Pine Bluff, AR: Pine Bluff Regional Airport Grider Field",NOT_FOUND,NO,NO_ICAO_CODE,NO_MATCH,UNKNOWN
14025,"Plattsburgh, NY: Plattsburgh International",NOT_FOUND,NO,NO_ICAO_CODE,NO_MATCH,UNKNOWN
14026,"Paro, Bhutan: Paro International",NOT_FOUND,NO,NO_ICAO_CODE,INTERNATIONAL,UNKNOWN
14027,"West Palm Beach/Palm Beach, FL: Palm Beach International",KPBI,YES,ASOS_AVAILABLE,DIRECT_MATCH,HIGH
14028,"Pack Creek, AK: Pack Creek Airport",NOT_FOUND,NO,NO_ICAO_CODE,NO_MATCH,UNKNOWN
14029,"Puerto Cabello, Venezuela: General Bartolome Salom",NOT_FOUND,NO,NO_ICAO_CODE,INTERNATIONAL,UNKNOWN
14030,"Zanderij, Suriname: Johan A. Pengel International",NOT_FOUND,NO,NO_ICAO_CODE,INTERNATIONAL,UNKNOWN
14031,"Porto Amboim, Angola: Porto Amboim Airport",NOT_FOUND,NO,NO_ICAO_CODE,INTERNATIONAL,UNKNOWN
14032,"Paraburdoo, Australia: Paraburdoo Airport",NOT_FOUND,NO,INTERNATIONAL,INTERNATIONAL,UNKNOWN
14033,"Puerto Barrios, Guatemala: Puerto Barrios Airport",NOT_FOUND,NO,NO_ICAO_CODE,INTERNATIONAL,UNKNOWN
14034,"Pikeville, KY: Pike County Hatcher Field",NOT_FOUND,NO,NO_ICAO_CODE,NO_MATCH,UNKNOWN
14036,"Plettenberg Bay, South Africa: Garden Route Aero",NOT_FOUND,NO,NO_ICAO_CODE,INTERNATIONAL,UNKNOWN
14037,"Portage Creek, AK: Portage Creek Airport",NOT_FOUND,NO,NO_ICAO_CODE,NO_MATCH,UNKNOWN
14038,"Puerto Rico, Colombia: Puerto Rico Airport",NOT_FOUND,NO,NO_ICAO_CODE,INTERNATIONAL,UNKNOWN
14039,"Prairie Du Chien, WI: Prairie Du Chien Municipal",NOT_FOUND,NO,NO_ICAO_CODE,NO_MATCH,UNKNOWN
14040,"Painter Creek, AK: Painter Creek Airport",NOT_FOUND,NO,NO_ICAO_CODE,NO_MATCH,UNKNOWN
14041,"Paso Caballos, Guatemala: Paso Caballos Airport",NOT_FOUND,NO,NO_ICAO_CODE,INTERNATIONAL,UNKNOWN
14042,"Porcupine Creek, AK: Porcupine Creek Airport",NOT_FOUND,NO,NO_ICAO_CODE,NO_MATCH,UNKNOWN
14043,"Pucallpa, Peru: Captain FAP David Abensur Rengifo International",NOT_FOUND,NO,NO_ICAO_CODE,INTERNATIONAL,UNKNOWN
14044,"Princeton, NJ: Princeton Airport",NOT_FOUND,NO,NO_ICAO_CODE,NO_MATCH,UNKNOWN
14045,"Puerto Inirida, Colombia: Cesar Gaviria",NOT_FOUND,NO,NO_ICAO_CODE,INTERNATIONAL,UNKNOWN
14046,"Pedro Bay, AK: Pedro Bay Airport",NOT_FOUND,NO,NO_ICAO_CODE,NO_MATCH,UNKNOWN
14047,"Mueo, New Caledonia: Mueo Nickel",NOT_FOUND,NO,NO_ICAO_CODE,NO_STATE_CODE,UNKNOWN
14048,"Padang, Indonesia: Tabing",NOT_FOUND,NO,NO_ICAO_CODE,INTERNATIONAL,UNKNOWN
14050,"Atlanta, GA: Dekalb Peachtree",KATL,YES,ASOS_AVAILABLE,DIRECT_MATCH,HIGH
14051,"Ponta Delgada, Portugal: Ponta Delgada Airport",NOT_FOUND,NO,NO_ICAO_CODE,INTERNATIONAL,UNKNOWN
14052,"Maldonado, Uruguay: Capitan Corbeta C. A. Curbelo International",NOT_FOUND,NO,NO_ICAO_CODE,INTERNATIONAL,UNKNOWN
14053,"Piedras Negras, Mexico: Piedras Negras International",NOT_FOUND,NO,INTERNATIONAL,INTERNATIONAL,UNKNOWN
14054,"Pendleton, OR: Eastern Oregon Regional at Pendleton",NOT_FOUND,NO,NO_ICAO_CODE,NO_MATCH,UNKNOWN
14055,"Paysandu, Uruguay: Tydeo Larre Borges International",NOT_FOUND,NO,NO_ICAO_CODE,INTERNATIONAL,UNKNOWN
14056,"Plovdiv, Bulgaria: Plovdiv Airport",NOT_FOUND,NO,NO_ICAO_CODE,INTERNATIONAL,UNKNOWN
14057,PDX,KPWM,YES,ASOS_AVAILABLE,DIRECT_MATCH,HIGH
14058,"Pedernales, Venezuela: Pedernales Airport",NOT_FOUND,NO,NO_ICAO_CODE,INTERNATIONAL,UNKNOWN
14059,"Las Malvinas, Peru: Las Malvinas Airport",NOT_FOUND,NO,NO_ICAO_CODE,INTERNATIONAL,UNKNOWN
14060,"Puerto Jose, Peru: Andoas",NOT_FOUND,NO,NO_ICAO_CODE,INTERNATIONAL,UNKNOWN
14061,"Penneshaw, Australia: Penneshaw Airport",NOT_FOUND,NO,INTERNATIONAL,INTERNATIONAL,UNKNOWN
14062,"Pelican, AK: Pelican Seaplane Base",NOT_FOUND,NO,PRIVATE/SPECIAL_USE,NO_MATCH,UNKNOWN
14063,"Perm, Russia: Bolshoe Savino",NOT_FOUND,NO,INTERNATIONAL,INTERNATIONAL,UNKNOWN
14064,"Perugia, Italy: Perugia S Francesco",NOT_FOUND,NO,INTERNATIONAL,INTERNATIONAL,UNKNOWN
14065,"Pereira, Colombia: Matecana",NOT_FOUND,NO,NO_ICAO_CODE,INTERNATIONAL,UNKNOWN
14066,"Beijing, China: Capital International",NOT_FOUND,NO,INTERNATIONAL,INTERNATIONAL,UNKNOWN
14067,"Puerto Maldonado, Peru: Padre Aldamiz",NOT_FOUND,NO,NO_ICAO_CODE,INTERNATIONAL,UNKNOWN
14068,"Bayan Lepas, Malaysia: Penang International",NOT_FOUND,NO,NO_ICAO_CODE,INTERNATIONAL,UNKNOWN
14069,"Progreso, Honduras: Progreso Airport",NOT_FOUND,NO,NO_ICAO_CODE,INTERNATIONAL,UNKNOWN
14070,"Pecos City, TX: Pecos Municipal",NOT_FOUND,NO,NO_ICAO_CODE,NO_MATCH,UNKNOWN
14071,"Perth, Australia: Perth International",NOT_FOUND,NO,INTERNATIONAL,INTERNATIONAL,UNKNOWN
14072,"Pelotas, Brazil: Joao Simoes Lopes Neto",NOT_FOUND,NO,INTERNATIONAL,INTERNATIONAL,UNKNOWN
14073,"Puerto Lempira, Honduras: Puerto Lempira Airport",NOT_FOUND,NO,NO_ICAO_CODE,INTERNATIONAL,UNKNOWN
14074,"Peshawar, Pakistan: Bacha Khan International",NOT_FOUND,NO,NO_ICAO_CODE,INTERNATIONAL,UNKNOWN
14075,"Paf Warren, AK: Paf Warren Airport",NOT_FOUND,NO,NO_ICAO_CODE,NO_MATCH,UNKNOWN
14076,"Passo Fundo, Brazil: Passo Fundo Airport",NOT_FOUND,NO,INTERNATIONAL,INTERNATIONAL,UNKNOWN
14077,"Port Frederick, AK: Port Frederick Airport",NOT_FOUND,NO,NO_ICAO_CODE,NO_MATCH,UNKNOWN
14078,"Panama City, FL: Bay County",NOT_FOUND,NO,NO_ICAO_CODE,INTERNATIONAL,UNKNOWN
14079,"Pafos, Cyprus: Pafos International",NOT_FOUND,NO,NO_ICAO_CODE,INTERNATIONAL,UNKNOWN
14080,"Ilebo, Congo (Kinshasa): Ilebo Airport",NOT_FOUND,NO,NO_ICAO_CODE,INTERNATIONAL,UNKNOWN
14081,"Page, AZ: Page Municipal",NOT_FOUND,NO,NO_ICAO_CODE,NO_MATCH,UNKNOWN
14082,"Punta Gorda, FL: Punta Gorda Airport",NOT_FOUND,NO,NO_ICAO_CODE,NO_MATCH,UNKNOWN
14083,"Perpignan, France: Perpignan Rivesaltes",NOT_FOUND,NO,INTERNATIONAL,INTERNATIONAL,UNKNOWN
14084,"Pantnagar, India: Pantnagar Airport",NOT_FOUND,NO,INTERNATIONAL,INTERNATIONAL,UNKNOWN
14085,"Chitato, Angola: Chitato Airport",NOT_FOUND,NO,NO_ICAO_CODE,INTERNATIONAL,UNKNOWN
14086,"Pangkalpinang, Indonesia: Depati Amir",NOT_FOUND,NO,NO_ICAO_CODE,INTERNATIONAL,UNKNOWN
14087,"Pascagoula, MS: Jackson County",KJAN,YES,ASOS_AVAILABLE,DIRECT_MATCH,HIGH
14088,"Port Graham, AK: Port Graham Airport",NOT_FOUND,NO,NO_ICAO_CODE,NO_MATCH,UNKNOWN
14089,"Pagosa Springs, CO: Stevens Field",NOT_FOUND,NO,NO_ICAO_CODE,NO_MATCH,UNKNOWN
14091,"Peach Springs, AZ: Peach Springs Dirt Strip",NOT_FOUND,NO,PRIVATE/SPECIAL_USE,NO_MATCH,UNKNOWN
14092,"Greenville, NC: Pitt Greenville",KGSP,YES,ASOS_AVAILABLE,DIRECT_MATCH,HIGH
14093,"Phan Rang, Vietnam: Phan Rang Airport",NOT_FOUND,NO,NO_ICAO_CODE,INTERNATIONAL,UNKNOWN
14094,"Parnaiba, Brazil: Parnaiba Airport",NOT_FOUND,NO,INTERNATIONAL,INTERNATIONAL,UNKNOWN
14095,"Port Harcourt, Nigeria: Port Harcourt Airport",NOT_FOUND,NO,NO_ICAO_CODE,INTERNATIONAL,UNKNOWN
14096,"New Philadelphia, OH: Harry Clever Field",KPHL,YES,ASOS_AVAILABLE,DIRECT_MATCH,HIGH
14097,"Port Hedland, Australia: Port Hedland Airport",NOT_FOUND,NO,INTERNATIONAL,INTERNATIONAL,UNKNOWN
14098,"Newport News/Williamsburg, VA: Newport News/Williamsburg International",NOT_FOUND,NO,NO_ICAO_CODE,NO_MATCH,UNKNOWN
14099,"Pinheiro, Brazil: Pinheiro Airport",NOT_FOUND,NO,INTERNATIONAL,INTERNATIONAL,UNKNOWN
14100,PHL,KPHL,YES,ASOS_AVAILABLE,DIRECT_MATCH,HIGH
14101,"Port Huron, MI: St. Clair County International",NOT_FOUND,NO,NO_ICAO_CODE,NO_MATCH,UNKNOWN
14102,"Point Hope, AK: Point Hope Airport",NOT_FOUND,NO,NO_ICAO_CODE,NO_MATCH,UNKNOWN
14103,"Pacific Harbour, Fiji: Nanuku Resort",NOT_FOUND,NO,NO_ICAO_CODE,INTERNATIONAL,UNKNOWN
14104,"Phitsanulok, Thailand: Phitsanulok Airport",NOT_FOUND,NO,NO_ICAO_CODE,INTERNATIONAL,UNKNOWN
14105,"Paris, TN: Henry County",NOT_FOUND,NO,NO_ICAO_CODE,NO_MATCH,UNKNOWN
14106,"Phalaborwa, South Africa: Kruger Park Gateway",NOT_FOUND,NO,NO_ICAO_CODE,INTERNATIONAL,UNKNOWN
14107,PHX,KPHX,YES,ASOS_AVAILABLE,DIRECT_MATCH,HIGH
14108,"Peoria, IL: General Downing - Peoria International",NOT_FOUND,NO,NO_ICAO_CODE,NO_MATCH,UNKNOWN
14109,"Hattiesburg/Laurel, MS: Hattiesburg-Laurel Regional",NOT_FOUND,NO,NO_ICAO_CODE,NO_MATCH,UNKNOWN
14110,"Pine Cay, Turks and Caicos Islands: Pine Cay British West Indies",NOT_FOUND,NO,NO_ICAO_CODE,NO_STATE_CODE,UNKNOWN
14111,"Nassau/Paradise Island, The Bahamas: Nassau-Paradise Island",NOT_FOUND,NO,NO_ICAO_CODE,INTERNATIONAL,UNKNOWN
14112,"St. Petersburg, FL: St Pete Clearwater International",PAPG,YES,ASOS_AVAILABLE,DIRECT_MATCH,HIGH
14113,"Pocatello, ID: Pocatello Regional",KPIH,YES,ASOS_AVAILABLE,DIRECT_MATCH,HIGH
14114,"Fairbanks, AK: Phillips Field",PAFA,YES,ASOS_AVAILABLE,DIRECT_MATCH,HIGH
14115,"Glasgow/Prestwick, United Kingdom: Prestwick",NOT_FOUND,NO,INTERNATIONAL,INTERNATIONAL,UNKNOWN
14116,"Pine Mountain, GA: Harris County",NOT_FOUND,NO,NO_ICAO_CODE,NO_MATCH,UNKNOWN
14117,"Parintins, Brazil: Parintins Airport",NOT_FOUND,NO,INTERNATIONAL,INTERNATIONAL,UNKNOWN
14118,"Pisco, Peru: Pisco International",NOT_FOUND,NO,NO_ICAO_CODE,INTERNATIONAL,UNKNOWN
14119,"Pilot Point, AK: Pilot Point Airport",NOT_FOUND,NO,NO_ICAO_CODE,NO_MATCH,UNKNOWN
14120,"Pierre, SD: Pierre Regional",NOT_FOUND,NO,NO_ICAO_CODE,NO_MATCH,UNKNOWN
14121,"Poitiers, France: Poitiers Biard",NOT_FOUND,NO,INTERNATIONAL,INTERNATIONAL,UNKNOWN
14122,PIT,KPIT,YES,ASOS_AVAILABLE,DIRECT_MATCH,HIGH
14123,"Piura, Peru: Capitan FAP Guillermo Concha Iberico",NOT_FOUND,NO,NO_ICAO_CODE,INTERNATIONAL,UNKNOWN
14124,"Pico Island, Portugal: Pico",NOT_FOUND,NO,NO_ICAO_CODE,INTERNATIONAL,UNKNOWN
14125,"Point Lay, AK: Point Lay LRRS",NOT_FOUND,NO,NO_ICAO_CODE,NO_MATCH,UNKNOWN
14126,"Payson, AZ: Payson Airport",NOT_FOUND,NO,NO_ICAO_CODE,NO_MATCH,UNKNOWN
14127,"Panjgur, Pakistan: Panjgur Airport",NOT_FOUND,NO,NO_ICAO_CODE,INTERNATIONAL,UNKNOWN
14128,"Puerto Jimenez, Costa Rica: Puerto Jimenez Airport",NOT_FOUND,NO,NO_ICAO_CODE,INTERNATIONAL,UNKNOWN
14129,"Port San Juan, AK: Port San Juan Airport",KSAN,YES,ASOS_AVAILABLE,DIRECT_MATCH,HIGH
14130,"Napaskiak, AK: Napaskiak Airport",NOT_FOUND,NO,NO_ICAO_CODE,NO_MATCH,UNKNOWN
14131,"Parkersburg, WV: Mid-Ohio Valley Regional",NOT_FOUND,NO,NO_ICAO_CODE,NO_MATCH,UNKNOWN
14132,"Petropavlovsk-Kamchatsky, Russia: Yelizovo",NOT_FOUND,NO,INTERNATIONAL,INTERNATIONAL,UNKNOWN
14133,"Park Rapids, MN: Park Rapids Municipal-Konshok Field",NOT_FOUND,NO,NO_ICAO_CODE,NO_MATCH,UNKNOWN
14134,"Parkes, Australia: Parkes Airport",NOT_FOUND,NO,INTERNATIONAL,INTERNATIONAL,UNKNOWN
14135,"Porto-Kheli, Greece: Porto Heli",NOT_FOUND,NO,NO_ICAO_CODE,INTERNATIONAL,UNKNOWN
14136,"Pakokku, Burma: Pakhokku",NOT_FOUND,NO,NO_ICAO_CODE,INTERNATIONAL,UNKNOWN
14138,"Pokhara, Nepal: Pokhara Airport",NOT_FOUND,NO,NO_ICAO_CODE,INTERNATIONAL,UNKNOWN
14139,"Pekanbaru, Indonesia: Simpang Tiga",NOT_FOUND,NO,NO_ICAO_CODE,INTERNATIONAL,UNKNOWN
14140,"Selebi-Phikwe, Botswana: Selebi-Phikwe Airport",NOT_FOUND,NO,NO_ICAO_CODE,INTERNATIONAL,UNKNOWN
14141,"Pakse, Laos: Pakse International",NOT_FOUND,NO,NO_ICAO_CODE,INTERNATIONAL,UNKNOWN
14142,"Planadas, Colombia: Planadas Airport",NOT_FOUND,NO,NO_ICAO_CODE,INTERNATIONAL,UNKNOWN
14143,"Plattsburgh, NY: Clinton County",NOT_FOUND,NO,NO_ICAO_CODE,NO_MATCH,UNKNOWN
14144,"Planeta Rica, Colombia: Planeta Rica Airport",NOT_FOUND,NO,NO_ICAO_CODE,INTERNATIONAL,UNKNOWN
14145,"Plymouth, United Kingdom: Plymouth Airport",NOT_FOUND,NO,INTERNATIONAL,INTERNATIONAL,UNKNOWN
14147,"Point Lookout, MO: M Graham Clark Downtown",NOT_FOUND,NO,NO_ICAO_CODE,NO_MATCH,UNKNOWN
14148,"Ponta Pelada, Brazil: Campo Ponta Pelada",NOT_FOUND,NO,INTERNATIONAL,INTERNATIONAL,UNKNOWN
14149,"Palembang, Indonesia: Sultan Mahmud Badaruddin II",NOT_FOUND,NO,NO_ICAO_CODE,INTERNATIONAL,UNKNOWN
14150,"Pellston, MI: Pellston Regional Emmet County",NOT_FOUND,NO,NO_ICAO_CODE,NO_MATCH,UNKNOWN
14151,"Port Lincoln, Australia: Port Lincoln Airport",NOT_FOUND,NO,INTERNATIONAL,INTERNATIONAL,UNKNOWN
14152,"Palanga, Lithuania: Palanga International",NOT_FOUND,NO,NO_ICAO_CODE,INTERNATIONAL,UNKNOWN
14153,"Providenciales, Turks and Caicos Islands: Providenciales International",NOT_FOUND,NO,NO_ICAO_CODE,NO_STATE_CODE,UNKNOWN
14154,"Plato, Colombia: Las Flores",NOT_FOUND,NO,NO_ICAO_CODE,INTERNATIONAL,UNKNOWN
14155,"Belo Horizonte, Brazil: Pampulha Carlos Drummond de Andrade",NOT_FOUND,NO,INTERNATIONAL,INTERNATIONAL,UNKNOWN
14156,"Palu, Indonesia: Palu Celebes-Mutiara Indon.",NOT_FOUND,NO,NO_ICAO_CODE,INTERNATIONAL,UNKNOWN
14157,"Plymouth, IN: Plymouth Municipal",NOT_FOUND,NO,NO_ICAO_CODE,NO_MATCH,UNKNOWN
14158,"Port Elizabeth, South Africa: Chief Dawid Stuurman International",NOT_FOUND,NO,NO_ICAO_CODE,INTERNATIONAL,UNKNOWN
14159,"Pemba Island, Tanzania: Pemba",NOT_FOUND,NO,NO_ICAO_CODE,INTERNATIONAL,UNKNOWN
14160,"Pembina, ND: Pembina Municipal",NOT_FOUND,NO,NO_ICAO_CODE,NO_MATCH,UNKNOWN
14161,"Puerto Montt, Chile: El Tepual International",NOT_FOUND,NO,NO_ICAO_CODE,INTERNATIONAL,UNKNOWN
14162,"Palmdale, CA: Palmdale USAF Plant 42",NOT_FOUND,NO,NO_ICAO_CODE,NO_MATCH,UNKNOWN
14163,"Parma, Italy: Parma Airport",NOT_FOUND,NO,NO_ICAO_CODE,INTERNATIONAL,UNKNOWN
14164,"Ponta Pora, Brazil: Ponta Pora International",NOT_FOUND,NO,INTERNATIONAL,INTERNATIONAL,UNKNOWN
14165,"Portsmouth, OH: Greater Portsmouth Regional",NOT_FOUND,NO,NO_ICAO_CODE,NO_MATCH,UNKNOWN
14166,"Palma Mallorca, Spain: Palma de Mallorca",NOT_FOUND,NO,INTERNATIONAL,INTERNATIONAL,UNKNOWN
14167,"Port Moller, AK: Port Moller Airport",NOT_FOUND,NO,NO_ICAO_CODE,NO_MATCH,UNKNOWN
14168,"Palermo, Italy: Palermo Airport",NOT_FOUND,NO,NO_ICAO_CODE,INTERNATIONAL,UNKNOWN
14169,"Pimaga, Papua New Guinea: Pimaga Airport",NOT_FOUND,NO,NO_ICAO_CODE,INTERNATIONAL,UNKNOWN
14170,"Perito Moreno, Argentina: Perito Moreno Airport",NOT_FOUND,NO,NO_ICAO_CODE,INTERNATIONAL,UNKNOWN
14171,"Palmerston, New Zealand: Palmerston North",NOT_FOUND,NO,NO_ICAO_CODE,INTERNATIONAL,UNKNOWN
14172,"Palmyra, Syria: Palmyra Airport",NOT_FOUND,NO,NO_ICAO_CODE,INTERNATIONAL,UNKNOWN
14173,"Paimiut, AK: Paimiut Airport",NOT_FOUND,NO,NO_ICAO_CODE,NO_MATCH,UNKNOWN
14174,"Porlamar, Venezuela: General Santiago Marino International",NOT_FOUND,NO,NO_ICAO_CODE,INTERNATIONAL,UNKNOWN
14175,"Palmas, Brazil: Palmas Airport",NOT_FOUND,NO,INTERNATIONAL,INTERNATIONAL,UNKNOWN
14176,"El Tehuelche, Argentina: Puerto Madryn",NOT_FOUND,NO,NO_ICAO_CODE,INTERNATIONAL,UNKNOWN
14177,"Palmar, Costa Rica: Palmar Sur",NOT_FOUND,NO,NO_ICAO_CODE,INTERNATIONAL,UNKNOWN
14178,"Pamplona, Spain: Pamplona Airport",NOT_FOUND,NO,INTERNATIONAL,INTERNATIONAL,UNKNOWN
14179,"Porto Nacional, Brazil: Porto Nacional Airport",NOT_FOUND,NO,INTERNATIONAL,INTERNATIONAL,UNKNOWN
14180,"Ponca City, OK: Ponca City Regional",NOT_FOUND,NO,NO_ICAO_CODE,NO_MATCH,UNKNOWN
14181,"Punta Gorda, Belize: Punta Gorda Airport",NOT_FOUND,NO,NO_ICAO_CODE,INTERNATIONAL,UNKNOWN
14182,"Philadelphia, PA: Northeast Philadelphia",KPHL,YES,ASOS_AVAILABLE,DIRECT_MATCH,HIGH
14183,"Peterson's Point, AK: Peterson's Point Airport",NOT_FOUND,NO,NO_ICAO_CODE,NO_MATCH,UNKNOWN
14184,"Paranagua, Brazil: Paranagua Airport",NOT_FOUND,NO,INTERNATIONAL,INTERNATIONAL,UNKNOWN
14185,"Phnom Penh, Cambodia: Phnom Penh International",NOT_FOUND,NO,NO_ICAO_CODE,INTERNATIONAL,UNKNOWN
14186,"Pohnpei, Federated States of Micronesia: Pohnpei International",NOT_FOUND,NO,NO_ICAO_CODE,NO_STATE_CODE,UNKNOWN
14187,"Pontianak, Indonesia: Supadio",NOT_FOUND,NO,NO_ICAO_CODE,INTERNATIONAL,UNKNOWN
14188,"Pantelleria, Italy: Pantelleria Airport",NOT_FOUND,NO,NO_ICAO_CODE,INTERNATIONAL,UNKNOWN
14189,"Pinotepa, Mexico: Pinotepa Nacional",NOT_FOUND,NO,INTERNATIONAL,INTERNATIONAL,UNKNOWN
14190,"Popondetta, Papua New Guinea: Girua",NOT_FOUND,NO,NO_ICAO_CODE,INTERNATIONAL,UNKNOWN
14191,"Pune, India: Pune Airport",NOT_FOUND,NO,INTERNATIONAL,INTERNATIONAL,UNKNOWN
14192,"Pointe Noire, Congo (Brazaville): Antonio Agostinho Neto",NOT_FOUND,NO,NO_ICAO_CODE,INTERNATIONAL,UNKNOWN
14193,"Pensacola, FL: Pensacola International",KPNS,YES,ASOS_AVAILABLE,DIRECT_MATCH,HIGH
14194,"Sherman-Denison, TX: Sherman-Denison Airport",NOT_FOUND,NO,NO_ICAO_CODE,NO_MATCH,UNKNOWN
14195,"Petrolina, Brazil: Petrolina Airport",NOT_FOUND,NO,INTERNATIONAL,INTERNATIONAL,UNKNOWN
14196,"Porto Alegre, Brazil: Salgado Filho International",NOT_FOUND,NO,INTERNATIONAL,INTERNATIONAL,UNKNOWN
14197,"Fayetteville, NC: Pope AAF",NOT_FOUND,NO,NO_ICAO_CODE,NO_MATCH,UNKNOWN
14198,"La Verne, CA: Brackett Field",NOT_FOUND,NO,NO_ICAO_CODE,NO_MATCH,UNKNOWN
14199,"Port Frederick, AK: Port Frederick Airport",NOT_FOUND,NO,NO_ICAO_CODE,NO_MATCH,UNKNOWN
14200,"Fort Polk, LA: Maks AAF",NOT_FOUND,NO,NO_ICAO_CODE,NO_MATCH,UNKNOWN
14201,"Poplar Bluff, MO: Hayes Field",NOT_FOUND,NO,NO_ICAO_CODE,NO_MATCH,UNKNOWN
14202,"Port Gentil, Gabon: Port Gentil Airport",NOT_FOUND,NO,NO_ICAO_CODE,NO_STATE_CODE,UNKNOWN
14203,"Pocahontas, IA: Pocahontas Municipal",NOT_FOUND,NO,NO_ICAO_CODE,NO_MATCH,UNKNOWN
14204,"Potosi, Bolivia: Capitan Nicolas Rojas",NOT_FOUND,NO,NO_ICAO_CODE,INTERNATIONAL,UNKNOWN
14205,"Pemba, Mozambique: Pemba Airport",NOT_FOUND,NO,NO_ICAO_CODE,INTERNATIONAL,UNKNOWN
14206,"Port Moresby, Papua New Guinea: Port Moresby International",NOT_FOUND,NO,NO_ICAO_CODE,INTERNATIONAL,UNKNOWN
14207,"Puerto Plata, Dominican Republic: Gregorio Luperon International",NOT_FOUND,NO,NO_ICAO_CODE,INTERNATIONAL,UNKNOWN
14208,"Polk Inlet, AK: Polk Inlet Airport",NOT_FOUND,NO,NO_ICAO_CODE,NO_MATCH,UNKNOWN
14209,"Pori, Finland: Pori Airport",NOT_FOUND,NO,NO_ICAO_CODE,INTERNATIONAL,UNKNOWN
14210,"Port of Spain, Trinidad and Tobago: Piarco",NOT_FOUND,NO,INTERNATIONAL,INTERNATIONAL,UNKNOWN
14211,"Port Antonio, Jamaica: Ken Jones",NOT_FOUND,NO,NO_ICAO_CODE,INTERNATIONAL,UNKNOWN
14212,"Poughkeepsie, NY: Hudson Valley Regional",NOT_FOUND,NO,NO_ICAO_CODE,NO_MATCH,UNKNOWN
14213,"Portoroz, Slovenia: Portoroz Airport",NOT_FOUND,NO,NO_ICAO_CODE,INTERNATIONAL,UNKNOWN
14214,"Pontoise, France: Pontoise Cormeilles en Vexin",NOT_FOUND,NO,INTERNATIONAL,INTERNATIONAL,UNKNOWN
14215,"Powell, WY: Powell Municipal",NOT_FOUND,NO,NO_ICAO_CODE,NO_MATCH,UNKNOWN
14216,"Poznan, Poland: Lawica",NOT_FOUND,NO,NO_ICAO_CODE,INTERNATIONAL,UNKNOWN
14217,"Pres. Prudente, Brazil: A. de Barros",NOT_FOUND,NO,INTERNATIONAL,INTERNATIONAL,UNKNOWN
14218,"Prospect Creek, AK: Prospect Creek Airport",NOT_FOUND,NO,NO_ICAO_CODE,NO_MATCH,UNKNOWN
14219,"Humacao, PR: Palmas del Mar Airstrip",NOT_FOUND,NO,PRIVATE/SPECIAL_USE,NO_MATCH,UNKNOWN
14220,"Puerto Penasco, Mexico: Puerto Penasco Airport",NOT_FOUND,NO,INTERNATIONAL,INTERNATIONAL,UNKNOWN
14221,"Parsons, KS: Tri City",NOT_FOUND,NO,NO_ICAO_CODE,NO_MATCH,UNKNOWN
14222,"Pago Pago, TT: Pago Pago International",NOT_FOUND,NO,NO_ICAO_CODE,NON_US_STATE,UNKNOWN
14223,"Pompano Beach, FL: Pompano Beach Airpark",NOT_FOUND,NO,NO_ICAO_CODE,NO_MATCH,UNKNOWN
14224,"Popayan, Colombia: Machangara",NOT_FOUND,NO,NO_ICAO_CODE,INTERNATIONAL,UNKNOWN
14225,"Powell Point, The Bahamas: Powell Point Airport",NOT_FOUND,NO,NO_ICAO_CODE,INTERNATIONAL,UNKNOWN
14226,"Proserpine, Australia: Proserpine Whitsunday Coast",NOT_FOUND,NO,INTERNATIONAL,INTERNATIONAL,UNKNOWN
14227,"Puerto Princesa, Philippines: Puerto Princesa International",NOT_FOUND,NO,NO_ICAO_CODE,INTERNATIONAL,UNKNOWN
14228,"Papeete, French Polynesia: Tahiti Faa'a",NOT_FOUND,NO,NO_ICAO_CODE,INTERNATIONAL,UNKNOWN
14229,"Port Protection, AK: Port Protection Airport",NOT_FOUND,NO,NO_ICAO_CODE,NO_MATCH,UNKNOWN
14230,"Puerto Paez, Venezuela: Puerto Paez Airport",NOT_FOUND,NO,NO_ICAO_CODE,INTERNATIONAL,UNKNOWN
14231,"Presque Isle/Houlton, ME: Presque Isle International",NOT_FOUND,NO,NO_ICAO_CODE,NO_MATCH,UNKNOWN
14232,"Palenque, Mexico: Palenque Airport",NOT_FOUND,NO,INTERNATIONAL,INTERNATIONAL,UNKNOWN
14233,"Port Macquarie, Australia: Port Macquarie Airport",NOT_FOUND,NO,INTERNATIONAL,INTERNATIONAL,UNKNOWN
14234,"Pilot Station, AK: Pilot Station Airport",NOT_FOUND,NO,NO_ICAO_CODE,NO_MATCH,UNKNOWN
14235,"Parana, Argentina: General Urquiza",NOT_FOUND,NO,NO_ICAO_CODE,INTERNATIONAL,UNKNOWN
14236,"Paso Robles, CA: Paso Robles Municipal",NOT_FOUND,NO,NO_ICAO_CODE,NO_MATCH,UNKNOWN
14237,"Prescott, AZ: Prescott Regional Ernest A Love Field",NOT_FOUND,NO,NO_ICAO_CODE,NO_MATCH,UNKNOWN
14238,"Pine Ridge, SD: Pine Ridge Airport",NOT_FOUND,NO,NO_ICAO_CODE,NO_MATCH,UNKNOWN
14239,"Prague, Czech Republic: Ruzyne",NOT_FOUND,NO,NO_ICAO_CODE,INTERNATIONAL,UNKNOWN
14240,"Praslin, Seychelles: Praslin Airport",NOT_FOUND,NO,NO_ICAO_CODE,INTERNATIONAL,UNKNOWN
14241,"Capri, Italy: Capri Airport",NOT_FOUND,NO,NO_ICAO_CODE,INTERNATIONAL,UNKNOWN
14243,"Pristina, Kosovo: Pristina International",NOT_FOUND,NO,NO_ICAO_CODE,NO_STATE_CODE,UNKNOWN
14244,"Point Retreat, AK: Coast Guard Heliport",NOT_FOUND,NO,PRIVATE/SPECIAL_USE,NO_MATCH,UNKNOWN
14245,"Pyay, Burma: Pyay Airport",NOT_FOUND,NO,NO_ICAO_CODE,INTERNATIONAL,UNKNOWN
14246,"Prerov, Czech Republic: Prerov Airport",NOT_FOUND,NO,NO_ICAO_CODE,INTERNATIONAL,UNKNOWN
14247,"Paris, TX: Cox Field",NOT_FOUND,NO,NO_ICAO_CODE,NO_MATCH,UNKNOWN
14248,"Pretoria, South Africa: Wonderboom",NOT_FOUND,NO,NO_ICAO_CODE,INTERNATIONAL,UNKNOWN
14249,"Prineville, OR: Prineville Airport",NOT_FOUND,NO,NO_ICAO_CODE,NO_MATCH,UNKNOWN
14250,"Pisa, Italy: Pisa Airport",NOT_FOUND,NO,NO_ICAO_CODE,INTERNATIONAL,UNKNOWN
14251,"Philipsburg, PA: Mid State",NOT_FOUND,NO,NO_ICAO_CODE,NO_MATCH,UNKNOWN
14252,"Pasco/Kennewick/Richland, WA: Tri Cities",KPSC,YES,ASOS_AVAILABLE,DIRECT_MATCH,HIGH
14253,"Port Said, Egypt: Port Said Airport",NOT_FOUND,NO,NO_ICAO_CODE,INTERNATIONAL,UNKNOWN
14254,"Ponce, PR: Mercedita",NOT_FOUND,NO,NO_ICAO_CODE,NO_MATCH,UNKNOWN
14255,"Pittsfield, MA: Pittsfield Municipal",NOT_FOUND,NO,NO_ICAO_CODE,NO_MATCH,UNKNOWN
14256,"Petersburg, AK: Petersburg James A Johnson",PAPG,YES,ASOS_AVAILABLE,DIRECT_MATCH,HIGH
14257,"Pasni, Pakistan: Pasni Airport",NOT_FOUND,NO,NO_ICAO_CODE,INTERNATIONAL,UNKNOWN
14258,"Dublin, VA: New River Valley",NOT_FOUND,NO,NO_ICAO_CODE,NO_MATCH,UNKNOWN
14259,"Portsmouth, NH: Portsmouth International at Pease",NOT_FOUND,NO,NO_ICAO_CODE,NO_MATCH,UNKNOWN
14260,"Palestine, TX: Palestine Municipal",NOT_FOUND,NO,NO_ICAO_CODE,NO_MATCH,UNKNOWN
14261,"Pasto, Colombia: Pasto Airport",NOT_FOUND,NO,NO_ICAO_CODE,INTERNATIONAL,UNKNOWN
14262,"Palm Springs, CA: Palm Springs International",KPSP,YES,ASOS_AVAILABLE,DIRECT_MATCH,HIGH
14263,"Pescara, Italy: Pescara Airport",NOT_FOUND,NO,NO_ICAO_CODE,INTERNATIONAL,UNKNOWN
14264,"Posadas, Argentina: Posadas Airport",NOT_FOUND,NO,NO_ICAO_CODE,INTERNATIONAL,UNKNOWN
14265,"Palacios, TX: Palacios Municipal",NOT_FOUND,NO,NO_ICAO_CODE,NO_MATCH,UNKNOWN
14266,"Stanley, Falkland Islands (Islas Malvinas): Stanley Airport",NOT_FOUND,NO,NO_ICAO_CODE,NO_STATE_CODE,UNKNOWN
14267,"Puerto Suarez, Bolivia: Tte Av Salvador Ogaya G International",NOT_FOUND,NO,NO_ICAO_CODE,INTERNATIONAL,UNKNOWN
14268,"Port Alsworth, AK: Port Alsworth Airport",NOT_FOUND,NO,NO_ICAO_CODE,NO_MATCH,UNKNOWN
14269,"Port Alice, AK: Port Alice Airport",NOT_FOUND,NO,NO_ICAO_CODE,NO_MATCH,UNKNOWN
14270,"Port Alexander, AK: Port Alexander Airport",NOT_FOUND,NO,NO_ICAO_CODE,NO_MATCH,UNKNOWN
14271,"Malolo Lailai, Fiji: Malolo Lailai Airport",NOT_FOUND,NO,NO_ICAO_CODE,INTERNATIONAL,UNKNOWN
14272,"Polokwane, South Africa: Polokwane International",NOT_FOUND,NO,NO_ICAO_CODE,INTERNATIONAL,UNKNOWN
14273,"Port Heiden, AK: Port Heiden Airport",NOT_FOUND,NO,NO_ICAO_CODE,NO_MATCH,UNKNOWN
14274,"Portland, Australia: Portland Airport",NOT_FOUND,NO,INTERNATIONAL,INTERNATIONAL,UNKNOWN
14275,"Pontiac, MI: Oakland County International",KOAK,YES,ASOS_AVAILABLE,DIRECT_MATCH,HIGH
14276,"Port Armstrong, AK: Port Armstrong Airport",NOT_FOUND,NO,NO_ICAO_CODE,NO_MATCH,UNKNOWN
14277,"Patterson, LA: Harry P Williams Memorial",NOT_FOUND,NO,NO_ICAO_CODE,NO_MATCH,UNKNOWN
14278,"Pointe A Pitre, Guadeloupe: Guadeloupe Maryse Conde",NOT_FOUND,NO,NO_ICAO_CODE,NO_STATE_CODE,UNKNOWN
14279,"Pleasant Harbour, AK: Pleasant Harbour Airport",NOT_FOUND,NO,NO_ICAO_CODE,NO_MATCH,UNKNOWN
14280,"Pittsburg, KS: Atkinson Municipal",NOT_FOUND,NO,NO_ICAO_CODE,NO_MATCH,UNKNOWN
14281,"Pratt, KS: Pratt Regional",NOT_FOUND,NO,NO_ICAO_CODE,NO_MATCH,UNKNOWN
14282,"Platinum, AK: Platinum Airport",NOT_FOUND,NO,NO_ICAO_CODE,NO_MATCH,UNKNOWN
14283,"Porterville, CA: Porterville Municipal",NOT_FOUND,NO,NO_ICAO_CODE,NO_MATCH,UNKNOWN
14284,"Pottstown, PA: Heritage Field",NOT_FOUND,NO,NO_ICAO_CODE,NO_MATCH,UNKNOWN
14285,"Pitalito, Colombia: Contador",NOT_FOUND,NO,NO_ICAO_CODE,INTERNATIONAL,UNKNOWN
14286,"Panama City, Panama: Tocumen International",NOT_FOUND,NO,NO_ICAO_CODE,INTERNATIONAL,UNKNOWN
14287,"Pastaza, Ecuador: Rio Amazonas",NOT_FOUND,NO,NO_ICAO_CODE,INTERNATIONAL,UNKNOWN
14288,"Pueblo, CO: Pueblo Memorial",NOT_FOUND,NO,NO_ICAO_CODE,NO_MATCH,UNKNOWN
14289,"Price, UT: Carbon County Regional/Buck Davis Field",NOT_FOUND,NO,NO_ICAO_CODE,NO_MATCH,UNKNOWN
14290,"Puerto Deseado, Argentina: Puerto Deseado Airport",NOT_FOUND,NO,NO_ICAO_CODE,INTERNATIONAL,UNKNOWN
14291,"Pau, France: Pau Pyrenees",NOT_FOUND,NO,INTERNATIONAL,INTERNATIONAL,UNKNOWN
14292,"Port Augusta, Australia: Port Augusta Airport",NOT_FOUND,NO,INTERNATIONAL,INTERNATIONAL,UNKNOWN
14293,"Punta Cana, Dominican Republic: Punta Cana International",NOT_FOUND,NO,NO_ICAO_CODE,INTERNATIONAL,UNKNOWN
14294,"Pukarua, French Polynesia: Pukarua Airport",NOT_FOUND,NO,NO_ICAO_CODE,INTERNATIONAL,UNKNOWN
14295,"Poulsbo, WA: Port of Poulsbo Marina Moorage Seaplane Base",NOT_FOUND,NO,PRIVATE/SPECIAL_USE,NO_MATCH,UNKNOWN
14296,"Prudhoe Bay, AK: Prudhoe Bay Airport",PASC,YES,ASOS_AVAILABLE,DIRECT_MATCH,HIGH
14297,"Punta Arenas, Chile: Carlos Ibanez del Campo International",NOT_FOUND,NO,NO_ICAO_CODE,INTERNATIONAL,UNKNOWN
14298,"Puerto Rico, Bolivia: Puerto Rico Airport",NOT_FOUND,NO,NO_ICAO_CODE,INTERNATIONAL,UNKNOWN
14299,"Busan, South Korea: Gimhae International",NOT_FOUND,NO,INTERNATIONAL,INTERNATIONAL,UNKNOWN
14300,"Puttaparthi, India: Puttaprathe",NOT_FOUND,NO,INTERNATIONAL,INTERNATIONAL,UNKNOWN
14301,"Puerto Asis, Colombia: Puerto Asis Airport",NOT_FOUND,NO,NO_ICAO_CODE,INTERNATIONAL,UNKNOWN
14302,"Poum, New Caledonia: Poum Sommet",NOT_FOUND,NO,NO_ICAO_CODE,NO_STATE_CODE,UNKNOWN
14303,"Pullman, WA: Pullman Moscow Regional",NOT_FOUND,NO,NO_ICAO_CODE,NO_MATCH,UNKNOWN
14304,"Pula, Croatia: Pula Airport",NOT_FOUND,NO,NO_ICAO_CODE,INTERNATIONAL,UNKNOWN
14305,"Puerto Cabezas, Nicaragua: Puerto Cabezas Airport",NOT_FOUND,NO,NO_ICAO_CODE,INTERNATIONAL,UNKNOWN
14306,"Provincetown, MA: Provincetown Municipal",NOT_FOUND,NO,NO_ICAO_CODE,NO_MATCH,UNKNOWN
14307,"Providence, RI: Rhode Island Tf Green International",KPVD,YES,ASOS_AVAILABLE,DIRECT_MATCH,HIGH
14308,"Placerville, CA: Placerville Airport",NOT_FOUND,NO,NO_ICAO_CODE,NO_MATCH,UNKNOWN
14309,"Shanghai, China: Pudong",NOT_FOUND,NO,INTERNATIONAL,INTERNATIONAL,UNKNOWN
14310,"Porto Velho, Brazil: Governador Jorge Teixeira de Oliveira",NOT_FOUND,NO,INTERNATIONAL,INTERNATIONAL,UNKNOWN
14311,"Preveza, Greece: Aktion",NOT_FOUND,NO,NO_ICAO_CODE,INTERNATIONAL,UNKNOWN
14312,"Puerto Vallarta, Mexico: Puerto Vallarta International",NOT_FOUND,NO,INTERNATIONAL,INTERNATIONAL,UNKNOWN
14313,"Provideniya, Russia: Provideniya Bay",NOT_FOUND,NO,INTERNATIONAL,INTERNATIONAL,UNKNOWN
14314,"Provo, UT: Provo Municipal",NOT_FOUND,NO,NO_ICAO_CODE,NO_MATCH,UNKNOWN
14315,"Plainview, TX: Hale County",NOT_FOUND,NO,NO_ICAO_CODE,NO_MATCH,UNKNOWN
14316,"Pope Vanoy, AK: Pope Vanoy Airport",NOT_FOUND,NO,NO_ICAO_CODE,NO_MATCH,UNKNOWN
14317,"Painesville, OH: Casement",NOT_FOUND,NO,NO_ICAO_CODE,NO_MATCH,UNKNOWN
14318,"Oklahoma City, OK: Wiley Post",KOKC,YES,ASOS_AVAILABLE,DIRECT_MATCH,HIGH
14319,"Pevek, Russia: Pevek Airport",NOT_FOUND,NO,INTERNATIONAL,INTERNATIONAL,UNKNOWN
14320,"Chicago, IL: Chicago Executive",KORD,YES,ASOS_AVAILABLE,DIRECT_MATCH,HIGH
14321,PDX,KPWM,YES,ASOS_AVAILABLE,DIRECT_MATCH,HIGH
14322,"Big Port Walter, AK: Big and Little Port Walter",NOT_FOUND,NO,NO_ICAO_CODE,NO_MATCH,UNKNOWN
14323,"Bremerton, WA: Bremerton National",NOT_FOUND,NO,NO_ICAO_CODE,NO_MATCH,UNKNOWN
14324,"Puerto Escondido, Mexico: Puerto Escondido International",NOT_FOUND,NO,INTERNATIONAL,INTERNATIONAL,UNKNOWN
14325,"Porto Santo, Portugal: Porto Santo Airport",NOT_FOUND,NO,NO_ICAO_CODE,INTERNATIONAL,UNKNOWN
14326,"Pleiku, Vietnam: Pleiku Airport",NOT_FOUND,NO,NO_ICAO_CODE,INTERNATIONAL,UNKNOWN
14327,"Port Ashton, AK: Port Ashton Airport",NOT_FOUND,NO,NO_ICAO_CODE,NO_MATCH,UNKNOWN
14328,"Jeypore, India: Jeypore Airport",NOT_FOUND,NO,INTERNATIONAL,INTERNATIONAL,UNKNOWN
14329,"Puerto Ayacucho, Venezuela: Puerto Ayacucho Airport",NOT_FOUND,NO,NO_ICAO_CODE,INTERNATIONAL,UNKNOWN
14330,"Polyarnyj, Russia: Polyarnyj Airport",NOT_FOUND,NO,INTERNATIONAL,INTERNATIONAL,UNKNOWN
14331,"Perry Island, AK: Perry Island Seaplane Base",NOT_FOUND,NO,PRIVATE/SPECIAL_USE,NO_MATCH,UNKNOWN
14332,"Plymouth, MA: Plymouth Municipal",NOT_FOUND,NO,NO_ICAO_CODE,NO_MATCH,UNKNOWN
14333,"Pyrgos, Greece: Andravida",NOT_FOUND,NO,NO_ICAO_CODE,INTERNATIONAL,UNKNOWN
14334,"Paz de Ariporo, Colombia: Paz de Ariporo Airport",NOT_FOUND,NO,NO_ICAO_CODE,INTERNATIONAL,UNKNOWN
14335,"Pietermaritzburg, South Africa: Pietermaritzburg Airport",NOT_FOUND,NO,NO_ICAO_CODE,INTERNATIONAL,UNKNOWN
14336,"Penzance, United Kingdom: Penzance Airport",NOT_FOUND,NO,INTERNATIONAL,INTERNATIONAL,UNKNOWN
14337,"Puerto Ordaz, Venezuela: General Manuel Carlos Piar",NOT_FOUND,NO,NO_ICAO_CODE,INTERNATIONAL,UNKNOWN
14338,"Port Sudan, Sudan: Port Sudan Airport",NOT_FOUND,NO,NO_ICAO_CODE,INTERNATIONAL,UNKNOWN
14339,"Piestany, Slovakia: Piestany Airport",NOT_FOUND,NO,NO_ICAO_CODE,INTERNATIONAL,UNKNOWN
14341,"Jackpot, NV: Jackpot/Hayden Field",NOT_FOUND,NO,NO_ICAO_CODE,NO_MATCH,UNKNOWN
14343,"Alcantara, Brazil: Centro de Lancamento de Alcantara",NOT_FOUND,NO,INTERNATIONAL,INTERNATIONAL,UNKNOWN
14344,"Globe, AZ: San Carlos Apache",KSAN,YES,ASOS_AVAILABLE,DIRECT_MATCH,HIGH
14345,"Port Clinton, OH: Erie Ottawa International",KERI,YES,ASOS_AVAILABLE,DIRECT_MATCH,HIGH
14346,"Kelleys Island, OH: Kelleys Island Land Field",NOT_FOUND,NO,NO_ICAO_CODE,NO_MATCH,UNKNOWN
14347,"Lyndonville, VT: Caledonia County",NOT_FOUND,NO,NO_ICAO_CODE,NO_MATCH,UNKNOWN
14348,"Houston, TX: Astrodomain Helipad",KIAH,YES,ASOS_AVAILABLE,DIRECT_MATCH,HIGH
14352,"Marina del Ray, CA: Marina del Ray Airport",NOT_FOUND,NO,NO_ICAO_CODE,NO_MATCH,UNKNOWN
14355,"Bella Coola, Canada: Bella Coola Airport",NOT_FOUND,NO,INTERNATIONAL,INTERNATIONAL,UNKNOWN
14358,"Lathrop Wells, NV: Jackass Aeropark",NOT_FOUND,NO,NO_ICAO_CODE,NO_MATCH,UNKNOWN
14359,"Green River, UT: Oman Ranch",NOT_FOUND,NO,NO_ICAO_CODE,INTERNATIONAL,UNKNOWN
14360,"Put-In-Bay, OH: Put-In-Bay Airport",NOT_FOUND,NO,NO_ICAO_CODE,NO_MATCH,UNKNOWN
14361,"Middle Bass Island, OH: Middle Bass Island Airport",NOT_FOUND,NO,NO_ICAO_CODE,NO_MATCH,UNKNOWN
14365,"Indian Creek, ID: Indian Creek Usfs",NOT_FOUND,NO,INTERNATIONAL,INTERNATIONAL,UNKNOWN
14366,"Abilene, KS: Abilene Airport",KABI,YES,ASOS_AVAILABLE,DIRECT_MATCH,HIGH
14367,"North Bass Island, OH: North Bass Island Airport",NOT_FOUND,NO,NO_ICAO_CODE,NO_MATCH,UNKNOWN
14368,"Mont Laurier, Canada: Mont Laurier Airport",NOT_FOUND,NO,INTERNATIONAL,INTERNATIONAL,UNKNOWN
14371,"Culpeper, VA: Culpeper Regional",NOT_FOUND,NO,NO_ICAO_CODE,NO_MATCH,UNKNOWN
14373,"Chah Bahar, Iran: Konarak",NOT_FOUND,NO,NO_ICAO_CODE,INTERNATIONAL,UNKNOWN
14375,"Levelland, TX: Levelland Airport",NOT_FOUND,NO,NO_ICAO_CODE,NO_MATCH,UNKNOWN
14377,"Crane Island, WA: Crane Island Airport",NOT_FOUND,NO,NO_ICAO_CODE,NO_MATCH,UNKNOWN
14378,"Martinsville, VA: Blue Ridge",NOT_FOUND,NO,NO_ICAO_CODE,NO_MATCH,UNKNOWN
14379,"Dracena, Brazil: Dracena Airport",NOT_FOUND,NO,INTERNATIONAL,INTERNATIONAL,UNKNOWN
14380,"Dammam, Saudi Arabia: King Fahd International",NOT_FOUND,NO,NO_ICAO_CODE,INTERNATIONAL,UNKNOWN
14383,"Emerald Bay, CA: Emerald Bay Airport",NOT_FOUND,NO,NO_ICAO_CODE,NO_MATCH,UNKNOWN
14384,"Boufarik, Algeria: Boufarik Airport",NOT_FOUND,NO,NO_ICAO_CODE,INTERNATIONAL,UNKNOWN
14386,"Avalon, CA: Camp Fox",NOT_FOUND,NO,NO_ICAO_CODE,NO_MATCH,UNKNOWN
14387,"Houghton, MI: Grognet Seaplane Base",NOT_FOUND,NO,PRIVATE/SPECIAL_USE,NO_MATCH,UNKNOWN
14388,"Houston, TX: Astroworld Helipad",KIAH,YES,ASOS_AVAILABLE,DIRECT_MATCH,HIGH
14391,"Houston, TX: Houston Metro-/Ho",KIAH,YES,ASOS_AVAILABLE,DIRECT_MATCH,HIGH
14392,"Isle Royale Park, MI: Isle Royale National Park",NOT_FOUND,NO,NO_ICAO_CODE,NO_MATCH,UNKNOWN
14393,"Jubail, Saudi Arabia: Jubail Airport",NOT_FOUND,NO,NO_ICAO_CODE,INTERNATIONAL,UNKNOWN
14395,"Kona Village, HI: Kona Keahole",PHKO,YES,ASOS_AVAILABLE,DIRECT_MATCH,HIGH
14397,"Kennesaw, GA: Cobb County International McCollum Field",NOT_FOUND,NO,NO_ICAO_CODE,NO_MATCH,UNKNOWN
14399,"Houston, TX: Marriot Helipad Hou.",KIAH,YES,ASOS_AVAILABLE,DIRECT_MATCH,HIGH
14400,"Mansfield, MA: Mansfield Municipal",NOT_FOUND,NO,NO_ICAO_CODE,NO_MATCH,UNKNOWN
14403,"Rio Negrinho, Brazil: Aeroclube de Rio Negrinho",NOT_FOUND,NO,INTERNATIONAL,INTERNATIONAL,UNKNOWN
14406,"Orange, VA: Orange County",NOT_FOUND,NO,NO_ICAO_CODE,NO_MATCH,UNKNOWN
14408,"Singapore, Singapore: Paya Lebar",NOT_FOUND,NO,NO_ICAO_CODE,INTERNATIONAL,UNKNOWN
14409,"Houston, TX: Post Oak Manor",KIAH,YES,ASOS_AVAILABLE,DIRECT_MATCH,HIGH
14410,"Pittsfield, ME: Pittsfield Municipal",NOT_FOUND,NO,NO_ICAO_CODE,NO_MATCH,UNKNOWN
14412,"Keyes Point, AK: Keyes Point Airport",NOT_FOUND,NO,NO_ICAO_CODE,NO_MATCH,UNKNOWN
14413,"Nimiuk Point, AK: Nimiuk Point Airport",NOT_FOUND,NO,NO_ICAO_CODE,NO_MATCH,UNKNOWN
14414,"Boston, MA: Nashua Street Heliport",KBOS,YES,ASOS_AVAILABLE,DIRECT_MATCH,HIGH
14415,"Sealing Point, AK: Sealing Point Airport",NOT_FOUND,NO,NO_ICAO_CODE,NO_MATCH,UNKNOWN
14417,"Westminster, MD: Carroll County Regional/Jack B. Poage Field",NOT_FOUND,NO,NO_ICAO_CODE,NO_MATCH,UNKNOWN
14420,"Stevensville, MT: Stevensville Airport",NOT_FOUND,NO,NO_ICAO_CODE,NO_MATCH,UNKNOWN
14422,"Bonners Ferry, ID: Boundary County",NOT_FOUND,NO,NO_ICAO_CODE,NO_MATCH,UNKNOWN
14423,"Shingletown, CA: Shingletown Airport",NOT_FOUND,NO,NO_ICAO_CODE,NO_MATCH,UNKNOWN
14424,"Woodlake, CA: Woodlake Airport",NOT_FOUND,NO,NO_ICAO_CODE,NO_MATCH,UNKNOWN
14427,"Grass Valley, CA: Nevada County",NOT_FOUND,NO,NO_ICAO_CODE,NO_MATCH,UNKNOWN
14430,"Peachtree City, GA: Atlanta Regional Falcon Field",KATL,YES,ASOS_AVAILABLE,DIRECT_MATCH,HIGH
14431,"Window Rock, AZ: Window Rock Airport",NOT_FOUND,NO,NO_ICAO_CODE,NO_MATCH,UNKNOWN
14432,"Lupin, Canada: Lupin Airport",NOT_FOUND,NO,INTERNATIONAL,INTERNATIONAL,UNKNOWN
14434,"Healdsburg, CA: Healdsburg Municipal",NOT_FOUND,NO,NO_ICAO_CODE,NO_MATCH,UNKNOWN
14435,"San Marcos, TX: San Marcos Regional",KSAN,YES,ASOS_AVAILABLE,DIRECT_MATCH,HIGH
14438,"Redondo Beach, CA: Redondo Beach Airport",NOT_FOUND,NO,NO_ICAO_CODE,NO_MATCH,UNKNOWN
14440,"Queretaro, Mexico: Queretaro International",NOT_FOUND,NO,INTERNATIONAL,INTERNATIONAL,UNKNOWN
14441,"Southbridge, MA: Southbridge Municipal",NOT_FOUND,NO,NO_ICAO_CODE,NO_MATCH,UNKNOWN
14444,"Paonia, CO: North Fork Valley",NOT_FOUND,NO,NO_ICAO_CODE,NO_MATCH,UNKNOWN
14446,"Rabaul, Papua New Guinea: Tokua",NOT_FOUND,NO,NO_ICAO_CODE,INTERNATIONAL,UNKNOWN
14447,"Racine, WI: Batten International",NOT_FOUND,NO,NO_ICAO_CODE,NO_MATCH,UNKNOWN
14448,"Tortola, British Virgin Islands: Roadtown Seaplane Base",NOT_FOUND,NO,PRIVATE/SPECIAL_USE,NO_STATE_CODE,UNKNOWN
14449,"Arar, Saudi Arabia: Arar Airport",NOT_FOUND,NO,NO_ICAO_CODE,INTERNATIONAL,UNKNOWN
14450,"Rafha, Saudi Arabia: Rafha Airport",NOT_FOUND,NO,NO_ICAO_CODE,INTERNATIONAL,UNKNOWN
14451,"Praia, Cape Verde: Praia International",NOT_FOUND,NO,NO_ICAO_CODE,INTERNATIONAL,UNKNOWN
14452,"Rajkot, India: Rajkot Airport",NOT_FOUND,NO,INTERNATIONAL,INTERNATIONAL,UNKNOWN
14453,"Marrakech, Morocco: Menara",NOT_FOUND,NO,NO_ICAO_CODE,INTERNATIONAL,UNKNOWN
14454,"Riverside, CA: Riverside Municipal",NOT_FOUND,NO,NO_ICAO_CODE,NO_MATCH,UNKNOWN
14455,"Ravenna, Italy: Ravenna Airport",NOT_FOUND,NO,NO_ICAO_CODE,INTERNATIONAL,UNKNOWN
14456,"Ribeirao Preto, Brazil: Leite Lopes",NOT_FOUND,NO,INTERNATIONAL,INTERNATIONAL,UNKNOWN
14457,"Rapid City, SD: Rapid City Regional",KRAP,YES,ASOS_AVAILABLE,DIRECT_MATCH,HIGH
14458,"Avarua, Cook Islands: Rarotonga International",NOT_FOUND,NO,NO_ICAO_CODE,INTERNATIONAL,UNKNOWN
14459,"Rasht, Iran: Sardar E Jangal",NOT_FOUND,NO,NO_ICAO_CODE,INTERNATIONAL,UNKNOWN
14460,"Raduzhnyi, Russia: Raduzhnyi Airport",NOT_FOUND,NO,INTERNATIONAL,INTERNATIONAL,UNKNOWN
14461,"Red Bank, NJ: Greely Helipad",NOT_FOUND,NO,NO_ICAO_CODE,NO_MATCH,UNKNOWN
14462,"Rawala Kot, Pakistan: Rawalakot",NOT_FOUND,NO,NO_ICAO_CODE,INTERNATIONAL,UNKNOWN
14463,"Rabat, Morocco: Rabat/Sale International",NOT_FOUND,NO,NO_ICAO_CODE,INTERNATIONAL,UNKNOWN
14464,"Ugashik, AK: Randy Field",NOT_FOUND,NO,NO_ICAO_CODE,NO_MATCH,UNKNOWN
14465,"Dallas/Fort Worth, TX: Dallas Executive",KDFW,YES,ASOS_AVAILABLE,DIRECT_MATCH,HIGH
14466,"Big Bear City, CA: Big Bear City Airport",NOT_FOUND,NO,NO_ICAO_CODE,NO_MATCH,UNKNOWN
14467,"Roseburg, OR: Roseburg Regional",NOT_FOUND,NO,NO_ICAO_CODE,NO_MATCH,UNKNOWN
14468,"Brooks Lodge, AK: Brooks Lodge Airport",NOT_FOUND,NO,PRIVATE/SPECIAL_USE,NO_MATCH,UNKNOWN
14469,"Red Bluff, CA: Red Bluff Municipal",NOT_FOUND,NO,NO_ICAO_CODE,NO_MATCH,UNKNOWN
14470,"Fort Jefferson, FL: Fort Jefferson Airport",NOT_FOUND,NO,NO_ICAO_CODE,NO_MATCH,UNKNOWN
14471,"Robore, Bolivia: Robore Airport",NOT_FOUND,NO,NO_ICAO_CODE,INTERNATIONAL,UNKNOWN
14472,"Rio Branco, Brazil: Placido de Castro International",NOT_FOUND,NO,INTERNATIONAL,INTERNATIONAL,UNKNOWN
14474,"Ruby, AK: Ruby Airport",NOT_FOUND,NO,NO_ICAO_CODE,NO_MATCH,UNKNOWN
14475,"Rapid City, SD: Ellsworth AFB",KRAP,YES,ASOS_AVAILABLE,DIRECT_MATCH,HIGH
14476,"Richards Bay, South Africa: Richards Bay Airport",NOT_FOUND,NO,NO_ICAO_CODE,INTERNATIONAL,UNKNOWN
14477,"Roche Harbor, WA: Roche Harbor Airport",NOT_FOUND,NO,NO_ICAO_CODE,NO_MATCH,UNKNOWN
14478,"Riohacha, Colombia: Almirante Padilla",NOT_FOUND,NO,NO_ICAO_CODE,INTERNATIONAL,UNKNOWN
14479,"Richmond, Australia: Richmond Airport",NOT_FOUND,NO,INTERNATIONAL,INTERNATIONAL,UNKNOWN
14480,"Rochefort, France: Rochefort Charente Maritime",NOT_FOUND,NO,INTERNATIONAL,INTERNATIONAL,UNKNOWN
14481,"Reconquista, Argentina: Reconquista Airport",NOT_FOUND,NO,NO_ICAO_CODE,INTERNATIONAL,UNKNOWN
14482,"Reed City, MI: Miller Field",NOT_FOUND,NO,NO_ICAO_CODE,NO_MATCH,UNKNOWN
14483,"Rio Curato, Argentina: Rio Cuarto",NOT_FOUND,NO,NO_ICAO_CODE,INTERNATIONAL,UNKNOWN
14484,"Rockhampton Downs, Australia: Rockhampton Downs Airport",NOT_FOUND,NO,INTERNATIONAL,INTERNATIONAL,UNKNOWN
14485,"Red Dog, AK: Red Dog Airport",NOT_FOUND,NO,NO_ICAO_CODE,NO_MATCH,UNKNOWN
14486,"Redencao, Brazil: Redencao Airport",NOT_FOUND,NO,INTERNATIONAL,INTERNATIONAL,UNKNOWN
14487,"Redding, CA: Redding Regional",NOT_FOUND,NO,NO_ICAO_CODE,NO_MATCH,UNKNOWN
14488,"Reading, PA: Reading Regional/Carl A Spaatz Field",NOT_FOUND,NO,NO_ICAO_CODE,NO_MATCH,UNKNOWN
14489,"Bend/Redmond, OR: Roberts Field",KRDM,YES,ASOS_AVAILABLE,DIRECT_MATCH,HIGH
14490,"Red River, ND: Grand Forks AFB",NOT_FOUND,NO,NO_ICAO_CODE,NO_MATCH,UNKNOWN
14491,"Richard-Toll, Senegal: Richard-Toll Airport",NOT_FOUND,NO,NO_ICAO_CODE,INTERNATIONAL,UNKNOWN
14492,RDU,KRDU,YES,ASOS_AVAILABLE,DIRECT_MATCH,HIGH
14493,"Red Devil, AK: Red Devil Airport",NOT_FOUND,NO,NO_ICAO_CODE,NO_MATCH,UNKNOWN
14494,"Rodez, France: Rodez Aveyron",NOT_FOUND,NO,INTERNATIONAL,INTERNATIONAL,UNKNOWN
14495,"Redlands, CA: Redlands Municipal",NOT_FOUND,NO,NO_ICAO_CODE,NO_MATCH,UNKNOWN
14496,"Recife, Brazil: Guararapes Gilberto Freyre International",NOT_FOUND,NO,INTERNATIONAL,INTERNATIONAL,UNKNOWN
14497,"Reedsville, PA: Mifflin County",NOT_FOUND,NO,NO_ICAO_CODE,NO_MATCH,UNKNOWN
14498,"Lubbock, TX: Reese AFB",KLBB,YES,ASOS_AVAILABLE,DIRECT_MATCH,HIGH
14499,"Reggio Calabria, Italy: Reggio Calabria Airport",NOT_FOUND,NO,NO_ICAO_CODE,INTERNATIONAL,UNKNOWN
14500,"Rehoboth, DE: Rehoboth Aircrafters",NOT_FOUND,NO,NO_ICAO_CODE,NO_MATCH,UNKNOWN
14501,"Reykjavik, Iceland: Reykjavik Metropolitan Area",NOT_FOUND,NO,NO_ICAO_CODE,INTERNATIONAL,UNKNOWN
14502,"Trelew, Argentina: Almirante Zar",NOT_FOUND,NO,NO_ICAO_CODE,INTERNATIONAL,UNKNOWN
14504,"Orenburg, Russia: Orenburg Airport",NOT_FOUND,NO,INTERNATIONAL,INTERNATIONAL,UNKNOWN
14505,"Siem Reap, Cambodia: Siem Reap International",NOT_FOUND,NO,NO_ICAO_CODE,INTERNATIONAL,UNKNOWN
14506,"Retalhuleu, Guatemala: Retalhuleu Airport",NOT_FOUND,NO,NO_ICAO_CODE,INTERNATIONAL,UNKNOWN
14507,"Resistencia, Argentina: Resistencia Airport",NOT_FOUND,NO,NO_ICAO_CODE,INTERNATIONAL,UNKNOWN
14508,"Rost, Norway: Rost Airport",NOT_FOUND,NO,NO_ICAO_CODE,INTERNATIONAL,UNKNOWN
14509,"Reus, Spain: Reus Airport",NOT_FOUND,NO,INTERNATIONAL,INTERNATIONAL,UNKNOWN
14510,"Reynosa, Mexico: Reynosa International",NOT_FOUND,NO,INTERNATIONAL,INTERNATIONAL,UNKNOWN
14511,"Reyes, Bolivia: Reyes Airport",NOT_FOUND,NO,NO_ICAO_CODE,INTERNATIONAL,UNKNOWN
14512,"Rockford, IL: Chicago/Rockford International",KORD,YES,ASOS_AVAILABLE,DIRECT_MATCH,HIGH
14513,"Raiatea, French Polynesia: Raiatea Uturoa",NOT_FOUND,NO,NO_ICAO_CODE,INTERNATIONAL,UNKNOWN
14514,"Rio Grande, Argentina: Rio Grande Airport",NOT_FOUND,NO,NO_ICAO_CODE,INTERNATIONAL,UNKNOWN
14515,"Tuamoto Islands, French Polynesia: Rangiroa",NOT_FOUND,NO,NO_ICAO_CODE,INTERNATIONAL,UNKNOWN
14516,"Rio Gallegos, Argentina: Rio Gallegos Airport",NOT_FOUND,NO,NO_ICAO_CODE,INTERNATIONAL,UNKNOWN
14517,"Yangon, Burma: Yangon International",NOT_FOUND,NO,NO_ICAO_CODE,INTERNATIONAL,UNKNOWN
14518,"Rengat, Indonesia: Japura",NOT_FOUND,NO,NO_ICAO_CODE,INTERNATIONAL,UNKNOWN
14519,"Reims, France: Champagne",NOT_FOUND,NO,INTERNATIONAL,INTERNATIONAL,UNKNOWN
14520,"Rhinelander, WI: Rhinelander/Oneida County",NOT_FOUND,NO,NO_ICAO_CODE,NO_MATCH,UNKNOWN
14521,"Rhodes, Greece: Diagoras",NOT_FOUND,NO,NO_ICAO_CODE,INTERNATIONAL,UNKNOWN
14522,"Santa Maria, Brazil: Santa Maria Airport",NOT_FOUND,NO,INTERNATIONAL,INTERNATIONAL,UNKNOWN
14523,"Riberalta, Bolivia: Cap Av Selin Zeitun Lopez",NOT_FOUND,NO,NO_ICAO_CODE,INTERNATIONAL,UNKNOWN
14524,RIC,KRIC,YES,ASOS_AVAILABLE,DIRECT_MATCH,HIGH
14525,"Richmond, IN: Richmond Municipal",KRIC,YES,ASOS_AVAILABLE,DIRECT_MATCH,HIGH
14526,"Rice Lake, WI: Rice Lake Airport",NOT_FOUND,NO,NO_ICAO_CODE,NO_MATCH,UNKNOWN
14527,"Richfield, UT: Richfield Municipal",NOT_FOUND,NO,NO_ICAO_CODE,NO_MATCH,UNKNOWN
14528,"Rio Grande, Brazil: Regional de Rio Grande",NOT_FOUND,NO,INTERNATIONAL,INTERNATIONAL,UNKNOWN
14529,"Rioja, Peru: Rioja Airport",NOT_FOUND,NO,NO_ICAO_CODE,INTERNATIONAL,UNKNOWN
14530,"Rifle, CO: Rifle Garfield County",NOT_FOUND,NO,NO_ICAO_CODE,NO_MATCH,UNKNOWN
14531,"Rio de Janeiro, Brazil: Rio de Janeiro Metropolitan Area",NOT_FOUND,NO,INTERNATIONAL,INTERNATIONAL,UNKNOWN
14532,"Riverside, CA: Flabob",NOT_FOUND,NO,NO_ICAO_CODE,NO_MATCH,UNKNOWN
14533,"Riverside, CA: March ARB",NOT_FOUND,NO,NO_ICAO_CODE,NO_MATCH,UNKNOWN
14534,"Riverton/Lander, WY: Central Wyoming Regional",NOT_FOUND,NO,NO_ICAO_CODE,NO_MATCH,UNKNOWN
14535,"Riga, Latvia: Riga International",NOT_FOUND,NO,NO_ICAO_CODE,INTERNATIONAL,UNKNOWN
14536,"Riyan Mukalla, Yemen: Mukalla International",NOT_FOUND,NO,NO_ICAO_CODE,INTERNATIONAL,UNKNOWN
14537,"Rijeka, Croatia: Rijeka Airport",NOT_FOUND,NO,NO_ICAO_CODE,INTERNATIONAL,UNKNOWN
14538,"Logrono, Spain: Logrono Airport",NOT_FOUND,NO,INTERNATIONAL,INTERNATIONAL,UNKNOWN
14539,"Rockland, ME: Knox County Regional",NOT_FOUND,NO,NO_ICAO_CODE,NO_MATCH,UNKNOWN
14540,"Copenhagen, Denmark: Roskilde",NOT_FOUND,NO,NO_ICAO_CODE,INTERNATIONAL,UNKNOWN
14541,"Rockport, TX: Aransas County",NOT_FOUND,NO,NO_ICAO_CODE,NO_MATCH,UNKNOWN
14542,"Poteau, OK: Robert S Kerr",NOT_FOUND,NO,NO_ICAO_CODE,NO_MATCH,UNKNOWN
14543,"Rock Springs, WY: Southwest Wyoming Regional",NOT_FOUND,NO,NO_ICAO_CODE,NO_MATCH,UNKNOWN
14544,"Ras Al Khaimah, United Arab Emirates: Ras Al Khaimah International",NOT_FOUND,NO,NO_ICAO_CODE,INTERNATIONAL,UNKNOWN
14545,"Reykjavik, Iceland: Reykjavik Airport",NOT_FOUND,NO,NO_ICAO_CODE,INTERNATIONAL,UNKNOWN
14546,"Rockwood, TN: Rockwood Municipal",NOT_FOUND,NO,NO_ICAO_CODE,NO_MATCH,UNKNOWN
14547,"Rolla, MO: Rolla Downtown",NOT_FOUND,NO,NO_ICAO_CODE,NO_MATCH,UNKNOWN
14548,"Richland, WA: Richland Airport",NOT_FOUND,NO,NO_ICAO_CODE,NO_MATCH,UNKNOWN
14549,"Rostock-Laage, Germany: Laage",NOT_FOUND,NO,INTERNATIONAL,INTERNATIONAL,UNKNOWN
14550,"Arlit, Niger: Arlit Airport",NOT_FOUND,NO,NO_ICAO_CODE,INTERNATIONAL,UNKNOWN
14551,"Bornite/Ruby Creek, AK: Bornite Upper",NOT_FOUND,NO,NO_ICAO_CODE,NO_MATCH,UNKNOWN
14552,"Roma, Australia: Roma Airport",NOT_FOUND,NO,INTERNATIONAL,INTERNATIONAL,UNKNOWN
14553,"Rome, NY: Griffiss International",NOT_FOUND,NO,NO_ICAO_CODE,NO_MATCH,UNKNOWN
14554,"Rome, GA: Richard B Russell Regional J H Towers Field",NOT_FOUND,NO,NO_ICAO_CODE,NO_MATCH,UNKNOWN
14555,"Rimini, Italy: Rimini Miramare",NOT_FOUND,NO,NO_ICAO_CODE,INTERNATIONAL,UNKNOWN
14556,"Colombo, Sri Lanka: Colombo International Ratmalana",NOT_FOUND,NO,NO_ICAO_CODE,INTERNATIONAL,UNKNOWN
14557,"Stafford, VA: Stafford Regional",NOT_FOUND,NO,NO_ICAO_CODE,NO_MATCH,UNKNOWN
14558,"Ormoc, Philippines: Ormoc Airport",NOT_FOUND,NO,NO_ICAO_CODE,INTERNATIONAL,UNKNOWN
14559,"Rampart, AK: Rampart Airport",NOT_FOUND,NO,NO_ICAO_CODE,NO_MATCH,UNKNOWN
14560,"Taichung, Taiwan: Taichung Ching Chuan Kang",NOT_FOUND,NO,NO_ICAO_CODE,INTERNATIONAL,UNKNOWN
14561,"Ramstein, Germany: Ramstein AB",NOT_FOUND,NO,INTERNATIONAL,INTERNATIONAL,UNKNOWN
14562,"Rimatara, French Polynesia: Rimatara Airport",NOT_FOUND,NO,NO_ICAO_CODE,INTERNATIONAL,UNKNOWN
14563,"Ronneby, Sweden: Ronneby Airport",NOT_FOUND,NO,NO_ICAO_CODE,INTERNATIONAL,UNKNOWN
14564,"McMinnville, TN: Warren County Memorial",NOT_FOUND,NO,NO_ICAO_CODE,NO_MATCH,UNKNOWN
14565,"San Antonio, TX: Randolph AFB",KSAN,YES,ASOS_AVAILABLE,DIRECT_MATCH,HIGH
14566,"Roanne, France: Roanne Airport",NOT_FOUND,NO,INTERNATIONAL,INTERNATIONAL,UNKNOWN
14567,"Rangely, CO: Rangely Airport",NOT_FOUND,NO,NO_ICAO_CODE,NO_MATCH,UNKNOWN
14568,"Corn Island, Nicaragua: Corn Island Airport",NOT_FOUND,NO,NO_ICAO_CODE,INTERNATIONAL,UNKNOWN
14569,"Ronne, Denmark: Bornholm Ronne",NOT_FOUND,NO,NO_ICAO_CODE,INTERNATIONAL,UNKNOWN
14570,"Reno, NV: Reno/Tahoe International",KRNO,YES,ASOS_AVAILABLE,DIRECT_MATCH,HIGH
14571,"Rennes, France: Rennes Saint Jacques",NOT_FOUND,NO,INTERNATIONAL,INTERNATIONAL,UNKNOWN
14572,"Renton, WA: Renton Municipal",NOT_FOUND,NO,NO_ICAO_CODE,NO_MATCH,UNKNOWN
14573,"Ranau, Malaysia: Ranau Airport",NOT_FOUND,NO,NO_ICAO_CODE,INTERNATIONAL,UNKNOWN
14574,"Roanoke, VA: Roanoke Blacksburg Regional",KROA,YES,ASOS_AVAILABLE,DIRECT_MATCH,HIGH
14575,"Monrovia, Liberia: Monrovia Roberts International",NOT_FOUND,NO,NO_ICAO_CODE,INTERNATIONAL,UNKNOWN
14576,"Rochester, NY: Frederick Douglass Grtr Rochester International",KROC,YES,ASOS_AVAILABLE,DIRECT_MATCH,HIGH
14577,"Rogers, AR: Rogers Executive Carter Field",NOT_FOUND,NO,NO_ICAO_CODE,NO_MATCH,UNKNOWN
14578,"Rockhampton, Australia: Rockhampton Airport",NOT_FOUND,NO,INTERNATIONAL,INTERNATIONAL,UNKNOWN
14579,"Roosevelt, UT: Roosevelt Municipal",NOT_FOUND,NO,NO_ICAO_CODE,NO_MATCH,UNKNOWN
14580,"Rome, Italy: Rome Metropolitan Area",NOT_FOUND,NO,NO_ICAO_CODE,INTERNATIONAL,UNKNOWN
14581,"Rondonopolis, Brazil: Maestro Marinho Franco",NOT_FOUND,NO,INTERNATIONAL,INTERNATIONAL,UNKNOWN
14582,"Rota, TT: Benjamin Taisacan Manglona International",NOT_FOUND,NO,NO_ICAO_CODE,NON_US_STATE,UNKNOWN
14583,"Koror, Palau: Palau International",NOT_FOUND,NO,NO_ICAO_CODE,NO_STATE_CODE,UNKNOWN
14584,"Rosario, Argentina: Rosario Airport",NOT_FOUND,NO,NO_ICAO_CODE,INTERNATIONAL,UNKNOWN
14585,"Rotorua, New Zealand: Rotorua Airport",NOT_FOUND,NO,NO_ICAO_CODE,INTERNATIONAL,UNKNOWN
14586,"Russe, Bulgaria: Bulg",NOT_FOUND,NO,NO_ICAO_CODE,INTERNATIONAL,UNKNOWN
14587,"Rostov, Russia: Rostov Airport",NOT_FOUND,NO,INTERNATIONAL,INTERNATIONAL,UNKNOWN
14588,"Roswell, NM: Roswell Air Center",NOT_FOUND,NO,NO_ICAO_CODE,NO_MATCH,UNKNOWN
14589,"Roseau, MN: Roseau Municipal/Rudy Billberg Field",NOT_FOUND,NO,NO_ICAO_CODE,NO_MATCH,UNKNOWN
14590,"Rosh-Pina, Israel: Izhak Ben Yaakov",NOT_FOUND,NO,NO_ICAO_CODE,INTERNATIONAL,UNKNOWN
14591,"Raipur, India: Swami Vivekananda",NOT_FOUND,NO,INTERNATIONAL,INTERNATIONAL,UNKNOWN
14592,"Roundup, MT: Roundup Airport",NOT_FOUND,NO,NO_ICAO_CODE,NO_MATCH,UNKNOWN
14593,"Lone Pine, CA: Lone Pine Death Valley",NOT_FOUND,NO,NO_ICAO_CODE,NO_MATCH,UNKNOWN
14594,"Atomic City, ID: Big Southern Butte",NOT_FOUND,NO,NO_ICAO_CODE,NO_MATCH,UNKNOWN
14595,"Harlowton, MT: Wheatland County at Harlowton",NOT_FOUND,NO,NO_ICAO_CODE,NO_MATCH,UNKNOWN
14596,"Mendota, CA: William Robert Johnston Municipal",NOT_FOUND,NO,NO_ICAO_CODE,NO_MATCH,UNKNOWN
14597,"Prosser, WA: Prosser Airport",NOT_FOUND,NO,NO_ICAO_CODE,NO_MATCH,UNKNOWN
14598,"Lincolnton, NC: Lincolnton-Lincoln County Regional",NOT_FOUND,NO,NO_ICAO_CODE,NO_MATCH,UNKNOWN
14599,"Covington, TN: Covington Municipal",NOT_FOUND,NO,NO_ICAO_CODE,NO_MATCH,UNKNOWN
14600,"Perkasie, PA: Pennridge",NOT_FOUND,NO,NO_ICAO_CODE,NO_MATCH,UNKNOWN
14601,"Nixon Fork Mine, AK: Nixon Fork Mine Airport",NOT_FOUND,NO,PRIVATE/SPECIAL_USE,NO_MATCH,UNKNOWN
14602,"Jafr, Jordan: King Feisal AB",NOT_FOUND,NO,NO_ICAO_CODE,INTERNATIONAL,UNKNOWN
14603,"China Lake, CA: China Lake Naws",NOT_FOUND,NO,INTERNATIONAL,INTERNATIONAL,UNKNOWN
14604,"Lowell, IN: Lowell Airport",NOT_FOUND,NO,NO_ICAO_CODE,NO_MATCH,UNKNOWN
14605,"Sterling, MA: Sterling Airport",NOT_FOUND,NO,NO_ICAO_CODE,NO_MATCH,UNKNOWN
14606,"Cave Junction, OR: Illinois Valley",NOT_FOUND,NO,NO_ICAO_CODE,NO_MATCH,UNKNOWN
14607,"Seneca, NY: Seneca AAF",NOT_FOUND,NO,NO_ICAO_CODE,NO_MATCH,UNKNOWN
14608,"Lovington, NM: Lea County-Zip Franklin Memorial",NOT_FOUND,NO,NO_ICAO_CODE,NO_MATCH,UNKNOWN
14609,"Woodland, CA: Watts/Woodland",NOT_FOUND,NO,NO_ICAO_CODE,NO_MATCH,UNKNOWN
14610,"Harbor Springs, MI: Harbor Springs Airport",NOT_FOUND,NO,NO_ICAO_CODE,NO_MATCH,UNKNOWN
14611,"Springwater, Canada: Springwater Barrie Airpark",NOT_FOUND,NO,INTERNATIONAL,INTERNATIONAL,UNKNOWN
14612,"Lubbock, TX: Lubbock Executive Airpark",KLBB,YES,ASOS_AVAILABLE,DIRECT_MATCH,HIGH
14613,"Wasco, CA: Wasco-Kern County",NOT_FOUND,NO,NO_ICAO_CODE,NO_MATCH,UNKNOWN
14614,"Salt Lake City, UT: South Valley Regional",KSLC,YES,ASOS_AVAILABLE,DIRECT_MATCH,HIGH
14615,"Parowan, UT: Parowan Airport",NOT_FOUND,NO,NO_ICAO_CODE,NO_MATCH,UNKNOWN
14616,"Burlington, CO: Kit Carson County",KBTV,YES,ASOS_AVAILABLE,DIRECT_MATCH,HIGH
14617,"Comanche, TX: Comanche County-City",NOT_FOUND,NO,NO_ICAO_CODE,INTERNATIONAL,UNKNOWN
14618,"Mary Esther, FL: Hurlburt Field",NOT_FOUND,NO,NO_ICAO_CODE,NO_MATCH,UNKNOWN
14620,"Rodrigues Island, Mauritius: Plaine Corail",NOT_FOUND,NO,NO_ICAO_CODE,INTERNATIONAL,UNKNOWN
14621,"Rourkela, India: Rourkela Airport",NOT_FOUND,NO,INTERNATIONAL,INTERNATIONAL,UNKNOWN
14622,"Roros, Norway: Roros Airport",NOT_FOUND,NO,NO_ICAO_CODE,INTERNATIONAL,UNKNOWN
14623,"Warroad, MN: Warroad International Memorial",NOT_FOUND,NO,NO_ICAO_CODE,NO_MATCH,UNKNOWN
14624,"Santa Rosa, Argentina: Santa Rosa Airport",NOT_FOUND,NO,NO_ICAO_CODE,INTERNATIONAL,UNKNOWN
14625,"Skulte, U.S.S.R.: Skulte Airport",NOT_FOUND,NO,NO_ICAO_CODE,NO_STATE_CODE,UNKNOWN
14626,"Rock Sound, The Bahamas: Rock Sound Airport",NOT_FOUND,NO,NO_ICAO_CODE,INTERNATIONAL,UNKNOWN
14627,"Russian Mission, AK: Russian Mission Airport",NOT_FOUND,NO,INTERNATIONAL,INTERNATIONAL,UNKNOWN
14628,"Rosario, WA: Rosario Seaplane Base",NOT_FOUND,NO,PRIVATE/SPECIAL_USE,NO_MATCH,UNKNOWN
14629,"Russell, KS: Russell Municipal",NOT_FOUND,NO,NO_ICAO_CODE,NO_MATCH,UNKNOWN
14630,"Ruston, LA: Ruston Regional",NOT_FOUND,NO,NO_ICAO_CODE,NO_MATCH,UNKNOWN
14631,"Raspberry Strait, AK: Raspberry Straits",NOT_FOUND,NO,NO_ICAO_CODE,NO_MATCH,UNKNOWN
14632,"Roseires, Sudan: Roseires Airport",NOT_FOUND,NO,NO_ICAO_CODE,INTERNATIONAL,UNKNOWN
14633,"Rochester, MN: Rochester International",KROC,YES,ASOS_AVAILABLE,DIRECT_MATCH,HIGH
14634,"Yosu, South Korea: Yeosu",NOT_FOUND,NO,INTERNATIONAL,INTERNATIONAL,UNKNOWN
14635,"Fort Myers, FL: Southwest Florida International",KRSW,YES,ASOS_AVAILABLE,DIRECT_MATCH,HIGH
14636,"Rotuma, Fiji: Rotuma Airport",NOT_FOUND,NO,NO_ICAO_CODE,INTERNATIONAL,UNKNOWN
14637,"Roatan Island, Honduras: Juan Manuel Galvez International",NOT_FOUND,NO,NO_ICAO_CODE,INTERNATIONAL,UNKNOWN
14638,"Marguerite Bay, AK: Marguerite Bay Airport",NOT_FOUND,NO,NO_ICAO_CODE,NO_MATCH,UNKNOWN
14639,"Rotterdam, Netherlands: Rotterdam Airport",NOT_FOUND,NO,NO_ICAO_CODE,INTERNATIONAL,UNKNOWN
14640,"Raton, NM: Raton Municipal/Crews Field",NOT_FOUND,NO,NO_ICAO_CODE,NO_MATCH,UNKNOWN
14641,"Colton, CA: Morrow Field",NOT_FOUND,NO,NO_ICAO_CODE,NO_MATCH,UNKNOWN
14642,"Rottnest Island, Australia: Rottnest Island Airport",NOT_FOUND,NO,INTERNATIONAL,INTERNATIONAL,UNKNOWN
14643,"Keperveyem, Russia: Keperveyem Airport",NOT_FOUND,NO,INTERNATIONAL,INTERNATIONAL,UNKNOWN
14644,"Ramenskoye, Russia: Ramenskoye Airport",NOT_FOUND,NO,INTERNATIONAL,INTERNATIONAL,UNKNOWN
14645,"Riyadh, Saudi Arabia: King Khalid International",NOT_FOUND,NO,NO_ICAO_CODE,INTERNATIONAL,UNKNOWN
14646,"Ruidoso, NM: Sierra Blanca Regional",NOT_FOUND,NO,NO_ICAO_CODE,NO_MATCH,UNKNOWN
14647,"Reunion Island, Reunion: La Reunion Roland Garros",NOT_FOUND,NO,NO_ICAO_CODE,NO_STATE_CODE,UNKNOWN
14648,"Rutland, VT: Rutland - Southern Vermont Regional",NOT_FOUND,NO,NO_ICAO_CODE,NO_MATCH,UNKNOWN
14649,"Rubelsanto, Guatemala: Rubelsanto Airport",NOT_FOUND,NO,NO_ICAO_CODE,INTERNATIONAL,UNKNOWN
14651,"Farafangana, Madagascar: Farafangana Airport",NOT_FOUND,NO,NO_ICAO_CODE,INTERNATIONAL,UNKNOWN
14652,"Rovaniemi, Finland: Rovaniemi Airport",NOT_FOUND,NO,NO_ICAO_CODE,INTERNATIONAL,UNKNOWN
14653,"Tulsa, OK: Tulsa Riverside",KTUL,YES,ASOS_AVAILABLE,DIRECT_MATCH,HIGH
14654,"Rivera, Uruguay: Cerro Chapeu",NOT_FOUND,NO,NO_ICAO_CODE,INTERNATIONAL,UNKNOWN
14655,"Rowan Bay, AK: Rowan Bay Airport",NOT_FOUND,NO,NO_ICAO_CODE,NO_MATCH,UNKNOWN
14656,"Rocky Mount, NC: Rocky Mount-Wilson Regional",NOT_FOUND,NO,NO_ICAO_CODE,NO_MATCH,UNKNOWN
14657,"Rawlins, WY: Rawlins Municipal/Harvey Field",NOT_FOUND,NO,NO_ICAO_CODE,NO_MATCH,UNKNOWN
14658,"Rodman Bay, AK: Rodman Bay Airport",NOT_FOUND,NO,NO_ICAO_CODE,NO_MATCH,UNKNOWN
14659,"Roxas City, Philippines: Roxas",NOT_FOUND,NO,NO_ICAO_CODE,INTERNATIONAL,UNKNOWN
14660,"Greeley, CO: Weld County Municipal",NOT_FOUND,NO,NO_ICAO_CODE,NO_MATCH,UNKNOWN
14661,"Moss, Norway: Rygge",NOT_FOUND,NO,NO_ICAO_CODE,INTERNATIONAL,UNKNOWN
14662,"Rahim Yar Khan, Pakistan: Sheikh Zayed International",NOT_FOUND,NO,NO_ICAO_CODE,INTERNATIONAL,UNKNOWN
14663,"Santa Cruz, Argentina: Santa Cruz Airport",NOT_FOUND,NO,NO_ICAO_CODE,INTERNATIONAL,UNKNOWN
14664,"Rzeszow, Poland: Jasionka",NOT_FOUND,NO,NO_ICAO_CODE,INTERNATIONAL,UNKNOWN
14665,"Ramsar, Iran: Ramsar Airport",NOT_FOUND,NO,NO_ICAO_CODE,INTERNATIONAL,UNKNOWN
14666,"Sawan, Pakistan: Sawan Airport",NOT_FOUND,NO,NO_ICAO_CODE,INTERNATIONAL,UNKNOWN
14668,"Roanoke Rapids, NC: Halifax Northampton Regional",KROA,YES,ASOS_AVAILABLE,DIRECT_MATCH,HIGH
14669,"Kalispell, MT: Kalispell City",NOT_FOUND,NO,NO_ICAO_CODE,NO_MATCH,UNKNOWN
14670,"Saratoga, WY: Shively Field",NOT_FOUND,NO,NO_ICAO_CODE,NO_MATCH,UNKNOWN
14671,"Saba, Bonaire, Sint Eustatius, and Saba: Juancho E. Yrausquin",NOT_FOUND,NO,NO_ICAO_CODE,NO_STATE_CODE,UNKNOWN
14672,"Sacramento, CA: Sacramento Executive",KSMF,YES,ASOS_AVAILABLE,DIRECT_MATCH,HIGH
14673,"Safford, AZ: Safford Regional1lt Duane Spalsbury Field",NOT_FOUND,NO,NO_ICAO_CODE,NO_MATCH,UNKNOWN
14674,"Santa Fe, NM: Santa Fe Regional",NOT_FOUND,NO,NO_ICAO_CODE,NO_MATCH,UNKNOWN
14675,"Sagwon, AK: Sagwon Airport",NOT_FOUND,NO,NO_ICAO_CODE,NO_MATCH,UNKNOWN
14676,"Sana'a, Yemen: Sana'a International",NOT_FOUND,NO,NO_ICAO_CODE,INTERNATIONAL,UNKNOWN
14677,"San Salvador, El Salvador: San Oscar A Romero and Galdamez International",NOT_FOUND,NO,NO_ICAO_CODE,INTERNATIONAL,UNKNOWN
14678,"Salamo, Papua New Guinea: Salamo Airport",NOT_FOUND,NO,NO_ICAO_CODE,INTERNATIONAL,UNKNOWN
14679,SAN,KSAN,YES,ASOS_AVAILABLE,DIRECT_MATCH,HIGH
14680,"Sao Paulo, Brazil: Sao Paulo Metropolitan Area",NOT_FOUND,NO,INTERNATIONAL,INTERNATIONAL,UNKNOWN
14681,"San Pedro Sula, Honduras: Ramon Villeda Morales International",NOT_FOUND,NO,NO_ICAO_CODE,INTERNATIONAL,UNKNOWN
14682,"San Andros, The Bahamas: San Andros Airport",NOT_FOUND,NO,NO_ICAO_CODE,INTERNATIONAL,UNKNOWN
14683,SAT,KSAN,YES,ASOS_AVAILABLE,DIRECT_MATCH,HIGH
14684,"Sabu, Indonesia: Tardamu",NOT_FOUND,NO,NO_ICAO_CODE,INTERNATIONAL,UNKNOWN
14685,"Savannah, GA: Savannah/Hilton Head International",KSAV,YES,ASOS_AVAILABLE,DIRECT_MATCH,HIGH
14686,"Istanbul, Turkey: Sabiha Gokcen",NOT_FOUND,NO,NO_ICAO_CODE,INTERNATIONAL,UNKNOWN
14687,"Sambu, Panama: Sambu Airport",NOT_FOUND,NO,NO_ICAO_CODE,INTERNATIONAL,UNKNOWN
14688,"Sienna, Italy: Ampugnano",NOT_FOUND,NO,NO_ICAO_CODE,INTERNATIONAL,UNKNOWN
14689,"Santa Barbara, CA: Santa Barbara Municipal",KSBA,YES,ASOS_AVAILABLE,DIRECT_MATCH,HIGH
14690,"Selbang, Papua New Guinea: Selbang Airport",NOT_FOUND,NO,NO_ICAO_CODE,INTERNATIONAL,UNKNOWN
14691,"San Bernardino, CA: San Bernardino International",KSAN,YES,ASOS_AVAILABLE,DIRECT_MATCH,HIGH
14692,"Saint Barthelemy, Saint Barthelemy: Saint Barthelemy Airport",NOT_FOUND,NO,NO_ICAO_CODE,NO_STATE_CODE,UNKNOWN
14693,"St. Brieuc, France: St. Brieuc Airport",NOT_FOUND,NO,INTERNATIONAL,INTERNATIONAL,UNKNOWN
14694,"Santa Ana, Bolivia: Santa Ana del Yacuma",NOT_FOUND,NO,NO_ICAO_CODE,INTERNATIONAL,UNKNOWN
14695,"Sheboygan, WI: Sheboygan County Memorial International",NOT_FOUND,NO,NO_ICAO_CODE,NO_MATCH,UNKNOWN
14696,"South Bend, IN: South Bend International",KBND,YES,ASOS_AVAILABLE,DIRECT_MATCH,HIGH
14697,"Salina, UT: Salina-Gunnison",NOT_FOUND,NO,NO_ICAO_CODE,NO_MATCH,UNKNOWN
14698,"San Luis Obispo, CA: San Luis Obispo County Regional",KSAN,YES,ASOS_AVAILABLE,DIRECT_MATCH,HIGH
14699,"Steamboat Springs, CO: Steamboat Springs/Bob Adams Field",NOT_FOUND,NO,NO_ICAO_CODE,NO_MATCH,UNKNOWN
14700,"San Bernardino, CA: Tri-City",KSAN,YES,ASOS_AVAILABLE,DIRECT_MATCH,HIGH
14701,"Springbok, South Africa: Springbok Airport",NOT_FOUND,NO,NO_ICAO_CODE,INTERNATIONAL,UNKNOWN
14702,"South Boston, VA: William M Tuck",KBOS,YES,ASOS_AVAILABLE,DIRECT_MATCH,HIGH
14703,"Sibu, Malaysia: Sibu Airport",NOT_FOUND,NO,NO_ICAO_CODE,INTERNATIONAL,UNKNOWN
14704,"Salisbury, MD: Salisbury-Ocean City/Wicomico Regional",NOT_FOUND,NO,NO_ICAO_CODE,NO_MATCH,UNKNOWN
14705,"Sibiu, Romania: Sibiu Airport",NOT_FOUND,NO,NO_ICAO_CODE,INTERNATIONAL,UNKNOWN
14706,"Beaufort, SC: Beaufort MCAS",NOT_FOUND,NO,NO_ICAO_CODE,NO_MATCH,UNKNOWN
14707,"Winnsboro, SC: Fairfield County",NOT_FOUND,NO,NO_ICAO_CODE,NO_MATCH,UNKNOWN
14708,"Conway, SC: Conway-Horry County",NOT_FOUND,NO,NO_ICAO_CODE,NO_MATCH,UNKNOWN
14709,"Deadhorse, AK: Deadhorse Airport",PASC,YES,ASOS_AVAILABLE,DIRECT_MATCH,HIGH
14711,"State College, PA: State College Regional",NOT_FOUND,NO,NO_ICAO_CODE,NO_MATCH,UNKNOWN
14712,"Phoenix, AZ: Scottsdale",KPHX,YES,ASOS_AVAILABLE,DIRECT_MATCH,HIGH
14713,"Schenectady, NY: Schenectady County",NOT_FOUND,NO,NO_ICAO_CODE,NO_MATCH,UNKNOWN
14714,"San Cristobal, Venezuela: San Cristobal Airport",NOT_FOUND,NO,NO_ICAO_CODE,INTERNATIONAL,UNKNOWN
14715,"Smith Cove, AK: Smith Cove Airport",NOT_FOUND,NO,NO_ICAO_CODE,NO_MATCH,UNKNOWN
14716,"Stockton, CA: Stockton Metro",NOT_FOUND,NO,NO_ICAO_CODE,NO_MATCH,UNKNOWN
14717,"Santiago, Chile: Arturo Merino Benitez International",NOT_FOUND,NO,NO_ICAO_CODE,INTERNATIONAL,UNKNOWN
14718,"Scammon Bay, AK: Scammon Bay Airport",NOT_FOUND,NO,NO_ICAO_CODE,NO_MATCH,UNKNOWN
14719,"Saarbrucken, Germany: Saarbruecken",NOT_FOUND,NO,INTERNATIONAL,INTERNATIONAL,UNKNOWN
14720,"Aktau, Kazakhstan: Shevchenko",NOT_FOUND,NO,NO_ICAO_CODE,INTERNATIONAL,UNKNOWN
14721,"Santiago de Compostela, Spain: Santiago",NOT_FOUND,NO,INTERNATIONAL,INTERNATIONAL,UNKNOWN
14722,"Santiago, Cuba: Antonio Maceo International",NOT_FOUND,NO,NO_ICAO_CODE,NO_STATE_CODE,UNKNOWN
14723,"Suceava, Romania: Suceava Airport",NOT_FOUND,NO,NO_ICAO_CODE,INTERNATIONAL,UNKNOWN
14724,"Salina Cruz, Mexico: Nas Salina Cruz",NOT_FOUND,NO,INTERNATIONAL,INTERNATIONAL,UNKNOWN
14725,"San Cristobal, Ecuador: San Cristobal Airport",NOT_FOUND,NO,NO_ICAO_CODE,INTERNATIONAL,UNKNOWN
14726,"Onida, SD: Onida Municipal",NOT_FOUND,NO,NO_ICAO_CODE,NO_MATCH,UNKNOWN
14727,"Baghdad, Iraq: Baghdad International",NOT_FOUND,NO,NO_ICAO_CODE,INTERNATIONAL,UNKNOWN
14728,"Lubango, Angola: Lubango Airport",NOT_FOUND,NO,NO_ICAO_CODE,INTERNATIONAL,UNKNOWN
14729,"Santiago del Estero, Argentina: Santiago del Estero Airport",NOT_FOUND,NO,NO_ICAO_CODE,INTERNATIONAL,UNKNOWN
14730,"Louisville, KY: Louisville Muhammad Ali International",KSDF,YES,ASOS_AVAILABLE,DIRECT_MATCH,HIGH
14732,"Santa Rosa de Copan, Honduras: Santa Rosa de Copan Airport",NOT_FOUND,NO,NO_ICAO_CODE,INTERNATIONAL,UNKNOWN
14733,"Sendai, Japan: Sendai Airport",NOT_FOUND,NO,INTERNATIONAL,INTERNATIONAL,UNKNOWN
14734,"Sandakan, Malaysia: Sandakan Airport",NOT_FOUND,NO,NO_ICAO_CODE,INTERNATIONAL,UNKNOWN
14735,"Sundsvall, Sweden: Sundsvall Timra",NOT_FOUND,NO,NO_ICAO_CODE,INTERNATIONAL,UNKNOWN
14736,"San Diego, CA: Brown Field Municipal",KSAN,YES,ASOS_AVAILABLE,DIRECT_MATCH,HIGH
14737,"Anda, Norway: Sandane",NOT_FOUND,NO,NO_ICAO_CODE,INTERNATIONAL,UNKNOWN
14738,"Sandpoint, AK: Sand Point",NOT_FOUND,NO,NO_ICAO_CODE,NO_MATCH,UNKNOWN
14739,"Santo Domingo, Dominican Republic: De Las Americas International",NOT_FOUND,NO,NO_ICAO_CODE,INTERNATIONAL,UNKNOWN
14740,"Santander, Spain: Santander Airport",NOT_FOUND,NO,INTERNATIONAL,INTERNATIONAL,UNKNOWN
14741,"Saidu Sharif, Pakistan: Saidu Sharif Airport",NOT_FOUND,NO,NO_ICAO_CODE,INTERNATIONAL,UNKNOWN
14742,"Rio de Janeiro, Brazil: Santos Dumont",NOT_FOUND,NO,INTERNATIONAL,INTERNATIONAL,UNKNOWN
14743,"Tel Aviv, Israel: Sde Dov",NOT_FOUND,NO,NO_ICAO_CODE,INTERNATIONAL,UNKNOWN
14744,"Sedona, AZ: Sedona Airport",NOT_FOUND,NO,NO_ICAO_CODE,NO_MATCH,UNKNOWN
14745,"Sidney, MT: Sidney Richland Regional",NOT_FOUND,NO,NO_ICAO_CODE,NO_MATCH,UNKNOWN
14746,"Solleftea, Sweden: Solleftea Airport",NOT_FOUND,NO,NO_ICAO_CODE,INTERNATIONAL,UNKNOWN
14747,"Seattle, WA: Seattle/Tacoma International",KSEA,YES,ASOS_AVAILABLE,DIRECT_MATCH,HIGH
14748,"Sebha, Libya: Sebha Airport",NOT_FOUND,NO,NO_ICAO_CODE,NO_STATE_CODE,UNKNOWN
14749,"San Diego, CA: Gillespie Field",KSAN,YES,ASOS_AVAILABLE,DIRECT_MATCH,HIGH
14750,"Sebring, FL: Sebring Regional",NOT_FOUND,NO,NO_ICAO_CODE,NO_MATCH,UNKNOWN
14751,"Selinsgrove, PA: Penn Valley",NOT_FOUND,NO,NO_ICAO_CODE,NO_MATCH,UNKNOWN
14752,"Seoul, South Korea: Kimpo International/Seoul Metropolitan Area",NOT_FOUND,NO,INTERNATIONAL,INTERNATIONAL,UNKNOWN
14753,"Selma, AL: Craig Field",NOT_FOUND,NO,NO_ICAO_CODE,NO_MATCH,UNKNOWN
14754,"Southend-On-Sea, United Kingdom: Southend",NOT_FOUND,NO,INTERNATIONAL,INTERNATIONAL,UNKNOWN
14755,"Sungai Pakning, Indonesia: Sungai Pakning Airport",NOT_FOUND,NO,NO_ICAO_CODE,INTERNATIONAL,UNKNOWN
14756,"Seymour, IN: Freeman Municipal",NOT_FOUND,NO,NO_ICAO_CODE,NO_MATCH,UNKNOWN
14757,"Selma, AL: Selfield",NOT_FOUND,NO,NO_ICAO_CODE,NO_MATCH,UNKNOWN
14758,"Selibaby, Mauritania: Selibaby Airport",NOT_FOUND,NO,NO_ICAO_CODE,NO_STATE_CODE,UNKNOWN
14759,"Mahe Islands, Seychelles: Seychelles International",NOT_FOUND,NO,NO_ICAO_CODE,INTERNATIONAL,UNKNOWN
14760,"Sfax, Tunisia: El Maou",NOT_FOUND,NO,NO_ICAO_CODE,INTERNATIONAL,UNKNOWN
14761,"Sanford, FL: Orlando Sanford International",KMCO,YES,ASOS_AVAILABLE,DIRECT_MATCH,HIGH
14762,"Saint Francois, Guadeloupe: Saint Francois Airport",NOT_FOUND,NO,NO_ICAO_CODE,NO_STATE_CODE,UNKNOWN
14763,"San Fernando, Venezuela: Las Flecheras",NOT_FOUND,NO,NO_ICAO_CODE,INTERNATIONAL,UNKNOWN
14764,"Spokane, WA: Felts Field",KGEG,YES,ASOS_AVAILABLE,DIRECT_MATCH,HIGH
14765,"Grand Case, Saint Martin: L'Esperance",NOT_FOUND,NO,NO_ICAO_CODE,NO_STATE_CODE,UNKNOWN
14766,"San Felipe, Mexico: San Felipe International",NOT_FOUND,NO,INTERNATIONAL,INTERNATIONAL,UNKNOWN
14767,"Sondre Stromfjord, Greenland: Sondrestrom Air Base",NOT_FOUND,NO,NO_ICAO_CODE,INTERNATIONAL,UNKNOWN
14768,"Sao Filipe, Cape Verde: Sao Filipe Airport",NOT_FOUND,NO,NO_ICAO_CODE,INTERNATIONAL,UNKNOWN
14769,"Sanford, ME: Sanford Seacoast Regional",NOT_FOUND,NO,NO_ICAO_CODE,NO_MATCH,UNKNOWN
14770,"Santa Fe, Argentina: Sauce Viejo",NOT_FOUND,NO,NO_ICAO_CODE,INTERNATIONAL,UNKNOWN
14771,SFO,KSFO,YES,ASOS_AVAILABLE,DIRECT_MATCH,HIGH
14772,"Surfers Paradise, Australia: Surfers Paradise Airport",NOT_FOUND,NO,INTERNATIONAL,INTERNATIONAL,UNKNOWN
14773,"Sanliurfa, Turkey: Sanliurfa Airport",NOT_FOUND,NO,NO_ICAO_CODE,INTERNATIONAL,UNKNOWN
14774,"Subic Bay, Philippines: Subic Bay International",NOT_FOUND,NO,NO_ICAO_CODE,INTERNATIONAL,UNKNOWN
14775,"Skelleftea, Sweden: Skelleftea Airport",NOT_FOUND,NO,NO_ICAO_CODE,INTERNATIONAL,UNKNOWN
14776,"Safia, Papua New Guinea: Safia Airport",NOT_FOUND,NO,NO_ICAO_CODE,INTERNATIONAL,UNKNOWN
14777,"Santa Fe, Panama: Santa Fe Airport",NOT_FOUND,NO,NO_ICAO_CODE,INTERNATIONAL,UNKNOWN
14778,"Smithfield, RI: North Central State",NOT_FOUND,NO,NO_ICAO_CODE,NO_MATCH,UNKNOWN
14779,"Singaua, Papua New Guinea: Singaua Airport",NOT_FOUND,NO,NO_ICAO_CODE,INTERNATIONAL,UNKNOWN
14780,"Surgut, Russia: Surgut Airport",NOT_FOUND,NO,INTERNATIONAL,INTERNATIONAL,UNKNOWN
14781,"Sonderborg, Denmark: Sonderborg Airport",NOT_FOUND,NO,NO_ICAO_CODE,INTERNATIONAL,UNKNOWN
14782,"Siegen, Germany: Siegerland",NOT_FOUND,NO,INTERNATIONAL,INTERNATIONAL,UNKNOWN
14783,"Springfield, MO: Springfield-Branson National",NOT_FOUND,NO,NO_ICAO_CODE,NO_MATCH,UNKNOWN
14784,"Simanggang, Malaysia: Simanggang Airport",NOT_FOUND,NO,NO_ICAO_CODE,INTERNATIONAL,UNKNOWN
14785,"Springfield, OH: Springfield-Beckley Municipal",NOT_FOUND,NO,NO_ICAO_CODE,NO_MATCH,UNKNOWN
14786,"Sagarai, Papua New Guinea: Sagarai Airport",NOT_FOUND,NO,NO_ICAO_CODE,INTERNATIONAL,UNKNOWN
14788,"San Ignacio, Mexico: San Ignacio Airport",NOT_FOUND,NO,INTERNATIONAL,INTERNATIONAL,UNKNOWN
14789,"Ho Chi Minh City, Vietnam: Tan Son Nhat International",NOT_FOUND,NO,NO_ICAO_CODE,INTERNATIONAL,UNKNOWN
14790,"St. George, Australia: Saint George",NOT_FOUND,NO,INTERNATIONAL,INTERNATIONAL,UNKNOWN
14791,"Shay Gap, Australia: Shay Gap Airport",NOT_FOUND,NO,INTERNATIONAL,INTERNATIONAL,UNKNOWN
14792,"Sugar Land, TX: Sugar Land Regional",NOT_FOUND,NO,NO_ICAO_CODE,NO_MATCH,UNKNOWN
14793,"Stuttgart, AR: Stuttgart Municipal Carl Humphrey Field",NOT_FOUND,NO,NO_ICAO_CODE,NO_MATCH,UNKNOWN
14794,"St. George, UT: St George Regional",NOT_FOUND,NO,NO_ICAO_CODE,NO_MATCH,UNKNOWN
14795,"Saginaw Bay, AK: Saginaw",NOT_FOUND,NO,NO_ICAO_CODE,NO_MATCH,UNKNOWN
14796,"Songea, Tanzania: Songea Airport",NOT_FOUND,NO,NO_ICAO_CODE,INTERNATIONAL,UNKNOWN
14797,"Skagway, AK: Skagway Airport",NOT_FOUND,NO,NO_ICAO_CODE,NO_MATCH,UNKNOWN
14798,"Singora, Thailand: Songkhla",NOT_FOUND,NO,NO_ICAO_CODE,INTERNATIONAL,UNKNOWN
14799,"Shanghai, China: Hongqiao International",NOT_FOUND,NO,INTERNATIONAL,INTERNATIONAL,UNKNOWN
14800,"Nakashibetsu, Japan: Nakashibetsu Airport",NOT_FOUND,NO,INTERNATIONAL,INTERNATIONAL,UNKNOWN
14801,"Shire Indasilase, Ethiopia: Shire Major General Haelom",NOT_FOUND,NO,NO_ICAO_CODE,INTERNATIONAL,UNKNOWN
14802,"Staunton, VA: Shenandoah Valley Regional",NOT_FOUND,NO,NO_ICAO_CODE,NO_MATCH,UNKNOWN
14803,"Shenyang, China: Taoxian",NOT_FOUND,NO,INTERNATIONAL,INTERNATIONAL,UNKNOWN
14804,"Shungnak, AK: Shungnak Airport",NOT_FOUND,NO,NO_ICAO_CODE,NO_MATCH,UNKNOWN
14805,"Shishmaref, AK: Shishmaref Airport",NOT_FOUND,NO,NO_ICAO_CODE,NO_MATCH,UNKNOWN
14806,"Shimojishima, Japan: Shimojishima Airport",NOT_FOUND,NO,INTERNATIONAL,INTERNATIONAL,UNKNOWN
14807,"Sharjah, United Arab Emirates: Sharjah International",NOT_FOUND,NO,NO_ICAO_CODE,INTERNATIONAL,UNKNOWN
14808,"Shillong, India: Barapani",NOT_FOUND,NO,INTERNATIONAL,INTERNATIONAL,UNKNOWN
14809,"Nanki Shirahama, Japan: Nanki Shirahama Airport",NOT_FOUND,NO,INTERNATIONAL,INTERNATIONAL,UNKNOWN
14810,"Shelton, WA: Sanderson Field",NOT_FOUND,NO,NO_ICAO_CODE,NO_MATCH,UNKNOWN
14811,"Sokcho, South Korea: G 407",NOT_FOUND,NO,INTERNATIONAL,INTERNATIONAL,UNKNOWN
14812,"Sheridan, WY: Sheridan County",NOT_FOUND,NO,NO_ICAO_CODE,NO_MATCH,UNKNOWN
14813,"Smith Point, Australia: Smith Point Airport",NOT_FOUND,NO,INTERNATIONAL,INTERNATIONAL,UNKNOWN
14814,"Shreveport, LA: Shreveport Regional",KSHV,YES,ASOS_AVAILABLE,DIRECT_MATCH,HIGH
14815,"Sharurah, Saudi Arabia: Sharurah Airport",NOT_FOUND,NO,NO_ICAO_CODE,INTERNATIONAL,UNKNOWN
14816,"Shageluk, AK: Shageluk Airport",NOT_FOUND,NO,NO_ICAO_CODE,NO_MATCH,UNKNOWN
14817,"Xi'an, China: Xi'an Xiguan",NOT_FOUND,NO,INTERNATIONAL,INTERNATIONAL,UNKNOWN
14818,"Sal Island, Cape Verde: Amilcar Cabral International",NOT_FOUND,NO,NO_ICAO_CODE,INTERNATIONAL,UNKNOWN
14819,"San Juan, PR: Isla Grande",KSAN,YES,ASOS_AVAILABLE,DIRECT_MATCH,HIGH
14820,"Silgadi Doti, Nepal: Silgadi Doti Airport",NOT_FOUND,NO,NO_ICAO_CODE,INTERNATIONAL,UNKNOWN
14821,"Sidi Ifni, Morocco: Sidi Ifni Airport",NOT_FOUND,NO,NO_ICAO_CODE,INTERNATIONAL,UNKNOWN
14822,"Sikeston, MO: Sikeston Memorial Municipal",NOT_FOUND,NO,NO_ICAO_CODE,NO_MATCH,UNKNOWN
14823,"Simbai, Papua New Guinea: Simbai Airport",NOT_FOUND,NO,NO_ICAO_CODE,INTERNATIONAL,UNKNOWN
14824,"Singapore, Singapore: Singapore Changi International",NOT_FOUND,NO,NO_ICAO_CODE,INTERNATIONAL,UNKNOWN
14825,"Smithton, Australia: Smithton Airport",NOT_FOUND,NO,INTERNATIONAL,INTERNATIONAL,UNKNOWN
14826,"Simferopol, Ukraine: Simferopol International",NOT_FOUND,NO,NO_ICAO_CODE,INTERNATIONAL,UNKNOWN
14827,"Sishen, South Africa: Sishen Airport",NOT_FOUND,NO,NO_ICAO_CODE,INTERNATIONAL,UNKNOWN
14828,"Sitka, AK: Sitka Rocky Gutierrez",PASI,YES,ASOS_AVAILABLE,DIRECT_MATCH,HIGH
14829,"Siuna, Nicaragua: Siuna Airport",NOT_FOUND,NO,NO_ICAO_CODE,INTERNATIONAL,UNKNOWN
14830,"Montague, CA: Siskiyou County",NOT_FOUND,NO,NO_ICAO_CODE,NO_MATCH,UNKNOWN
14831,SJC,KSAN,YES,ASOS_AVAILABLE,DIRECT_MATCH,HIGH
14832,"San Jose del Cabo, Mexico: San Jose del Cabo International",NOT_FOUND,NO,INTERNATIONAL,INTERNATIONAL,UNKNOWN
14833,"St. John, VI: St. John Airport",NOT_FOUND,NO,NO_ICAO_CODE,NO_MATCH,UNKNOWN
14834,"San Jose, Philippines: San Jose Airport",NOT_FOUND,NO,NO_ICAO_CODE,INTERNATIONAL,UNKNOWN
14835,"Sarajevo, Bosnia and Herzegovina: Sarajevo Airport",NOT_FOUND,NO,NO_ICAO_CODE,INTERNATIONAL,UNKNOWN
14836,"Sao Jose Dos Campos, Brazil: Professor Urbano Ernesto Stumpf",NOT_FOUND,NO,INTERNATIONAL,INTERNATIONAL,UNKNOWN
14837,"St. Johns, AZ: St. Johns Industrial Air Park",NOT_FOUND,NO,NO_ICAO_CODE,NO_MATCH,UNKNOWN
14838,"San Jose, Costa Rica: Juan Santamaria International",NOT_FOUND,NO,NO_ICAO_CODE,INTERNATIONAL,UNKNOWN
14839,"Sao Jose Do Rio Preto, Brazil: Professor Eriberto Manoel Reino",NOT_FOUND,NO,INTERNATIONAL,INTERNATIONAL,UNKNOWN
14840,"Sesheke, Zambia: Sesheke Airport",NOT_FOUND,NO,NO_ICAO_CODE,INTERNATIONAL,UNKNOWN
14841,"San Jose, Bolivia: San Jose de Chiquitos",NOT_FOUND,NO,NO_ICAO_CODE,INTERNATIONAL,UNKNOWN
14842,"San Angelo, TX: San Angelo Regional/Mathis Field",KSAN,YES,ASOS_AVAILABLE,DIRECT_MATCH,HIGH
14843,"San Juan, PR: Luis Munoz Marin International",KSAN,YES,ASOS_AVAILABLE,DIRECT_MATCH,HIGH
14844,"San Javier, Bolivia: San Javier Airport",NOT_FOUND,NO,NO_ICAO_CODE,INTERNATIONAL,UNKNOWN
14845,"Shijiazhuang, China: Zhengding",NOT_FOUND,NO,INTERNATIONAL,INTERNATIONAL,UNKNOWN
14846,"Seinajoki, Finland: Seinajoki Airport",NOT_FOUND,NO,NO_ICAO_CODE,INTERNATIONAL,UNKNOWN
14847,"Sao Jorge Island, Portugal: Sao Jorge",NOT_FOUND,NO,NO_ICAO_CODE,INTERNATIONAL,UNKNOWN
14848,"Spokane, WA: Fairchild AFB",KGEG,YES,ASOS_AVAILABLE,DIRECT_MATCH,HIGH
14849,"St. Kitts, Saint Kitts and Nevis: Robert L Bradshaw International",NOT_FOUND,NO,NO_ICAO_CODE,INTERNATIONAL,UNKNOWN
14850,"Suki, Papua New Guinea: Suki Airport",NOT_FOUND,NO,NO_ICAO_CODE,INTERNATIONAL,UNKNOWN
14851,"Samarkand, Uzbekistan: Samarkand Airport",NOT_FOUND,NO,NO_ICAO_CODE,INTERNATIONAL,UNKNOWN
14852,"Skien, Norway: Geiteryggen",NOT_FOUND,NO,NO_ICAO_CODE,INTERNATIONAL,UNKNOWN
14853,"San Antonio, TX: Kelly Field",KSAN,YES,ASOS_AVAILABLE,DIRECT_MATCH,HIGH
14854,"Thessaloniki, Greece: Makedonia",NOT_FOUND,NO,NO_ICAO_CODE,INTERNATIONAL,UNKNOWN
14855,"Sitkinak, AK: Sitkinak CGS",NOT_FOUND,NO,NO_ICAO_CODE,NO_MATCH,UNKNOWN
14856,"Shaktoolik, AK: Shaktoolik Airport",NOT_FOUND,NO,NO_ICAO_CODE,NO_MATCH,UNKNOWN
14857,"Isle of Skye, United Kingdom: Isle of Skye Airport",NOT_FOUND,NO,INTERNATIONAL,INTERNATIONAL,UNKNOWN
14858,"Stokmarknes, Norway: Skagen",NOT_FOUND,NO,NO_ICAO_CODE,INTERNATIONAL,UNKNOWN
14859,"Sokoto, Nigeria: Sokoto Airport",NOT_FOUND,NO,NO_ICAO_CODE,INTERNATIONAL,UNKNOWN
14860,"Skopje, Macedonia: Skopje International",NOT_FOUND,NO,NO_ICAO_CODE,INTERNATIONAL,UNKNOWN
14861,"Skrydstrup, Denmark: Skrydstrup Airport",NOT_FOUND,NO,NO_ICAO_CODE,INTERNATIONAL,UNKNOWN
14862,"Skiros, Greece: Skiros Airport",NOT_FOUND,NO,NO_ICAO_CODE,INTERNATIONAL,UNKNOWN
14863,"Skwentna, AK: Skwentna Airport",NOT_FOUND,NO,NO_ICAO_CODE,NO_MATCH,UNKNOWN
14864,"Saransk, Russia: Saransk Airport",NOT_FOUND,NO,INTERNATIONAL,INTERNATIONAL,UNKNOWN
14865,"Sandusky, OH: Griffing Sandusky",NOT_FOUND,NO,NO_ICAO_CODE,NO_MATCH,UNKNOWN
14866,"Sukkur, Pakistan: Begum Nusrat Bhutto",NOT_FOUND,NO,NO_ICAO_CODE,INTERNATIONAL,UNKNOWN
14867,"Salta, Argentina: General Don Martin Miguel de Guemes",NOT_FOUND,NO,NO_ICAO_CODE,INTERNATIONAL,UNKNOWN
14868,"Storm Lake, IA: Storm Lake Municipal",NOT_FOUND,NO,NO_ICAO_CODE,NO_MATCH,UNKNOWN
14869,SLC,KSLC,YES,ASOS_AVAILABLE,DIRECT_MATCH,HIGH
14870,"Sliac, Slovakia: Sliac Airport",NOT_FOUND,NO,NO_ICAO_CODE,INTERNATIONAL,UNKNOWN
14871,"Salem, OR: McNary Field",NOT_FOUND,NO,NO_ICAO_CODE,NO_MATCH,UNKNOWN
14872,"Sola, Vanuatu: Sola Airport",NOT_FOUND,NO,NO_ICAO_CODE,NO_STATE_CODE,UNKNOWN
14873,"Solwezi, Zambia: Solwezi Airport",NOT_FOUND,NO,NO_ICAO_CODE,INTERNATIONAL,UNKNOWN
14874,"Chandler, AZ: Stellar Airpark",NOT_FOUND,NO,NO_ICAO_CODE,NO_MATCH,UNKNOWN
14875,"Saranac Lake/Lake Placid, NY: Adirondack Regional",NOT_FOUND,NO,NO_ICAO_CODE,NO_MATCH,UNKNOWN
14876,"Salalah, Oman: Salalah Airport",NOT_FOUND,NO,NO_ICAO_CODE,INTERNATIONAL,UNKNOWN
14877,"Salina, KS: Salina Regional",NOT_FOUND,NO,NO_ICAO_CODE,NO_MATCH,UNKNOWN
14878,"Salem, IL: Salem/Leckrone",NOT_FOUND,NO,NO_ICAO_CODE,NO_MATCH,UNKNOWN
14879,"San Luis Potosi, Mexico: San Luis Potosi International",NOT_FOUND,NO,INTERNATIONAL,INTERNATIONAL,UNKNOWN
14880,"Sleetmute, AK: Sleetmute Airport",NOT_FOUND,NO,NO_ICAO_CODE,NO_MATCH,UNKNOWN
14881,"Sulphur Springs, TX: Sulphur Springs Municipal",NOT_FOUND,NO,NO_ICAO_CODE,NO_MATCH,UNKNOWN
14882,"Silistra, Bulgaria: Silistra Polkovnik-Lambrinovo",NOT_FOUND,NO,NO_ICAO_CODE,INTERNATIONAL,UNKNOWN
14883,"Salida, CO: Salida Airport Harriett Alexander Field",NOT_FOUND,NO,NO_ICAO_CODE,NO_MATCH,UNKNOWN
14884,"St. Lucia, Saint Lucia: George F Charles",NOT_FOUND,NO,NO_ICAO_CODE,INTERNATIONAL,UNKNOWN
14885,"Shimla, India: Shimla Airport",NOT_FOUND,NO,INTERNATIONAL,INTERNATIONAL,UNKNOWN
14886,"Saltillo, Mexico: Saltillo International",NOT_FOUND,NO,INTERNATIONAL,INTERNATIONAL,UNKNOWN
14887,"Salt Cay, Turks and Caicos Islands: Salt Cay Airport",NOT_FOUND,NO,NO_ICAO_CODE,NO_STATE_CODE,UNKNOWN
14888,"Sao Luiz, Brazil: Marechal Cunha Machado International",NOT_FOUND,NO,INTERNATIONAL,INTERNATIONAL,UNKNOWN
14889,"Santa Maria, Portugal: Santa Maria Airport",NOT_FOUND,NO,NO_ICAO_CODE,INTERNATIONAL,UNKNOWN
14890,"Cerro El Sombrero, Chile: Franco Bianco",NOT_FOUND,NO,NO_ICAO_CODE,INTERNATIONAL,UNKNOWN
14891,"Santa Maria, Colombia: Santa Maria Airport",NOT_FOUND,NO,NO_ICAO_CODE,INTERNATIONAL,UNKNOWN
14892,"Somerset, KY: Lake Cumberland Regional",NOT_FOUND,NO,NO_ICAO_CODE,NO_MATCH,UNKNOWN
14893,SMF,KSMF,YES,ASOS_AVAILABLE,DIRECT_MATCH,HIGH
14894,"Samos, Greece: Samos Airport",NOT_FOUND,NO,NO_ICAO_CODE,INTERNATIONAL,UNKNOWN
14895,"St. Michael, AK: St. Michael Airport",NOT_FOUND,NO,NO_ICAO_CODE,NO_MATCH,UNKNOWN
14896,"Stella Maris, The Bahamas: Estate Airstrip",NOT_FOUND,NO,PRIVATE/SPECIAL_USE,INTERNATIONAL,UNKNOWN
14897,"Salmon, ID: Lemhi County",NOT_FOUND,NO,NO_ICAO_CODE,NO_MATCH,UNKNOWN
14898,"Santa Monica, CA: Santa Monica Municipal",NOT_FOUND,NO,NO_ICAO_CODE,NO_MATCH,UNKNOWN
14899,"Somerville, NJ: Somerset",NOT_FOUND,NO,NO_ICAO_CODE,NO_MATCH,UNKNOWN
14900,"Santa Marta, Colombia: Simon Bolivar",NOT_FOUND,NO,NO_ICAO_CODE,INTERNATIONAL,UNKNOWN
14901,"St. Marie, Madagascar: Sainte Marie",NOT_FOUND,NO,NO_ICAO_CODE,INTERNATIONAL,UNKNOWN
14902,"Stone Mountain, GA: Stone Mountain Airport",NOT_FOUND,NO,NO_ICAO_CODE,NO_MATCH,UNKNOWN
14903,"Sheep Mountain, AK: Sheep Mountain Airport",NOT_FOUND,NO,NO_ICAO_CODE,NO_MATCH,UNKNOWN
14904,"St. Moritz, Switzerland: Samedan",NOT_FOUND,NO,NO_ICAO_CODE,INTERNATIONAL,UNKNOWN
14905,"Santa Maria, CA: Santa Maria Public/Capt. G. Allan Hancock Field",NOT_FOUND,NO,NO_ICAO_CODE,NO_MATCH,UNKNOWN
14906,"Simenti, Senegal: Simenti Airport",NOT_FOUND,NO,NO_ICAO_CODE,INTERNATIONAL,UNKNOWN
14907,"Stoelmanseiland, Suriname: Stoelmanseiland Airport",NOT_FOUND,NO,NO_ICAO_CODE,INTERNATIONAL,UNKNOWN
14908,"Santa Ana, CA: John Wayne Airport-Orange County",KSNA,YES,ASOS_AVAILABLE,DIRECT_MATCH,HIGH
14909,"Snake Bay, Australia: Snake Bay Airport",NOT_FOUND,NO,INTERNATIONAL,INTERNATIONAL,UNKNOWN
14910,"Salinas, Ecuador: General Ulpiano Paez",NOT_FOUND,NO,NO_ICAO_CODE,INTERNATIONAL,UNKNOWN
14911,"Sao Nicolau, Cape Verde: Preguica",NOT_FOUND,NO,NO_ICAO_CODE,INTERNATIONAL,UNKNOWN
14912,"San Felipe, Venezuela: Sub Teniente Nestor Arias",NOT_FOUND,NO,NO_ICAO_CODE,INTERNATIONAL,UNKNOWN
14913,"San Ignacio de Velasco, Bolivia: Cap. Av. Juan Cochamanidis Saucedo",NOT_FOUND,NO,NO_ICAO_CODE,INTERNATIONAL,UNKNOWN
14914,"Greenville/Sinoe, Liberia: Greenville/Sinoe Airport",NOT_FOUND,NO,NO_ICAO_CODE,INTERNATIONAL,UNKNOWN
14915,"Snyder, TX: Winston Field",NOT_FOUND,NO,NO_ICAO_CODE,NO_MATCH,UNKNOWN
14916,"Shawnee, OK: Shawnee Regional",NOT_FOUND,NO,NO_ICAO_CODE,NO_MATCH,UNKNOWN
14917,"San Ignacio de Moxos, Bolivia: San Ignacio de Moxos Airport",NOT_FOUND,NO,NO_ICAO_CODE,INTERNATIONAL,UNKNOWN
14918,"Shannon, Ireland: Shannon Airport",NOT_FOUND,NO,NO_ICAO_CODE,INTERNATIONAL,UNKNOWN
14919,"St. Paul, AK: St. Paul Island",KMSP,YES,ASOS_AVAILABLE,DIRECT_MATCH,HIGH
14920,"San Quintin, Mexico: San Quintin Southeast",NOT_FOUND,NO,INTERNATIONAL,INTERNATIONAL,UNKNOWN
14921,"St. Nazaire, France: Saint Nazaire Montoir",NOT_FOUND,NO,INTERNATIONAL,INTERNATIONAL,UNKNOWN
14922,"Salinas/Monterey, CA: Salinas Municipal",KMRY,YES,ASOS_AVAILABLE,DIRECT_MATCH,HIGH
14923,"Las Cruces, Colombia: Las Cruces Airport",NOT_FOUND,NO,NO_ICAO_CODE,INTERNATIONAL,UNKNOWN
14924,"Santa Clara, Cuba: Abel Santamaria International",NOT_FOUND,NO,NO_ICAO_CODE,NO_STATE_CODE,UNKNOWN
14925,"Santa Elena, Venezuela: Wonkin",NOT_FOUND,NO,NO_ICAO_CODE,INTERNATIONAL,UNKNOWN
14926,"Thandwe, Burma: Thandwe Airport",NOT_FOUND,NO,NO_ICAO_CODE,INTERNATIONAL,UNKNOWN
14927,"Sidney, NE: Sidney Municipal/Lloyd W. Carr Field",NOT_FOUND,NO,NO_ICAO_CODE,NO_MATCH,UNKNOWN
14928,"Solo City, Indonesia: Adi Soemarmo",NOT_FOUND,NO,NO_ICAO_CODE,INTERNATIONAL,UNKNOWN
14929,"Sofia, Bulgaria: Vasil Levski Sofia",NOT_FOUND,NO,NO_ICAO_CODE,INTERNATIONAL,UNKNOWN
14930,"Sogndal, Norway: Sogndal Airport",NOT_FOUND,NO,NO_ICAO_CODE,INTERNATIONAL,UNKNOWN
14931,"South Molle Island, Australia: S Molle",NOT_FOUND,NO,INTERNATIONAL,INTERNATIONAL,UNKNOWN
14932,"Sorkjosen, Norway: Sorkjosen Airport",NOT_FOUND,NO,NO_ICAO_CODE,INTERNATIONAL,UNKNOWN
14933,"Semonkong, Lesotho: Semonkong Airport",NOT_FOUND,NO,NO_ICAO_CODE,NO_STATE_CODE,UNKNOWN
14934,"Solomon, AK: Solomon State Field",NOT_FOUND,NO,NO_ICAO_CODE,NO_MATCH,UNKNOWN
14935,"San Tome, Venezuela: Don Edmundo Barrios International",NOT_FOUND,NO,NO_ICAO_CODE,INTERNATIONAL,UNKNOWN
14936,"Espiritu Santo, Vanuatu: Espiritu",NOT_FOUND,NO,NO_ICAO_CODE,NO_STATE_CODE,UNKNOWN
14938,"Pinehurst/Southern Pines, NC: Moore County",NOT_FOUND,NO,NO_ICAO_CODE,NO_MATCH,UNKNOWN
14939,"Sorong, Indonesia: Sorong Airport",NOT_FOUND,NO,NO_ICAO_CODE,INTERNATIONAL,UNKNOWN
14941,"Southampton, United Kingdom: Southampton Airport",NOT_FOUND,NO,INTERNATIONAL,INTERNATIONAL,UNKNOWN
14942,"Seldovia, AK: Seldovia Airport",NOT_FOUND,NO,NO_ICAO_CODE,NO_MATCH,UNKNOWN
14943,"Show Low, AZ: Show Low Regional",NOT_FOUND,NO,NO_ICAO_CODE,NO_MATCH,UNKNOWN
14944,"Spartanburg, SC: Spartanburg Downtown Memorial Simpson Field",NOT_FOUND,NO,NO_ICAO_CODE,NO_MATCH,UNKNOWN
14945,"Charlotte Amalie, VI: Charlotte Amalie Harbor Seaplane Base",NOT_FOUND,NO,PRIVATE/SPECIAL_USE,INTERNATIONAL,UNKNOWN
14946,"Santa Cruz de la Palma, Spain: La Palma",NOT_FOUND,NO,INTERNATIONAL,INTERNATIONAL,UNKNOWN
14947,"Saidpur, Bangladesh: Saidpur Airport",NOT_FOUND,NO,NO_ICAO_CODE,INTERNATIONAL,UNKNOWN
14948,"Sepulot, Malaysia: Sepulot Airport",NOT_FOUND,NO,NO_ICAO_CODE,INTERNATIONAL,UNKNOWN
14949,"Spearfish, SD: Black Hills Clyde Ice Field",NOT_FOUND,NO,NO_ICAO_CODE,NO_MATCH,UNKNOWN
14950,"Tampa, FL: Albert Whitted",KTPA,YES,ASOS_AVAILABLE,DIRECT_MATCH,HIGH
14951,"Sopu, Papua New Guinea: Sopu Airport",NOT_FOUND,NO,NO_ICAO_CODE,INTERNATIONAL,UNKNOWN
14952,"Springfield, IL: Abraham Lincoln Capital",NOT_FOUND,NO,NO_ICAO_CODE,NO_MATCH,UNKNOWN
14953,"Sapporo, Japan: Chitose AB",NOT_FOUND,NO,INTERNATIONAL,INTERNATIONAL,UNKNOWN
14954,"Spangdahlem, Germany: Spangdahlem AB",NOT_FOUND,NO,INTERNATIONAL,INTERNATIONAL,UNKNOWN
14955,"Saipan, TT: Francisco C. Ada Saipan International",NOT_FOUND,NO,NO_ICAO_CODE,NON_US_STATE,UNKNOWN
14957,"Menongue, Angola: Menongue Airport",NOT_FOUND,NO,NO_ICAO_CODE,INTERNATIONAL,UNKNOWN
14958,"San Pedro, CA: Catalina Air-Sea Terminal Heliport",KSEA,YES,ASOS_AVAILABLE,DIRECT_MATCH,HIGH
14959,"San Pedro, Belize: San Pedro Airport",NOT_FOUND,NO,NO_ICAO_CODE,INTERNATIONAL,UNKNOWN
14960,"Wichita Falls, TX: Sheppard AFB/Wichita Falls Municipal",KICT,YES,ASOS_AVAILABLE,DIRECT_MATCH,HIGH
14961,"Split, Croatia: Split Airport",NOT_FOUND,NO,NO_ICAO_CODE,INTERNATIONAL,UNKNOWN
14962,"Spencer, IA: Spencer Municipal",NOT_FOUND,NO,NO_ICAO_CODE,NO_MATCH,UNKNOWN
14963,"San Pedro, Cote d'Ivoire: San Pedro Airport",NOT_FOUND,NO,NO_ICAO_CODE,NO_STATE_CODE,UNKNOWN
14964,"Springdale, AR: Springdale Municipal",NOT_FOUND,NO,NO_ICAO_CODE,NO_MATCH,UNKNOWN
14965,"Santa Ynez, CA: Santa Ynez Kunkle Field",NOT_FOUND,NO,NO_ICAO_CODE,NO_MATCH,UNKNOWN
14966,"Sterling/Rockfalls, IL: Whiteside County-Jos H. Bittorf Field",NOT_FOUND,NO,NO_ICAO_CODE,NO_MATCH,UNKNOWN
14967,"San Carlos, CA: San Carlos Airport",KSAN,YES,ASOS_AVAILABLE,DIRECT_MATCH,HIGH
14968,"Sanana, Indonesia: Emalamo",NOT_FOUND,NO,NO_ICAO_CODE,INTERNATIONAL,UNKNOWN
14969,"Storuman, Sweden: Storuman Airport",NOT_FOUND,NO,NO_ICAO_CODE,INTERNATIONAL,UNKNOWN
14970,"Siauliai, Lithuania: Siauliai International",NOT_FOUND,NO,NO_ICAO_CODE,INTERNATIONAL,UNKNOWN
14971,"Soroako, Indonesia: Sorowako",NOT_FOUND,NO,NO_ICAO_CODE,INTERNATIONAL,UNKNOWN
14972,"Sequim, WA: Sequim Valley",NOT_FOUND,NO,NO_ICAO_CODE,NO_MATCH,UNKNOWN
14973,"Santa Rosa, Brazil: Luis Alberto Lehr",NOT_FOUND,NO,INTERNATIONAL,INTERNATIONAL,UNKNOWN
14974,"Santa Rosa, Bolivia: Santa Rosa Airport",NOT_FOUND,NO,NO_ICAO_CODE,INTERNATIONAL,UNKNOWN
14975,"Searcy, AR: Searcy Regional",NOT_FOUND,NO,NO_ICAO_CODE,NO_MATCH,UNKNOWN
14976,"Sucre, Bolivia: Juana Azurduy de Padilla",NOT_FOUND,NO,NO_ICAO_CODE,INTERNATIONAL,UNKNOWN
14977,"Novato, CA: Hamilton AFB",NOT_FOUND,NO,NO_ICAO_CODE,NO_MATCH,UNKNOWN
14978,"Semarang, Indonesia: Jenderal Ahmad Yani",NOT_FOUND,NO,NO_ICAO_CODE,INTERNATIONAL,UNKNOWN
14979,"Sarh, Chad: Sarh Airport",NOT_FOUND,NO,NO_ICAO_CODE,INTERNATIONAL,UNKNOWN
14980,"Samarinda, Indonesia: Samarinda Airport",NOT_FOUND,NO,NO_ICAO_CODE,INTERNATIONAL,UNKNOWN
14981,"San Borja, Bolivia: Capitan German Quiroga Guardia",NOT_FOUND,NO,NO_ICAO_CODE,INTERNATIONAL,UNKNOWN
14982,"Santa Rosalia, Mexico: San Lucas",NOT_FOUND,NO,INTERNATIONAL,INTERNATIONAL,UNKNOWN
14983,"Strahan, Australia: Strahan Airport",NOT_FOUND,NO,INTERNATIONAL,INTERNATIONAL,UNKNOWN
14984,"Santana Ramos, Colombia: Santana Ramos Airport",NOT_FOUND,NO,NO_ICAO_CODE,INTERNATIONAL,UNKNOWN
14985,"Stord, Norway: Stord Airport",NOT_FOUND,NO,NO_ICAO_CODE,INTERNATIONAL,UNKNOWN
14986,"Sarasota/Bradenton, FL: Sarasota/Bradenton International",KSRQ,YES,ASOS_AVAILABLE,DIRECT_MATCH,HIGH
14987,"Stony River, AK: Stony River Airport",NOT_FOUND,NO,NO_ICAO_CODE,NO_MATCH,UNKNOWN
14988,"Salisbury, NC: Mid Carolina Regional",NOT_FOUND,NO,NO_ICAO_CODE,NO_MATCH,UNKNOWN
14989,"Sert, Libya: Sirte International",NOT_FOUND,NO,NO_ICAO_CODE,NO_STATE_CODE,UNKNOWN
14990,"Santa Cruz, Bolivia: El Trompillo",NOT_FOUND,NO,NO_ICAO_CODE,INTERNATIONAL,UNKNOWN
14991,"Salvador, Brazil: Deputado Luis Eduardo Magalhaes International",NOT_FOUND,NO,INTERNATIONAL,INTERNATIONAL,UNKNOWN
14992,"Christiansted, VI: Christiansted Harbor Seaplane Base",NOT_FOUND,NO,PRIVATE/SPECIAL_USE,NO_MATCH,UNKNOWN
14993,"Sumter, SC: Shaw AFB",NOT_FOUND,NO,NO_ICAO_CODE,NO_MATCH,UNKNOWN
14994,"Malabo, Equatorial Guinea: Malabo Airport",NOT_FOUND,NO,NO_ICAO_CODE,INTERNATIONAL,UNKNOWN
14995,"Sharm El Sheikh, Egypt: Sharm El Sheikh International",NOT_FOUND,NO,NO_ICAO_CODE,INTERNATIONAL,UNKNOWN
14996,"Brunswick, GA: St Simons Island",NOT_FOUND,NO,NO_ICAO_CODE,NO_MATCH,UNKNOWN
14997,"Sandnessjoen, Norway: Sandnessjoen Airport",NOT_FOUND,NO,NO_ICAO_CODE,INTERNATIONAL,UNKNOWN
14998,"Santa Rosalia, Colombia: Santa Rosalia Airport",NOT_FOUND,NO,NO_ICAO_CODE,INTERNATIONAL,UNKNOWN
14999,"Sault Ste. Marie, MI: Sault Ste. Marie Metropolitan Area",NOT_FOUND,NO,NO_ICAO_CODE,NO_MATCH,UNKNOWN
15000,"Seoul, South Korea: Seoul AB",NOT_FOUND,NO,INTERNATIONAL,INTERNATIONAL,UNKNOWN
15001,"Siassi, Papua New Guinea: Siassi Airport",NOT_FOUND,NO,NO_ICAO_CODE,INTERNATIONAL,UNKNOWN
15002,"Santa Teresita, Argentina: Santa Teresita Airport",NOT_FOUND,NO,NO_ICAO_CODE,INTERNATIONAL,UNKNOWN
15003,"Stuart Island, WA: Stuart Island Airpark",NOT_FOUND,NO,NO_ICAO_CODE,NO_MATCH,UNKNOWN
15004,"Samsun, Turkey: Samsun Airport",NOT_FOUND,NO,NO_ICAO_CODE,INTERNATIONAL,UNKNOWN
15005,"Mbanza Congo, Angola: Mbanza Congo Airport",NOT_FOUND,NO,NO_ICAO_CODE,INTERNATIONAL,UNKNOWN
15006,"Stauning, Denmark: Stauning Airport",NOT_FOUND,NO,NO_ICAO_CODE,INTERNATIONAL,UNKNOWN
15007,"Santa Barbara, Venezuela: Santa Barbara Airport",NOT_FOUND,NO,NO_ICAO_CODE,INTERNATIONAL,UNKNOWN
15008,"St. Cloud, MN: St. Cloud Regional",NOT_FOUND,NO,NO_ICAO_CODE,NO_MATCH,UNKNOWN
15009,"Santo Domingo, Venezuela: Mayor Guerrero Vivas",NOT_FOUND,NO,NO_ICAO_CODE,INTERNATIONAL,UNKNOWN
15010,"Stevens Point, WI: Stevens Point Municipal",NOT_FOUND,NO,NO_ICAO_CODE,NO_MATCH,UNKNOWN
15011,"Starkville, MS: George M. Bryan",NOT_FOUND,NO,NO_ICAO_CODE,NO_MATCH,UNKNOWN
15012,"St. George Island, AK: St. George Island Airport",NOT_FOUND,NO,NO_ICAO_CODE,NO_MATCH,UNKNOWN
15013,"Santiago, Dominican Republic: Cibao International",NOT_FOUND,NO,NO_ICAO_CODE,INTERNATIONAL,UNKNOWN
15014,"St. Joseph, MO: Rosecrans Memorial",NOT_FOUND,NO,NO_ICAO_CODE,NO_MATCH,UNKNOWN
15015,"Sterling, CO: Sterling Municipal",NOT_FOUND,NO,NO_ICAO_CODE,NO_MATCH,UNKNOWN
15016,STL,KSTL,YES,ASOS_AVAILABLE,DIRECT_MATCH,HIGH
15017,"Santarem, Brazil: Eduardo Gomes",NOT_FOUND,NO,INTERNATIONAL,INTERNATIONAL,UNKNOWN
15018,"London, United Kingdom: London Stansted",NOT_FOUND,NO,INTERNATIONAL,INTERNATIONAL,UNKNOWN
15019,"Stockholm, Sweden: Stockholm Metropolitan Area",NOT_FOUND,NO,NO_ICAO_CODE,INTERNATIONAL,UNKNOWN
15020,"Minneapolis/St. Paul, MN: St. Paul Downtown Holman Field",KMSP,YES,ASOS_AVAILABLE,DIRECT_MATCH,HIGH
15021,"St. Marys, PA: St. Marys Municipal",NOT_FOUND,NO,NO_ICAO_CODE,NO_MATCH,UNKNOWN
15022,"Stuttgart, Germany: Stuttgart Airport",NOT_FOUND,NO,INTERNATIONAL,INTERNATIONAL,UNKNOWN
15023,"Santa Rosa, CA: Charles M. Schulz - Sonoma County",NOT_FOUND,NO,NO_ICAO_CODE,NO_MATCH,UNKNOWN
15024,"Charlotte Amalie, VI: Cyril E King",NOT_FOUND,NO,NO_ICAO_CODE,INTERNATIONAL,UNKNOWN
15026,"Stavropol, Russia: Shpakovskoye",NOT_FOUND,NO,INTERNATIONAL,INTERNATIONAL,UNKNOWN
15027,"Christiansted, VI: Henry E. Rohlsen",NOT_FOUND,NO,NO_ICAO_CODE,NO_MATCH,UNKNOWN
15028,"Salto, Uruguay: Nueva Hesperides International",NOT_FOUND,NO,NO_ICAO_CODE,INTERNATIONAL,UNKNOWN
15029,"Santa Terezinha, Brazil: Santa Terezinha Airport",NOT_FOUND,NO,INTERNATIONAL,INTERNATIONAL,UNKNOWN
15030,"Stuart, FL: Witham Field",NOT_FOUND,NO,NO_ICAO_CODE,NO_MATCH,UNKNOWN
15031,"Surabaya, Indonesia: Juanda",NOT_FOUND,NO,NO_ICAO_CODE,INTERNATIONAL,UNKNOWN
15032,"Sundance, WY: Schloredt",NOT_FOUND,NO,NO_ICAO_CODE,NO_MATCH,UNKNOWN
15033,"Sturgeon Bay, WI: Door County Cherryland",NOT_FOUND,NO,NO_ICAO_CODE,NO_MATCH,UNKNOWN
15034,"Lamezia Terme, Italy: Lamezia Terme Airport",NOT_FOUND,NO,NO_ICAO_CODE,INTERNATIONAL,UNKNOWN
15035,"Surigao, Philippines: Surigao Airport",NOT_FOUND,NO,NO_ICAO_CODE,INTERNATIONAL,UNKNOWN
15036,"Sukhumi, Georgia: Babusheri",NOT_FOUND,NO,NO_ICAO_CODE,INTERNATIONAL,UNKNOWN
15037,"Satu Mare, Romania: Satu Mare Airport",NOT_FOUND,NO,NO_ICAO_CODE,INTERNATIONAL,UNKNOWN
15039,"Sui, Pakistan: Sui Airport",NOT_FOUND,NO,NO_ICAO_CODE,INTERNATIONAL,UNKNOWN
15040,"Sumter, SC: Sumter Airport",NOT_FOUND,NO,NO_ICAO_CODE,NO_MATCH,UNKNOWN
15041,"Sun Valley/Hailey/Ketchum, ID: Friedman Memorial",NOT_FOUND,NO,NO_ICAO_CODE,NO_MATCH,UNKNOWN
15042,"Sunriver, OR: Sunriver Airport",NOT_FOUND,NO,NO_ICAO_CODE,NO_MATCH,UNKNOWN
15043,"St. Louis, MO: Spirit of St. Louis",KSTL,YES,ASOS_AVAILABLE,DIRECT_MATCH,HIGH
15044,"Sumbawanga, Tanzania: Sumbawanga Airport",NOT_FOUND,NO,NO_ICAO_CODE,INTERNATIONAL,UNKNOWN
15045,"Fairfield, CA: Travis AFB",NOT_FOUND,NO,NO_ICAO_CODE,NO_MATCH,UNKNOWN
15046,"Suva, Fiji: Nausori International",NOT_FOUND,NO,NO_ICAO_CODE,INTERNATIONAL,UNKNOWN
15047,"Superior, WI: Richard I Bong",NOT_FOUND,NO,NO_ICAO_CODE,NO_MATCH,UNKNOWN
15048,"Sioux City, IA: Sioux Gateway Brig Gen Bud Day Field",KSUX,YES,ASOS_AVAILABLE,DIRECT_MATCH,HIGH
15049,"Savoonga, AK: Savoonga Airport",NOT_FOUND,NO,NO_ICAO_CODE,NO_MATCH,UNKNOWN
15050,"Sambava, Madagascar: Sambava Airport",NOT_FOUND,NO,NO_ICAO_CODE,INTERNATIONAL,UNKNOWN
15051,"Silver City/Hurley, NM: Grant County",NOT_FOUND,NO,NO_ICAO_CODE,NO_MATCH,UNKNOWN
15052,"St. Vincent, Saint Vincent and the Grenadines: E. T. Joshua",NOT_FOUND,NO,NO_ICAO_CODE,INTERNATIONAL,UNKNOWN
15053,"Stavanger, Norway: Stavanger Airport",NOT_FOUND,NO,NO_ICAO_CODE,INTERNATIONAL,UNKNOWN
15054,"Statesville, NC: Statesville Regional",NOT_FOUND,NO,NO_ICAO_CODE,NO_MATCH,UNKNOWN
15055,"Svolvaer, Norway: Svolvaer Airport",NOT_FOUND,NO,NO_ICAO_CODE,INTERNATIONAL,UNKNOWN
15056,"Savonlinna, Finland: Savonlinna Airport",NOT_FOUND,NO,NO_ICAO_CODE,INTERNATIONAL,UNKNOWN
15057,"Savannah, GA: Hunter AAF",KSAV,YES,ASOS_AVAILABLE,DIRECT_MATCH,HIGH
15058,"Moscow, Russia: Sheremetyevo",NOT_FOUND,NO,INTERNATIONAL,INTERNATIONAL,UNKNOWN
15059,"Kuito, Angola: Kuito Airport",NOT_FOUND,NO,NO_ICAO_CODE,INTERNATIONAL,UNKNOWN
15060,"Seville, Spain: Seville Airport",NOT_FOUND,NO,INTERNATIONAL,INTERNATIONAL,UNKNOWN
15061,"Stevens Village, AK: Stevens Village Airport",NOT_FOUND,NO,NO_ICAO_CODE,NO_MATCH,UNKNOWN
15062,"Savusavu, Fiji: Savusavu Airport",NOT_FOUND,NO,NO_ICAO_CODE,INTERNATIONAL,UNKNOWN
15063,"Sparrevohn, AK: Sparrevohn LRRS",NOT_FOUND,NO,NO_ICAO_CODE,NO_MATCH,UNKNOWN
15064,"Ekaterinburg, Russia: Koltsovo",NOT_FOUND,NO,INTERNATIONAL,INTERNATIONAL,UNKNOWN
15065,"San Antonio, Venezuela: General Cipriano Castro International",NOT_FOUND,NO,NO_ICAO_CODE,INTERNATIONAL,UNKNOWN
15066,"Shantou, China: Waisha",NOT_FOUND,NO,INTERNATIONAL,INTERNATIONAL,UNKNOWN
15067,"Shaw River, Australia: Shaw River Airport",NOT_FOUND,NO,INTERNATIONAL,INTERNATIONAL,UNKNOWN
15068,"Stawell, Australia: Stawell Airport",NOT_FOUND,NO,INTERNATIONAL,INTERNATIONAL,UNKNOWN
15069,"Seward, AK: Seward Airport",NOT_FOUND,NO,NO_ICAO_CODE,NO_MATCH,UNKNOWN
15070,"Newburgh/Poughkeepsie, NY: New York Stewart International",NOT_FOUND,NO,NO_ICAO_CODE,NO_MATCH,UNKNOWN
15072,"Milan, Italy: Segrate",NOT_FOUND,NO,NO_ICAO_CODE,INTERNATIONAL,UNKNOWN
15073,"Spanish Wells, The Bahamas: Spanish Wells Airport",NOT_FOUND,NO,NO_ICAO_CODE,INTERNATIONAL,UNKNOWN
15074,"Stillwater, OK: Stillwater Regional",NOT_FOUND,NO,NO_ICAO_CODE,NO_MATCH,UNKNOWN
15075,"Sumbawa, Indonesia: Sumbawa Besar",NOT_FOUND,NO,NO_ICAO_CODE,INTERNATIONAL,UNKNOWN
15076,"Swansea, United Kingdom: Swansea Airport",NOT_FOUND,NO,INTERNATIONAL,INTERNATIONAL,UNKNOWN
15077,"Suwon, South Korea: Suwon Airport",NOT_FOUND,NO,INTERNATIONAL,INTERNATIONAL,UNKNOWN
15078,"Sweetwater, TX: Avenger Field",NOT_FOUND,NO,NO_ICAO_CODE,NO_MATCH,UNKNOWN
15079,"Strasbourg, France: Strasbourg Entzheim",NOT_FOUND,NO,INTERNATIONAL,INTERNATIONAL,UNKNOWN
15080,"Sale, Australia: West Sale",NOT_FOUND,NO,INTERNATIONAL,INTERNATIONAL,UNKNOWN
15081,"Berlin, Germany: Brandenburg",NOT_FOUND,NO,INTERNATIONAL,INTERNATIONAL,UNKNOWN
15082,"Senanga, Zambia: Senanga Airport",NOT_FOUND,NO,NO_ICAO_CODE,INTERNATIONAL,UNKNOWN
15083,"Sligo, Ireland: Sligo Airport",NOT_FOUND,NO,NO_ICAO_CODE,INTERNATIONAL,UNKNOWN
15084,"Philipsburg, Sint Maarten: Princess Juliana International",NOT_FOUND,NO,NO_ICAO_CODE,NO_STATE_CODE,UNKNOWN
15085,"Sheldon Point, AK: Nunam Iqua",NOT_FOUND,NO,NO_ICAO_CODE,NO_MATCH,UNKNOWN
15086,"Soldotna, AK: Soldotna Airport",NOT_FOUND,NO,NO_ICAO_CODE,NO_MATCH,UNKNOWN
15087,"Srinagar, India: Srinagar Airport",NOT_FOUND,NO,INTERNATIONAL,INTERNATIONAL,UNKNOWN
15088,"Soddu, Ethiopia: Soddu Airport",NOT_FOUND,NO,NO_ICAO_CODE,INTERNATIONAL,UNKNOWN
15089,"Sidney, NY: Sidney Municipal",NOT_FOUND,NO,NO_ICAO_CODE,NO_MATCH,UNKNOWN
15090,"Shemya, AK: Eareckson AS",NOT_FOUND,NO,NO_ICAO_CODE,NO_MATCH,UNKNOWN
15091,"Seal Bay, AK: Seal Bay Airport",NOT_FOUND,NO,NO_ICAO_CODE,NO_MATCH,UNKNOWN
15092,"Sydney, Australia: Sydney International",NOT_FOUND,NO,INTERNATIONAL,INTERNATIONAL,UNKNOWN
15093,"Shelbyville/Tullahoma, TN: Bomar Field-Shelbyville Municipal",NOT_FOUND,NO,NO_ICAO_CODE,NO_MATCH,UNKNOWN
15094,"Stanton, MN: Stanton Airfield",NOT_FOUND,NO,NO_ICAO_CODE,NO_MATCH,UNKNOWN
15095,"Shonai, Japan: Shonai Airport",NOT_FOUND,NO,INTERNATIONAL,INTERNATIONAL,UNKNOWN
15096,"Syracuse, NY: Syracuse Hancock International",KSYR,YES,ASOS_AVAILABLE,DIRECT_MATCH,HIGH
15097,"Saint-Yan, France: Saint-Yan Airport",NOT_FOUND,NO,INTERNATIONAL,INTERNATIONAL,UNKNOWN
15098,"Sanya, China: Phoenix International",NOT_FOUND,NO,INTERNATIONAL,INTERNATIONAL,UNKNOWN
15099,"Stornoway, United Kingdom: Stornoway Airport",NOT_FOUND,NO,INTERNATIONAL,INTERNATIONAL,UNKNOWN
15100,"Shiraz, Iran: Shahid Dastghaib International",NOT_FOUND,NO,NO_ICAO_CODE,INTERNATIONAL,UNKNOWN
15101,"Soyo, Angola: Soyo Airport",NOT_FOUND,NO,NO_ICAO_CODE,INTERNATIONAL,UNKNOWN
15102,"Kuala Lumpur, Malaysia: Sultan Abdul Aziz Shah",NOT_FOUND,NO,NO_ICAO_CODE,INTERNATIONAL,UNKNOWN
15103,"Santa Cruz, Costa Rica: Santa Cruz Airport",NOT_FOUND,NO,NO_ICAO_CODE,INTERNATIONAL,UNKNOWN
15104,"Sheffield, United Kingdom: Sheffield City",NOT_FOUND,NO,INTERNATIONAL,INTERNATIONAL,UNKNOWN
15105,"Samsun, Turkey: Carsamba",NOT_FOUND,NO,NO_ICAO_CODE,INTERNATIONAL,UNKNOWN
15106,"Salzburg, Austria: Salzburg Airport",NOT_FOUND,NO,NO_ICAO_CODE,INTERNATIONAL,UNKNOWN
15107,"Skukuza, South Africa: Skukuza Airport",NOT_FOUND,NO,NO_ICAO_CODE,INTERNATIONAL,UNKNOWN
15108,"Knob Noster, MO: Whiteman AFB",NOT_FOUND,NO,NO_ICAO_CODE,NO_MATCH,UNKNOWN
15109,"Szombathely, Hungary: Szombathely Airport",NOT_FOUND,NO,NO_ICAO_CODE,INTERNATIONAL,UNKNOWN
15110,"Santa Paula, CA: Santa Paula Airport",NOT_FOUND,NO,NO_ICAO_CODE,NO_MATCH,UNKNOWN
15111,"San Cristobal, Mexico: San Cristobal de Las Casas",NOT_FOUND,NO,INTERNATIONAL,INTERNATIONAL,UNKNOWN
15112,"Schwerin, Germany: Schwerin Parchim",NOT_FOUND,NO,INTERNATIONAL,INTERNATIONAL,UNKNOWN
15113,"Shenzhen, China: Bao'an International",NOT_FOUND,NO,INTERNATIONAL,INTERNATIONAL,UNKNOWN
15114,"Szczecin, Poland: Goleniow",NOT_FOUND,NO,NO_ICAO_CODE,INTERNATIONAL,UNKNOWN
15115,"Tobago, Trinidad and Tobago: A N R Robinson International",NOT_FOUND,NO,NO_ICAO_CODE,INTERNATIONAL,UNKNOWN
15116,"Tacloban, Philippines: Daniel Z. Romualdez",NOT_FOUND,NO,NO_ICAO_CODE,INTERNATIONAL,UNKNOWN
15117,"Trinidad, CO: Las Animas County",NOT_FOUND,NO,NO_ICAO_CODE,INTERNATIONAL,UNKNOWN
15118,"Taegu, South Korea: Taegu International",NOT_FOUND,NO,INTERNATIONAL,INTERNATIONAL,UNKNOWN
15119,"Oran, Algeria: Tafaraoui",NOT_FOUND,NO,NO_ICAO_CODE,INTERNATIONAL,UNKNOWN
15120,"Tagbilaran, Philippines: Tagbilaran Airport",NOT_FOUND,NO,NO_ICAO_CODE,INTERNATIONAL,UNKNOWN
15121,"Tanna Island, Vanuatu: Tanna Island Airport",NOT_FOUND,NO,NO_ICAO_CODE,NO_STATE_CODE,UNKNOWN
15122,"Taiz, Yemen: Taiz International",NOT_FOUND,NO,NO_ICAO_CODE,INTERNATIONAL,UNKNOWN
15123,"Takamatsu, Japan: Takamatsu Airport",NOT_FOUND,NO,INTERNATIONAL,INTERNATIONAL,UNKNOWN
15124,"Tanana, AK: Ralph M Calhoun Memorial",NOT_FOUND,NO,NO_ICAO_CODE,NO_MATCH,UNKNOWN
15125,"Tampico, Mexico: Tampico International",NOT_FOUND,NO,INTERNATIONAL,INTERNATIONAL,UNKNOWN
15127,"Qingdao, China: Liuting",NOT_FOUND,NO,INTERNATIONAL,INTERNATIONAL,UNKNOWN
15128,"Tapachula, Mexico: Tapachula International",NOT_FOUND,NO,INTERNATIONAL,INTERNATIONAL,UNKNOWN
15129,"Taranto, Italy: Taranto Grottaglie",NOT_FOUND,NO,NO_ICAO_CODE,INTERNATIONAL,UNKNOWN
15130,"Tashkent, Uzbekistan: Tashkent Islam Karimov International",NOT_FOUND,NO,NO_ICAO_CODE,INTERNATIONAL,UNKNOWN
15131,"Poprad-Tatry, Slovakia: Poprad Tatry",NOT_FOUND,NO,NO_ICAO_CODE,INTERNATIONAL,UNKNOWN
15132,"Tau, TT: Tau Airport",NOT_FOUND,NO,NO_ICAO_CODE,NON_US_STATE,UNKNOWN
15133,"Taliabu, Indonesia: Taliabu Airport",NOT_FOUND,NO,NO_ICAO_CODE,INTERNATIONAL,UNKNOWN
15134,"Tuy Hoa, Vietnam: Tuy Hoa Airport",NOT_FOUND,NO,NO_ICAO_CODE,INTERNATIONAL,UNKNOWN
15135,"Tabiteuea, Kiribati: Tabiteuea Airport",NOT_FOUND,NO,NO_ICAO_CODE,NO_STATE_CODE,UNKNOWN
15136,"New Bight, The Bahamas: The Bight",NOT_FOUND,NO,NO_ICAO_CODE,INTERNATIONAL,UNKNOWN
15137,"Tableland, Australia: Tableland Airport",NOT_FOUND,NO,INTERNATIONAL,INTERNATIONAL,UNKNOWN
15138,"Fort Leonard Wood, MO: Waynesville-St. Robert Regional Forney Field",NOT_FOUND,NO,NO_ICAO_CODE,NO_MATCH,UNKNOWN
15139,"Tabora, Tanzania: Tabora Airport",NOT_FOUND,NO,NO_ICAO_CODE,INTERNATIONAL,UNKNOWN
15140,"Tumbes, Peru: Cap. FAP Pedro Canga Rodriguez",NOT_FOUND,NO,NO_ICAO_CODE,INTERNATIONAL,UNKNOWN
15141,"Statesboro, GA: Statesboro-Bulloch County",NOT_FOUND,NO,NO_ICAO_CODE,NO_MATCH,UNKNOWN
15142,"Tbilisi, Georgia: Tbilisi Airport",NOT_FOUND,NO,NO_ICAO_CODE,INTERNATIONAL,UNKNOWN
15143,"Tabatinga, Brazil: Tabatinga Airport",NOT_FOUND,NO,INTERNATIONAL,INTERNATIONAL,UNKNOWN
15144,"Tonga Tapu, Tonga: Fua Amotu International",NOT_FOUND,NO,NO_ICAO_CODE,INTERNATIONAL,UNKNOWN
15145,"Tabriz, Iran: Tabriz International",NOT_FOUND,NO,NO_ICAO_CODE,INTERNATIONAL,UNKNOWN
15146,"Tennant Creek, Australia: Tennant Creek Airport",NOT_FOUND,NO,INTERNATIONAL,INTERNATIONAL,UNKNOWN
15147,"Treasure Cay, The Bahamas: Treasure Cay Airport",NOT_FOUND,NO,NO_ICAO_CODE,INTERNATIONAL,UNKNOWN
15148,"Tucumcari, NM: Tucumcari Municipal",NOT_FOUND,NO,NO_ICAO_CODE,NO_MATCH,UNKNOWN
15149,"Tulcea, Romania: Tulcea Airport",NOT_FOUND,NO,NO_ICAO_CODE,INTERNATIONAL,UNKNOWN
15150,"Tocoa, Honduras: Tocoa Airport",NOT_FOUND,NO,NO_ICAO_CODE,INTERNATIONAL,UNKNOWN
15151,"Tchibanga, Gabon: Tchibanga Airport",NOT_FOUND,NO,NO_ICAO_CODE,NO_STATE_CODE,UNKNOWN
15152,"Tenerife, Spain: Tenerife Metropolitan Area",NOT_FOUND,NO,INTERNATIONAL,INTERNATIONAL,UNKNOWN
15153,"Tuscaloosa, AL: Tuscaloosa National",NOT_FOUND,NO,NO_ICAO_CODE,NO_MATCH,UNKNOWN
15154,"Tacoma, WA: McChord Field",KSEA,YES,ASOS_AVAILABLE,DIRECT_MATCH,HIGH
15155,"Tehuacan, Mexico: Tehuacan Airport",NOT_FOUND,NO,INTERNATIONAL,INTERNATIONAL,UNKNOWN
15156,"Tumaco, Colombia: La Florida",NOT_FOUND,NO,NO_ICAO_CODE,INTERNATIONAL,UNKNOWN
15157,"Taba, Egypt: Taba International",NOT_FOUND,NO,NO_ICAO_CODE,INTERNATIONAL,UNKNOWN
15158,"Tacna, Peru: Coronel Carlos Ciriani Santa Rosa International",NOT_FOUND,NO,NO_ICAO_CODE,INTERNATIONAL,UNKNOWN
15159,"Truth Or Consequences, NM: Truth Or Consequences Municipal",NOT_FOUND,NO,NO_ICAO_CODE,NO_MATCH,UNKNOWN
15160,"Takotna, AK: Takotna Airport",NOT_FOUND,NO,NO_ICAO_CODE,NO_MATCH,UNKNOWN
15161,"Trinidad, Colombia: San Luis de Palenque",NOT_FOUND,NO,NO_ICAO_CODE,INTERNATIONAL,UNKNOWN
15162,"Trinidad, Bolivia: Tte Av Jorge Henrich Arauz International",NOT_FOUND,NO,NO_ICAO_CODE,INTERNATIONAL,UNKNOWN
15163,"Roxboro, NC: Raleigh Regional at Person County",KRDU,YES,ASOS_AVAILABLE,DIRECT_MATCH,HIGH
15164,"Amarillo, TX: Tradewind",KAMA,YES,ASOS_AVAILABLE,DIRECT_MATCH,HIGH
15165,"Toledo, OH: Metcalf Field",NOT_FOUND,NO,NO_ICAO_CODE,NO_MATCH,UNKNOWN
15166,"Tela, Honduras: Tela Airport",NOT_FOUND,NO,NO_ICAO_CODE,INTERNATIONAL,UNKNOWN
15167,"Teterboro, NJ: Teterboro Airport",NOT_FOUND,NO,NO_ICAO_CODE,NO_MATCH,UNKNOWN
15168,"Thisted, Denmark: Thisted Airport",NOT_FOUND,NO,NO_ICAO_CODE,INTERNATIONAL,UNKNOWN
15170,"Tetlin, AK: Tetlin Airport",NOT_FOUND,NO,NO_ICAO_CODE,NO_MATCH,UNKNOWN
15171,"Tatitlek, AK: Tatitlek Airport",NOT_FOUND,NO,NO_ICAO_CODE,NO_MATCH,UNKNOWN
15173,"Teptep, Papua New Guinea: Teptep Airport",NOT_FOUND,NO,NO_ICAO_CODE,INTERNATIONAL,UNKNOWN
15174,"Lajes, Portugal: Lajes Airport",NOT_FOUND,NO,NO_ICAO_CODE,INTERNATIONAL,UNKNOWN
15175,"Tete, Mozambique: Tete Chingodzi",NOT_FOUND,NO,NO_ICAO_CODE,INTERNATIONAL,UNKNOWN
15176,"Te Anau, New Zealand: Te Anau Airport",NOT_FOUND,NO,NO_ICAO_CODE,INTERNATIONAL,UNKNOWN
15177,"Telluride, CO: Telluride Regional",NOT_FOUND,NO,NO_ICAO_CODE,NO_MATCH,UNKNOWN
15178,"Tezpur, India: Tezpur Airport",NOT_FOUND,NO,INTERNATIONAL,INTERNATIONAL,UNKNOWN
15179,"Tefe, Brazil: Prefeito Orlando Marinho",NOT_FOUND,NO,INTERNATIONAL,INTERNATIONAL,UNKNOWN
15180,"Tufi, Papua New Guinea: Tufi Airport",NOT_FOUND,NO,NO_ICAO_CODE,INTERNATIONAL,UNKNOWN
15181,"Tenerife, Spain: Tenerife Norte",NOT_FOUND,NO,INTERNATIONAL,INTERNATIONAL,UNKNOWN
15182,"Tarbes/Lourdes/Pyrenees, France: Tarbes-Lourdes-Pyrenees",NOT_FOUND,NO,INTERNATIONAL,INTERNATIONAL,UNKNOWN
15183,"Tenerife, Spain: Tenerife Sur",NOT_FOUND,NO,INTERNATIONAL,INTERNATIONAL,UNKNOWN
15184,"Podgorica, Montenegro: Podgorica Airport",NOT_FOUND,NO,NO_ICAO_CODE,INTERNATIONAL,UNKNOWN
15185,"Tuskegee, AL: Sharpe Field",NOT_FOUND,NO,NO_ICAO_CODE,NO_MATCH,UNKNOWN
15186,"Kuala Trengganu, Malaysia: Kuala Trengganu Airport",NOT_FOUND,NO,NO_ICAO_CODE,INTERNATIONAL,UNKNOWN
15187,"Tongoa, Vanuatu: Tongoa Airport",NOT_FOUND,NO,NO_ICAO_CODE,NO_STATE_CODE,UNKNOWN
15188,"Tingo Maria, Peru: Tingo Maria Airport",NOT_FOUND,NO,NO_ICAO_CODE,INTERNATIONAL,UNKNOWN
15189,"Targu Mures, Romania: Targu Mures Airport",NOT_FOUND,NO,NO_ICAO_CODE,INTERNATIONAL,UNKNOWN
15190,"Touggourt, Algeria: Touggourt/Sidi Mahdi",NOT_FOUND,NO,NO_ICAO_CODE,INTERNATIONAL,UNKNOWN
15191,"Tanga, Tanzania: Tanga Airport",NOT_FOUND,NO,NO_ICAO_CODE,INTERNATIONAL,UNKNOWN
15192,"Tegucigalpa, Honduras: Toncontin International",NOT_FOUND,NO,NO_ICAO_CODE,INTERNATIONAL,UNKNOWN
15194,"Tuxtla Gutierrez, Mexico: Francisco Sarabia",NOT_FOUND,NO,INTERNATIONAL,INTERNATIONAL,UNKNOWN
15195,"Tullahoma, TN: Tullahoma Regional Airport/William Northern Field",NOT_FOUND,NO,NO_ICAO_CODE,NO_MATCH,UNKNOWN
15196,"Teresina, Brazil: Senador Petronio Portella",NOT_FOUND,NO,INTERNATIONAL,INTERNATIONAL,UNKNOWN
15197,"Berlin, Germany: Tempelhof",NOT_FOUND,NO,INTERNATIONAL,INTERNATIONAL,UNKNOWN
15198,"Biloela, Australia: Biloela (Thangool)",NOT_FOUND,NO,INTERNATIONAL,INTERNATIONAL,UNKNOWN
15199,"Trollhattan, Sweden: Trollhattan Vanersborg",NOT_FOUND,NO,NO_ICAO_CODE,INTERNATIONAL,UNKNOWN
15200,"Thermopolis, WY: Hot Springs County Thermopolis Municipal",NOT_FOUND,NO,NO_ICAO_CODE,NO_MATCH,UNKNOWN
15201,"Tehran, Iran: Mehrabad International",NOT_FOUND,NO,NO_ICAO_CODE,INTERNATIONAL,UNKNOWN
15202,"Thule, Greenland: Pituffik Space Base",NOT_FOUND,NO,NO_ICAO_CODE,INTERNATIONAL,UNKNOWN
15203,"York, PA: York Airport",NOT_FOUND,NO,NO_ICAO_CODE,NO_MATCH,UNKNOWN
15204,"Tahoua, Niger: Tahoua Airport",NOT_FOUND,NO,NO_ICAO_CODE,INTERNATIONAL,UNKNOWN
15205,"Tirana, Albania: Tirana International",NOT_FOUND,NO,NO_ICAO_CODE,INTERNATIONAL,UNKNOWN
15206,"Turiacu, Brazil: Turiacu Airport",NOT_FOUND,NO,INTERNATIONAL,INTERNATIONAL,UNKNOWN
15207,"Tippi, Ethiopia: Tippi Airport",NOT_FOUND,NO,NO_ICAO_CODE,INTERNATIONAL,UNKNOWN
15208,"Taif, Saudi Arabia: Taif International",NOT_FOUND,NO,NO_ICAO_CODE,INTERNATIONAL,UNKNOWN
15209,"Tikehau, French Polynesia: Tikehau Airport",NOT_FOUND,NO,NO_ICAO_CODE,INTERNATIONAL,UNKNOWN
15210,"Tijuana, Mexico: Tijuana International",NOT_FOUND,NO,INTERNATIONAL,INTERNATIONAL,UNKNOWN
15211,"Oklahoma City, OK: Tinker AFB",KOKC,YES,ASOS_AVAILABLE,DIRECT_MATCH,HIGH
15212,"Tembagapura, Indonesia: Mozes Kilangin",NOT_FOUND,NO,NO_ICAO_CODE,INTERNATIONAL,UNKNOWN
15213,"Tindouf, Algeria: Tindouf Airport",NOT_FOUND,NO,NO_ICAO_CODE,INTERNATIONAL,UNKNOWN
15214,"Tripoli, Libya: Tripoli International",NOT_FOUND,NO,NO_ICAO_CODE,NO_STATE_CODE,UNKNOWN
15215,"Tinian, TT: Francisco Manglona Borja Tinian International",NOT_FOUND,NO,NO_ICAO_CODE,NON_US_STATE,UNKNOWN
15216,"Tirupati, India: Tirupati Airport",NOT_FOUND,NO,INTERNATIONAL,INTERNATIONAL,UNKNOWN
15217,"Thursday Island, Australia: Horn Island",NOT_FOUND,NO,INTERNATIONAL,INTERNATIONAL,UNKNOWN
15218,"Timaru, New Zealand: Timaru Airport",NOT_FOUND,NO,NO_ICAO_CODE,INTERNATIONAL,UNKNOWN
15219,"Tivat, Montenegro: Tivat Airport",NOT_FOUND,NO,NO_ICAO_CODE,INTERNATIONAL,UNKNOWN
15220,"Tacoma, WA: Tacoma Narrows",KSEA,YES,ASOS_AVAILABLE,DIRECT_MATCH,HIGH
15221,"Titusville, FL: Space Coast Regional",NOT_FOUND,NO,NO_ICAO_CODE,NO_MATCH,UNKNOWN
15222,"Tidjikja, Mauritania: Tidjikja Airport",NOT_FOUND,NO,NO_ICAO_CODE,NO_STATE_CODE,UNKNOWN
15223,"Tari, Papua New Guinea: Tari Airport",NOT_FOUND,NO,NO_ICAO_CODE,INTERNATIONAL,UNKNOWN
15224,"Tarija, Bolivia: Cap Av Oriel Lea Plaza International",NOT_FOUND,NO,NO_ICAO_CODE,INTERNATIONAL,UNKNOWN
15225,"Trujillo, Honduras: Trujillo Airport",NOT_FOUND,NO,NO_ICAO_CODE,INTERNATIONAL,UNKNOWN
15226,"Tyumen, Russia: Roshchino",NOT_FOUND,NO,INTERNATIONAL,INTERNATIONAL,UNKNOWN
15227,"Ankara, Turkey: Murted",NOT_FOUND,NO,NO_ICAO_CODE,INTERNATIONAL,UNKNOWN
15228,"Talkeetna, AK: Talkeetna Airport",PATK,YES,ASOS_AVAILABLE,DIRECT_MATCH,HIGH
15229,"Tiko, Cameroon: Tiko Airport",NOT_FOUND,NO,NO_ICAO_CODE,INTERNATIONAL,UNKNOWN
15230,"Takoradi, Ghana: Takoradi Airport",NOT_FOUND,NO,NO_ICAO_CODE,INTERNATIONAL,UNKNOWN
15231,"Tenakee, AK: Tenakee Airport",NOT_FOUND,NO,NO_ICAO_CODE,NO_MATCH,UNKNOWN
15232,"Truckee, CA: Truckee Tahoe",NOT_FOUND,NO,NO_ICAO_CODE,NO_MATCH,UNKNOWN
15233,"Bandar Lampung, Indonesia: Branti",NOT_FOUND,NO,NO_ICAO_CODE,INTERNATIONAL,UNKNOWN
15234,"Takhli, Thailand: Takhli Airport",NOT_FOUND,NO,NO_ICAO_CODE,INTERNATIONAL,UNKNOWN
15235,"Tokeen, AK: Tokeen Airport",NOT_FOUND,NO,NO_ICAO_CODE,NO_MATCH,UNKNOWN
15236,"Tok, AK: Tok Junction",NOT_FOUND,NO,NO_ICAO_CODE,NO_MATCH,UNKNOWN
15237,"Chuuk, Federated States of Micronesia: Chuuk International",NOT_FOUND,NO,NO_ICAO_CODE,NO_STATE_CODE,UNKNOWN
15238,"Taku Lodge, AK: Taku Seaplane Base",NOT_FOUND,NO,PRIVATE/SPECIAL_USE,NO_MATCH,UNKNOWN
15239,"Tikal, Guatemala: Tikal Airport",NOT_FOUND,NO,NO_ICAO_CODE,INTERNATIONAL,UNKNOWN
15240,"Kigoma, Tanzania: Kigoma Airport",NOT_FOUND,NO,NO_ICAO_CODE,INTERNATIONAL,UNKNOWN
15241,"Thakurgaon, Bangladesh: Thakurgaon Stol Port",NOT_FOUND,NO,NO_ICAO_CODE,INTERNATIONAL,UNKNOWN
15242,"Tokushima, Japan: Tokushima Airport",NOT_FOUND,NO,INTERNATIONAL,INTERNATIONAL,UNKNOWN
15243,"Tak, Thailand: Tak Airport",NOT_FOUND,NO,NO_ICAO_CODE,INTERNATIONAL,UNKNOWN
15244,"Turku, Finland: Turku Airport",NOT_FOUND,NO,NO_ICAO_CODE,INTERNATIONAL,UNKNOWN
15245,"Teller, AK: Teller Airport",NOT_FOUND,NO,NO_ICAO_CODE,NO_MATCH,UNKNOWN
15246,"Toluca, Mexico: Toluca International",NOT_FOUND,NO,INTERNATIONAL,INTERNATIONAL,UNKNOWN
15247,"Tulear, Madagascar: Tulear Airport",NOT_FOUND,NO,NO_ICAO_CODE,INTERNATIONAL,UNKNOWN
15248,"Telida, AK: Telida Airport",NOT_FOUND,NO,NO_ICAO_CODE,NO_MATCH,UNKNOWN
15249,"Tallahassee, FL: Tallahassee International",KTLH,YES,ASOS_AVAILABLE,DIRECT_MATCH,HIGH
15250,"Tatalina, AK: Tatalina LRRS",NOT_FOUND,NO,NO_ICAO_CODE,NO_MATCH,UNKNOWN
15252,"Tallinn, Estonia: Lennart Meri Tallinn",NOT_FOUND,NO,NO_ICAO_CODE,INTERNATIONAL,UNKNOWN
15253,"Tlemcen, Algeria: Zenata-Messali El Hadj",NOT_FOUND,NO,NO_ICAO_CODE,INTERNATIONAL,UNKNOWN
15254,"Toulon/Hyeres, France: Hyeres Le Palyvestre",NOT_FOUND,NO,INTERNATIONAL,INTERNATIONAL,UNKNOWN
15255,"Tulare, CA: Mefford Field",NOT_FOUND,NO,NO_ICAO_CODE,NO_MATCH,UNKNOWN
15256,"Toulouse, France: Toulouse Blagnac",NOT_FOUND,NO,INTERNATIONAL,INTERNATIONAL,UNKNOWN
15257,"Tuluksak, AK: Tuluksak Airport",NOT_FOUND,NO,NO_ICAO_CODE,NO_MATCH,UNKNOWN
15258,"Tel Aviv, Israel: Ben Gurion",NOT_FOUND,NO,NO_ICAO_CODE,INTERNATIONAL,UNKNOWN
15259,"Tifton, GA: Henry Tift Myers",NOT_FOUND,NO,NO_ICAO_CODE,NO_MATCH,UNKNOWN
15260,"Miami, FL: Miami Executive",KMIA,YES,ASOS_AVAILABLE,DIRECT_MATCH,HIGH
15261,"Timbedra, Mauritania: Timbedra Airport",NOT_FOUND,NO,NO_ICAO_CODE,NO_STATE_CODE,UNKNOWN
15262,"Tumlingtar, Nepal: Tumlingtar Airport",NOT_FOUND,NO,NO_ICAO_CODE,INTERNATIONAL,UNKNOWN
15263,"Tamale, Ghana: Tamale Airport",NOT_FOUND,NO,NO_ICAO_CODE,INTERNATIONAL,UNKNOWN
15264,"Tamatave, Madagascar: Toamasina",NOT_FOUND,NO,NO_ICAO_CODE,INTERNATIONAL,UNKNOWN
15265,"Tampere, Finland: Tampere-Pirkkala",NOT_FOUND,NO,NO_ICAO_CODE,INTERNATIONAL,UNKNOWN
15266,"Tamanrasset, Algeria: Aguemar",NOT_FOUND,NO,NO_ICAO_CODE,INTERNATIONAL,UNKNOWN
15267,"Sao Tome Island, Sao Tome and Principe: Salazar",NOT_FOUND,NO,NO_ICAO_CODE,NO_STATE_CODE,UNKNOWN
15268,"Trombetas, Brazil: Trombetas Airport",NOT_FOUND,NO,INTERNATIONAL,INTERNATIONAL,UNKNOWN
15269,"Tamworth, Australia: Tamworth Airport",NOT_FOUND,NO,INTERNATIONAL,INTERNATIONAL,UNKNOWN
15270,"Lebanon, TN: Lebanon Municipal",NOT_FOUND,NO,NO_ICAO_CODE,INTERNATIONAL,UNKNOWN
15271,"Sparta, TN: Upper Cumberland Regional",NOT_FOUND,NO,NO_ICAO_CODE,NO_MATCH,UNKNOWN
15272,"Lewisburg, TN: Ellington",NOT_FOUND,NO,NO_ICAO_CODE,NO_MATCH,UNKNOWN
15273,"Pulaski, TN: Abernathy Field",NOT_FOUND,NO,NO_ICAO_CODE,NO_MATCH,UNKNOWN
15274,"Lexington, TN: Franklin Wilkins",KLEX,YES,ASOS_AVAILABLE,DIRECT_MATCH,HIGH
15275,"Dyersburg, TN: Dyersburg Regional",NOT_FOUND,NO,NO_ICAO_CODE,NO_MATCH,UNKNOWN
15276,"Winchester, TN: Winchester Municipal",NOT_FOUND,NO,NO_ICAO_CODE,NO_MATCH,UNKNOWN
15277,"Jinan, China: Yaoqiang",NOT_FOUND,NO,INTERNATIONAL,INTERNATIONAL,UNKNOWN
15278,"Tin City, AK: Tin City LRRS",NOT_FOUND,NO,NO_ICAO_CODE,NO_MATCH,UNKNOWN
15279,"Tanegashima, Japan: Tanegashima Airport",NOT_FOUND,NO,INTERNATIONAL,INTERNATIONAL,UNKNOWN
15280,"Tangier, Morocco: Tanger Ibn Batouta International",NOT_FOUND,NO,NO_ICAO_CODE,INTERNATIONAL,UNKNOWN
15281,"Tandjungpinang, Indonesia: Kidjang",NOT_FOUND,NO,NO_ICAO_CODE,INTERNATIONAL,UNKNOWN
15282,"Tununak, AK: Tununak Airport",NOT_FOUND,NO,NO_ICAO_CODE,NO_MATCH,UNKNOWN
15283,"Tainan, Taiwan: Tainan Airport",NOT_FOUND,NO,NO_ICAO_CODE,INTERNATIONAL,UNKNOWN
15284,"Twentynine Palms, CA: Twentynine Palms Airport",NOT_FOUND,NO,NO_ICAO_CODE,NO_MATCH,UNKNOWN
15285,"Antananarivo, Madagascar: Ivato",NOT_FOUND,NO,NO_ICAO_CODE,INTERNATIONAL,UNKNOWN
15286,"Miami, FL: Dade-Collier Training and Transition",KMIA,YES,ASOS_AVAILABLE,DIRECT_MATCH,HIGH
15287,"Newton, IA: Newton Municipal Earl Johnson Field",NOT_FOUND,NO,NO_ICAO_CODE,NO_MATCH,UNKNOWN
15288,"Stung Treng, Cambodia: Stung Treng Airport",NOT_FOUND,NO,NO_ICAO_CODE,INTERNATIONAL,UNKNOWN
15289,"Torrance, CA: Zamperini Field",NOT_FOUND,NO,NO_ICAO_CODE,NO_MATCH,UNKNOWN
15290,"Tobruk, Libya: Tobruk Airport",NOT_FOUND,NO,NO_ICAO_CODE,NO_STATE_CODE,UNKNOWN
15292,"Tozeur, Tunisia: Nefta",NOT_FOUND,NO,NO_ICAO_CODE,INTERNATIONAL,UNKNOWN
15293,"Togiak, AK: Togiak Airport",NOT_FOUND,NO,NO_ICAO_CODE,NO_MATCH,UNKNOWN
15294,"Madrid, Spain: Torrejon AFB",NOT_FOUND,NO,INTERNATIONAL,INTERNATIONAL,UNKNOWN
15295,"Toledo, OH: Eugene F Kranz Toledo Express",KEUG,YES,ASOS_AVAILABLE,DIRECT_MATCH,HIGH
15296,"Tombouctou, Mali: Tombouctou Airport",NOT_FOUND,NO,NO_ICAO_CODE,INTERNATIONAL,UNKNOWN
15297,"Topeka, KS: Philip Billard Municipal",NOT_FOUND,NO,NO_ICAO_CODE,NO_MATCH,UNKNOWN
15298,"Tocopilla, Chile: Barriles",NOT_FOUND,NO,NO_ICAO_CODE,INTERNATIONAL,UNKNOWN
15299,"Torrington, WY: Torrington Municipal",NOT_FOUND,NO,NO_ICAO_CODE,NO_MATCH,UNKNOWN
15300,"Tromso, Norway: Tromso Airport",NOT_FOUND,NO,NO_ICAO_CODE,INTERNATIONAL,UNKNOWN
15301,"Touho, New Caledonia: Touho Airport",NOT_FOUND,NO,NO_ICAO_CODE,NO_STATE_CODE,UNKNOWN
15302,"Tortola, British Virgin Islands: Tortola West End Seaplane Base",NOT_FOUND,NO,PRIVATE/SPECIAL_USE,NO_STATE_CODE,UNKNOWN
15303,"Toyama, Japan: Toyama Airport",NOT_FOUND,NO,INTERNATIONAL,INTERNATIONAL,UNKNOWN
15304,TPA,KTPA,YES,ASOS_AVAILABLE,DIRECT_MATCH,HIGH
15305,"Topeka, KS: Allen Air Park",NOT_FOUND,NO,NO_ICAO_CODE,NO_MATCH,UNKNOWN
15306,"Taipei, Taiwan: Taiwan Taoyuan International",NOT_FOUND,NO,NO_ICAO_CODE,INTERNATIONAL,UNKNOWN
15307,"Tampa, FL: Peter O'Knight",KTPA,YES,ASOS_AVAILABLE,DIRECT_MATCH,HIGH
15308,"Tonopah, NV: Tonopah Airport",NOT_FOUND,NO,NO_ICAO_CODE,NO_MATCH,UNKNOWN
15309,"Tapini, Papua New Guinea: Tapini Airport",NOT_FOUND,NO,NO_ICAO_CODE,INTERNATIONAL,UNKNOWN
15310,"Temple, TX: Draughon-Miller Central Texas Regional",NOT_FOUND,NO,NO_ICAO_CODE,NO_MATCH,UNKNOWN
15312,"Tarapoto, Peru: Tarapoto Airport",NOT_FOUND,NO,NO_ICAO_CODE,INTERNATIONAL,UNKNOWN
15313,"Tepic, Mexico: Tepic International",NOT_FOUND,NO,INTERNATIONAL,INTERNATIONAL,UNKNOWN
15314,"Tom Price, Australia: Tom Price Airport",NOT_FOUND,NO,INTERNATIONAL,INTERNATIONAL,UNKNOWN
15315,"Trapani/Marsala, Italy: Trapani/Birgi",NOT_FOUND,NO,NO_ICAO_CODE,INTERNATIONAL,UNKNOWN
15316,"Turbo, Colombia: Turbo Airport",NOT_FOUND,NO,NO_ICAO_CODE,INTERNATIONAL,UNKNOWN
15317,"Torreon, Mexico: Torreon International",NOT_FOUND,NO,INTERNATIONAL,INTERNATIONAL,UNKNOWN
15318,"Trondheim, Norway: Trondheim Airport",NOT_FOUND,NO,NO_ICAO_CODE,INTERNATIONAL,UNKNOWN
15319,"Tiree Island, United Kingdom: Tiree Island Airport",NOT_FOUND,NO,INTERNATIONAL,INTERNATIONAL,UNKNOWN
15320,"Sandefjord, Norway: Torp",NOT_FOUND,NO,NO_ICAO_CODE,INTERNATIONAL,UNKNOWN
15321,"Tauranga, New Zealand: Tauranga Airport",NOT_FOUND,NO,NO_ICAO_CODE,INTERNATIONAL,UNKNOWN
15322,"Trona, CA: Trona Airport",NOT_FOUND,NO,NO_ICAO_CODE,NO_MATCH,UNKNOWN
15323,"Bristol/Johnson City/Kingsport, TN: Tri Cities",NOT_FOUND,NO,NO_ICAO_CODE,NO_MATCH,UNKNOWN
15324,"Tarakan, Indonesia: Juwata",NOT_FOUND,NO,NO_ICAO_CODE,INTERNATIONAL,UNKNOWN
15325,"Thermal, CA: Jacqueline Cochran Regional",NOT_FOUND,NO,NO_ICAO_CODE,NO_MATCH,UNKNOWN
15326,"Turin, Italy: Torino",NOT_FOUND,NO,NO_ICAO_CODE,INTERNATIONAL,UNKNOWN
15327,"Taree, Australia: Taree Airport",NOT_FOUND,NO,INTERNATIONAL,INTERNATIONAL,UNKNOWN
15328,"Trincomalee, Sri Lanka: China Bay",NOT_FOUND,NO,INTERNATIONAL,INTERNATIONAL,UNKNOWN
15329,"Trieste, Italy: Trieste Airport",NOT_FOUND,NO,NO_ICAO_CODE,INTERNATIONAL,UNKNOWN
15331,"Trujillo, Peru: Cap FAP Carlos Martinez de Pinillos",NOT_FOUND,NO,NO_ICAO_CODE,INTERNATIONAL,UNKNOWN
15332,"Trivandrum, India: Thiruvananthapuram International",NOT_FOUND,NO,INTERNATIONAL,INTERNATIONAL,UNKNOWN
15333,"Tarawa, Kiribati: Bonriki International",NOT_FOUND,NO,NO_ICAO_CODE,NO_STATE_CODE,UNKNOWN
15334,"Trichinopoly, India: Tiruchirappalli International",NOT_FOUND,NO,INTERNATIONAL,INTERNATIONAL,UNKNOWN
15335,"Taipei, Taiwan: Taipei Songshan",NOT_FOUND,NO,NO_ICAO_CODE,INTERNATIONAL,UNKNOWN
15336,"Tsumeb, Namibia: Tsumeb Airport",NOT_FOUND,NO,NO_ICAO_CODE,INTERNATIONAL,UNKNOWN
15337,"Astana, Kazakhstan: Astana Airport",NOT_FOUND,NO,NO_ICAO_CODE,INTERNATIONAL,UNKNOWN
15338,"Venice, Italy: Treviso",NOT_FOUND,NO,NO_ICAO_CODE,INTERNATIONAL,UNKNOWN
15339,"Tanacross, AK: Tanacross Airport",NOT_FOUND,NO,NO_ICAO_CODE,NO_MATCH,UNKNOWN
15340,"Tshikapa, Congo (Kinshasa): Tshikapa Airport",NOT_FOUND,NO,NO_ICAO_CODE,INTERNATIONAL,UNKNOWN
15341,"Tsushima, Japan: Tsushima Airport",NOT_FOUND,NO,INTERNATIONAL,INTERNATIONAL,UNKNOWN
15342,"Taos, NM: Taos Regional",NOT_FOUND,NO,NO_ICAO_CODE,NO_MATCH,UNKNOWN
15343,"Tianjin, China: Tianjin Binhai International",NOT_FOUND,NO,INTERNATIONAL,INTERNATIONAL,UNKNOWN
15344,"Tehachapi, CA: Tehachapi Municipal",NOT_FOUND,NO,NO_ICAO_CODE,NO_MATCH,UNKNOWN
15345,"Timisoara, Romania: Traian Vuia",NOT_FOUND,NO,NO_ICAO_CODE,INTERNATIONAL,UNKNOWN
15346,"New York, NY: East 34th Street Heliport",NOT_FOUND,NO,PRIVATE/SPECIAL_USE,NO_MATCH,UNKNOWN
15348,"Townsville, Australia: Townsville International",NOT_FOUND,NO,INTERNATIONAL,INTERNATIONAL,UNKNOWN
15349,"Tortoli, Italy: Tortoli Airport",NOT_FOUND,NO,NO_ICAO_CODE,INTERNATIONAL,UNKNOWN
15350,"Taltal, Chile: Argolla",NOT_FOUND,NO,NO_ICAO_CODE,INTERNATIONAL,UNKNOWN
15351,"Troutdale, OR: Portland Troutdale",KPWM,YES,ASOS_AVAILABLE,DIRECT_MATCH,HIGH
15352,"Tartagal, Argentina: Tartagal Airport",NOT_FOUND,NO,NO_ICAO_CODE,INTERNATIONAL,UNKNOWN
15353,"Thumrait, Oman: Thumrait Airport",NOT_FOUND,NO,NO_ICAO_CODE,INTERNATIONAL,UNKNOWN
15354,"Tottori, Japan: Tottori Airport",NOT_FOUND,NO,INTERNATIONAL,INTERNATIONAL,UNKNOWN
15355,"Turtle Island, Fiji: Turtle Island Airport",NOT_FOUND,NO,NO_ICAO_CODE,INTERNATIONAL,UNKNOWN
15356,"Trenton, NJ: Trenton Mercer",KTTN,YES,ASOS_AVAILABLE,DIRECT_MATCH,HIGH
15358,"Tsaratanana, Madagascar: Tsaratanana Airport",NOT_FOUND,NO,NO_ICAO_CODE,INTERNATIONAL,UNKNOWN
15359,"Taitung, Taiwan: Fongnian",NOT_FOUND,NO,NO_ICAO_CODE,INTERNATIONAL,UNKNOWN
15360,"Tetuan, Morocco: Tetouan/Sania Ramel",NOT_FOUND,NO,NO_ICAO_CODE,INTERNATIONAL,UNKNOWN
15361,"Tulcan, Ecuador: Tulcan Airport",NOT_FOUND,NO,NO_ICAO_CODE,INTERNATIONAL,UNKNOWN
15362,"Tubuai Island, French Polynesia: Tubuai Is Fr. Polynesia",NOT_FOUND,NO,NO_ICAO_CODE,INTERNATIONAL,UNKNOWN
15363,"Tucuman, Argentina: Tucuman Airport",NOT_FOUND,NO,NO_ICAO_CODE,INTERNATIONAL,UNKNOWN
15364,"Tambacounda, Senegal: Tambacounda Airport",NOT_FOUND,NO,NO_ICAO_CODE,INTERNATIONAL,UNKNOWN
15365,"Tours, France: Tours Val de Loire",NOT_FOUND,NO,INTERNATIONAL,INTERNATIONAL,UNKNOWN
15366,"Tuguegarao, Philippines: Tuguegarao Airport",NOT_FOUND,NO,NO_ICAO_CODE,INTERNATIONAL,UNKNOWN
15367,"Tullahoma, TN: Arnold AFB",NOT_FOUND,NO,NO_ICAO_CODE,NO_MATCH,UNKNOWN
15368,"Turaif, Saudi Arabia: Turaif Airport",NOT_FOUND,NO,NO_ICAO_CODE,INTERNATIONAL,UNKNOWN
15369,"Turbat, Pakistan: Turbat International",NOT_FOUND,NO,NO_ICAO_CODE,INTERNATIONAL,UNKNOWN
15370,TUL,KTUL,YES,ASOS_AVAILABLE,DIRECT_MATCH,HIGH
15371,"Tumut, Australia: Tumut Airport",NOT_FOUND,NO,INTERNATIONAL,INTERNATIONAL,UNKNOWN
15372,"Tunis, Tunisia: Carthage",NOT_FOUND,NO,NO_ICAO_CODE,INTERNATIONAL,UNKNOWN
15373,"Taupo, New Zealand: Taupo Airport",NOT_FOUND,NO,NO_ICAO_CODE,INTERNATIONAL,UNKNOWN
15374,"Tupelo, MS: Tupelo Regional",NOT_FOUND,NO,NO_ICAO_CODE,NO_MATCH,UNKNOWN
15375,"Tucurui, Brazil: Tucurui Airport",NOT_FOUND,NO,INTERNATIONAL,INTERNATIONAL,UNKNOWN
15376,TUS,KTUS,YES,ASOS_AVAILABLE,DIRECT_MATCH,HIGH
15377,"Tauta, Papua New Guinea: Tauta Airport",NOT_FOUND,NO,NO_ICAO_CODE,INTERNATIONAL,UNKNOWN
15378,"Tabuk, Saudi Arabia: Prince Sultan Bin Abdulaziz",NOT_FOUND,NO,NO_ICAO_CODE,INTERNATIONAL,UNKNOWN
15379,"Morafenobe, Madagascar: Morafenobe Airport",NOT_FOUND,NO,NO_ICAO_CODE,INTERNATIONAL,UNKNOWN
15380,"Traverse City, MI: Cherry Capital",NOT_FOUND,NO,NO_ICAO_CODE,NO_MATCH,UNKNOWN
15381,"Thief River Falls, MN: Thief River Falls Regional",NOT_FOUND,NO,NO_ICAO_CODE,NO_MATCH,UNKNOWN
15382,"Thomasville, GA: Thomasville Regional",NOT_FOUND,NO,NO_ICAO_CODE,NO_MATCH,UNKNOWN
15383,"Lake Tahoe, CA: Lake Tahoe Airport",NOT_FOUND,NO,NO_ICAO_CODE,NO_MATCH,UNKNOWN
15384,"Taveuni, Fiji: Matei",NOT_FOUND,NO,NO_ICAO_CODE,INTERNATIONAL,UNKNOWN
15385,"Twin Hills, AK: Twin Hills Airport",NOT_FOUND,NO,NO_ICAO_CODE,NO_MATCH,UNKNOWN
15386,"Toowoomba, Australia: Toowoomba Airport",NOT_FOUND,NO,INTERNATIONAL,INTERNATIONAL,UNKNOWN
15387,"Port Townsend, WA: Jefferson County International",NOT_FOUND,NO,NO_ICAO_CODE,NO_MATCH,UNKNOWN
15388,"Taylor, AK: Taylor Airport",NOT_FOUND,NO,NO_ICAO_CODE,NO_MATCH,UNKNOWN
15389,"Twin Falls, ID: Joslin Field - Magic Valley Regional",KTWF,YES,ASOS_AVAILABLE,DIRECT_MATCH,HIGH
15390,"Two Harbors, CA: Two Harbors Airport",NOT_FOUND,NO,NO_ICAO_CODE,NO_MATCH,UNKNOWN
15392,"Tawau, Malaysia: Tawau Airport",NOT_FOUND,NO,NO_ICAO_CODE,INTERNATIONAL,UNKNOWN
15393,"Mesquite, TX: Mesquite Metro",NOT_FOUND,NO,NO_ICAO_CODE,NO_MATCH,UNKNOWN
15394,"Denver City, TX: Denver City Airport",KDEN,YES,ASOS_AVAILABLE,DIRECT_MATCH,HIGH
15395,"Port Isabel, TX: Cameron County",NOT_FOUND,NO,NO_ICAO_CODE,NO_MATCH,UNKNOWN
15396,"Ballinger, TX: Bruce Field",NOT_FOUND,NO,NO_ICAO_CODE,NO_MATCH,UNKNOWN
15397,"Cleburne, TX: Cleburne Regional",NOT_FOUND,NO,NO_ICAO_CODE,NO_MATCH,UNKNOWN
15398,"Horseshoe Bay, TX: Horseshoe Bay Resort",NOT_FOUND,NO,NO_ICAO_CODE,NO_MATCH,UNKNOWN
15399,"Post, TX: Post Garza County Municipal",NOT_FOUND,NO,NO_ICAO_CODE,NO_MATCH,UNKNOWN
15400,"Taichung, Taiwan: Taichung Airport",NOT_FOUND,NO,NO_ICAO_CODE,INTERNATIONAL,UNKNOWN
15401,"Texarkana, AR: Texarkana Regional-Webb Field",NOT_FOUND,NO,NO_ICAO_CODE,NO_MATCH,UNKNOWN
15402,"Berlin, Germany: Tegel",NOT_FOUND,NO,INTERNATIONAL,INTERNATIONAL,UNKNOWN
15403,"Tunxi, China: Tunxi Airport",NOT_FOUND,NO,INTERNATIONAL,INTERNATIONAL,UNKNOWN
15404,"Tabou, Cote d'Ivoire: Tabou Airport",NOT_FOUND,NO,NO_ICAO_CODE,NO_STATE_CODE,UNKNOWN
15405,"Tibooburra, Australia: Tibooburra Airport",NOT_FOUND,NO,INTERNATIONAL,INTERNATIONAL,UNKNOWN
15406,"Tyonek, AK: Tyonek Airport",NOT_FOUND,NO,NO_ICAO_CODE,NO_MATCH,UNKNOWN
15408,"Talara, Peru: Capitan FAP Victor Montes International",NOT_FOUND,NO,NO_ICAO_CODE,INTERNATIONAL,UNKNOWN
15409,"Taiyuan, China: Wusu",NOT_FOUND,NO,INTERNATIONAL,INTERNATIONAL,UNKNOWN
15410,"Tokyo, Japan: Tokyo Metropolitan Area",NOT_FOUND,NO,INTERNATIONAL,INTERNATIONAL,UNKNOWN
15411,"Tyler, TX: Tyler Pounds Regional",NOT_FOUND,NO,NO_ICAO_CODE,NO_MATCH,UNKNOWN
15412,"Knoxville, TN: McGhee Tyson",KTYS,YES,ASOS_AVAILABLE,DIRECT_MATCH,HIGH
15413,"Taylor, AZ: Taylor Airport",NOT_FOUND,NO,NO_ICAO_CODE,NO_MATCH,UNKNOWN
15414,"Belize City, Belize: Belize Municipal",NOT_FOUND,NO,NO_ICAO_CODE,INTERNATIONAL,UNKNOWN
15415,"Maya Beach, Belize: Maya Beach Airport",NOT_FOUND,NO,NO_ICAO_CODE,INTERNATIONAL,UNKNOWN
15416,"Tuzla, Bosnia and Herzegovina: Tuzla Airport",NOT_FOUND,NO,NO_ICAO_CODE,INTERNATIONAL,UNKNOWN
15417,"South Andos, The Bahamas: Congo Town",NOT_FOUND,NO,NO_ICAO_CODE,INTERNATIONAL,UNKNOWN
15418,"Trabzon, Turkey: Trabzon Airport",NOT_FOUND,NO,NO_ICAO_CODE,INTERNATIONAL,UNKNOWN
15419,"Adana, Turkey: Incirlik AB",NOT_FOUND,NO,NO_ICAO_CODE,INTERNATIONAL,UNKNOWN
15420,"Ua Huka, French Polynesia: Ua Huka Airport",NOT_FOUND,NO,NO_ICAO_CODE,INTERNATIONAL,UNKNOWN
15421,"Narsarsuaq, Greenland: Narsarsuaq Airport",NOT_FOUND,NO,NO_ICAO_CODE,INTERNATIONAL,UNKNOWN
15422,"Guam, TT: Andersen AFB",NOT_FOUND,NO,NO_ICAO_CODE,NON_US_STATE,UNKNOWN
15423,"San Juan, Argentina: San Juan Airport",NOT_FOUND,NO,NO_ICAO_CODE,INTERNATIONAL,UNKNOWN
15424,"Samburu, Kenya: Samburu Airport",NOT_FOUND,NO,NO_ICAO_CODE,INTERNATIONAL,UNKNOWN
15425,"Uaxactun, Guatemala: Uaxactun Airport",NOT_FOUND,NO,NO_ICAO_CODE,INTERNATIONAL,UNKNOWN
15426,"Uberaba, Brazil: Mario de Almeida Franco",NOT_FOUND,NO,INTERNATIONAL,INTERNATIONAL,UNKNOWN
15427,"Chatham, MA: Chatham Municipal",NOT_FOUND,NO,NO_ICAO_CODE,NO_MATCH,UNKNOWN
15428,"Ube, Japan: Yamaguchi Ube",NOT_FOUND,NO,INTERNATIONAL,INTERNATIONAL,UNKNOWN
15429,"Ubon Ratchathani, Thailand: Ubon Ratchathani Airport",NOT_FOUND,NO,NO_ICAO_CODE,INTERNATIONAL,UNKNOWN
15430,"Columbus, MS: Columbus-Lowndes County",KCMH,YES,ASOS_AVAILABLE,DIRECT_MATCH,HIGH
15431,"Utica/Rome, NY: Oneida County",NOT_FOUND,NO,NO_ICAO_CODE,NO_MATCH,UNKNOWN
15433,"Union City, TN: Everett-Stewart Regional",NOT_FOUND,NO,NO_ICAO_CODE,NO_MATCH,UNKNOWN
15434,"Bermuda Dunes, CA: Bermuda Dunes Airport",NOT_FOUND,NO,NO_ICAO_CODE,NO_MATCH,UNKNOWN
15435,"Darlington, SC: Darlington County",NOT_FOUND,NO,NO_ICAO_CODE,NO_MATCH,UNKNOWN
15436,"Uberlandia, Brazil: Uberlandia Airport",NOT_FOUND,NO,INTERNATIONAL,INTERNATIONAL,UNKNOWN
15437,"Udaipur, India: Maharana Pratap",NOT_FOUND,NO,INTERNATIONAL,INTERNATIONAL,UNKNOWN
15438,"Quelimane, Mozambique: Quelimane Airport",NOT_FOUND,NO,NO_ICAO_CODE,INTERNATIONAL,UNKNOWN
15439,"Kumejima, Japan: Kumejima Airport",NOT_FOUND,NO,INTERNATIONAL,INTERNATIONAL,UNKNOWN
15440,"Waukesha, WI: Waukesha County",NOT_FOUND,NO,NO_ICAO_CODE,NO_MATCH,UNKNOWN
15441,"Quetta, Pakistan: Samungli International",NOT_FOUND,NO,NO_ICAO_CODE,INTERNATIONAL,UNKNOWN
15442,"Ufa, Russia: Ufa Airport",NOT_FOUND,NO,INTERNATIONAL,INTERNATIONAL,UNKNOWN
15443,"Ugashik, AK: Ugashik Airport",NOT_FOUND,NO,NO_ICAO_CODE,NO_MATCH,UNKNOWN
15444,"Pilot Point, AK: Ugashik Bay",NOT_FOUND,NO,NO_ICAO_CODE,NO_MATCH,UNKNOWN
15445,"Urgench, Uzbekistan: Urgench Airport",NOT_FOUND,NO,NO_ICAO_CODE,INTERNATIONAL,UNKNOWN
15446,"Uganik, AK: Uganik Airport",NOT_FOUND,NO,NO_ICAO_CODE,NO_MATCH,UNKNOWN
15447,"Waukegan, IL: Waukegan National",NOT_FOUND,NO,NO_ICAO_CODE,NO_MATCH,UNKNOWN
15448,"Ugashik, AK: Ugashik Airport",NOT_FOUND,NO,NO_ICAO_CODE,NO_MATCH,UNKNOWN
15449,"Uherske Hradiste, Czech Republic: Uherske Hradiste Airport",NOT_FOUND,NO,NO_ICAO_CODE,INTERNATIONAL,UNKNOWN
15450,"Upper Heyford, United Kingdom: Upper Heyford Airport",NOT_FOUND,NO,INTERNATIONAL,INTERNATIONAL,UNKNOWN
15451,"Quibdo, Colombia: El Carano",NOT_FOUND,NO,NO_ICAO_CODE,INTERNATIONAL,UNKNOWN
15452,"Qui Nhon, Vietnam: Phu Cat",NOT_FOUND,NO,NO_ICAO_CODE,INTERNATIONAL,UNKNOWN
15453,"Utila Island, Honduras: Utila Island Hond.",NOT_FOUND,NO,NO_ICAO_CODE,INTERNATIONAL,UNKNOWN
15454,"Quincy, IL: Quincy Regional-Baldwin Field",NOT_FOUND,NO,NO_ICAO_CODE,NO_MATCH,UNKNOWN
15455,"Quito, Ecuador: Old Mariscal Sucre International",NOT_FOUND,NO,NO_ICAO_CODE,INTERNATIONAL,UNKNOWN
15456,"Quimper, France: Quimper Pluguffan",NOT_FOUND,NO,INTERNATIONAL,INTERNATIONAL,UNKNOWN
15457,"Kobe Honshu Island, Japan: Kobe",NOT_FOUND,NO,INTERNATIONAL,INTERNATIONAL,UNKNOWN
15458,"Ukiah, CA: Ukiah Municipal",NOT_FOUND,NO,NO_ICAO_CODE,NO_MATCH,UNKNOWN
15459,"San Julian, Argentina: San Julian Airport",NOT_FOUND,NO,NO_ICAO_CODE,INTERNATIONAL,UNKNOWN
15460,"Santiago, Chile: Los Cerrillos",NOT_FOUND,NO,NO_ICAO_CODE,INTERNATIONAL,UNKNOWN
15461,"Ulithi, Federated States of Micronesia: Ulithi Airport",NOT_FOUND,NO,NO_ICAO_CODE,NO_STATE_CODE,UNKNOWN
15462,"New Ulm, MN: New Ulm Municipal",NOT_FOUND,NO,NO_ICAO_CODE,NO_MATCH,UNKNOWN
15463,"Ulaanbaator, Mongolia: Buyant Ukhaa International",NOT_FOUND,NO,NO_ICAO_CODE,INTERNATIONAL,UNKNOWN
15464,"Tulua, Colombia: Heriberto Gil Martinez",NOT_FOUND,NO,NO_ICAO_CODE,INTERNATIONAL,UNKNOWN
15465,"Ulysses, KS: Ulysses Airport",NOT_FOUND,NO,NO_ICAO_CODE,NO_MATCH,UNKNOWN
15466,"Ulyanovsk, Russia: Ulyanovsk Vostochny",NOT_FOUND,NO,INTERNATIONAL,INTERNATIONAL,UNKNOWN
15467,"Umnak, AK: North Shore",NOT_FOUND,NO,NO_ICAO_CODE,NO_MATCH,UNKNOWN
15468,"Uummannaq, Greenland: Uummannaq Airport",NOT_FOUND,NO,NO_ICAO_CODE,INTERNATIONAL,UNKNOWN
15469,"Umea, Sweden: Umea Airport",NOT_FOUND,NO,NO_ICAO_CODE,INTERNATIONAL,UNKNOWN
15470,"Summit, AK: Summit Airport",NOT_FOUND,NO,NO_ICAO_CODE,NO_MATCH,UNKNOWN
15471,"Woomera, Australia: Woomera Airport",NOT_FOUND,NO,INTERNATIONAL,INTERNATIONAL,UNKNOWN
15472,"Umiat, AK: Umiat Airport",NOT_FOUND,NO,NO_ICAO_CODE,NO_MATCH,UNKNOWN
15473,"Umuarama, Brazil: Orlando de Carvalho",NOT_FOUND,NO,INTERNATIONAL,INTERNATIONAL,UNKNOWN
15475,"Konduz, Afghanistan: Kunduz",NOT_FOUND,NO,NO_ICAO_CODE,INTERNATIONAL,UNKNOWN
15476,"Kiunga, Papua New Guinea: Kiunga Airport",NOT_FOUND,NO,NO_ICAO_CODE,INTERNATIONAL,UNKNOWN
15477,"Union Island, Saint Vincent and the Grenadines: Union Island Airport",NOT_FOUND,NO,NO_ICAO_CODE,INTERNATIONAL,UNKNOWN
15478,"Unalakleet, AK: Unalakleet Airport",NOT_FOUND,NO,NO_ICAO_CODE,NO_MATCH,UNKNOWN
15479,"Umnak, AK: Umnak Airport",NOT_FOUND,NO,NO_ICAO_CODE,NO_MATCH,UNKNOWN
15480,"Unst, United Kingdom: Unst Airport",NOT_FOUND,NO,INTERNATIONAL,INTERNATIONAL,UNKNOWN
15481,"Oxford, MS: University-Oxford",NOT_FOUND,NO,NO_ICAO_CODE,NO_MATCH,UNKNOWN
15482,"Ujung Pandang, Indonesia: Hasanuddin",NOT_FOUND,NO,NO_ICAO_CODE,INTERNATIONAL,UNKNOWN
15483,"Uruapan, Mexico: Uruapan Airport",NOT_FOUND,NO,INTERNATIONAL,INTERNATIONAL,UNKNOWN
15484,"Upolo Point, HI: Upolu",NOT_FOUND,NO,NO_ICAO_CODE,NO_MATCH,UNKNOWN
15485,"Queens, AK: The Queens",NOT_FOUND,NO,NO_ICAO_CODE,NO_MATCH,UNKNOWN
15486,"Uralsk, Kazakhstan: Uralsk Airport",NOT_FOUND,NO,NO_ICAO_CODE,INTERNATIONAL,UNKNOWN
15487,"Urubupunga, Brazil: Urubupunga Airport",NOT_FOUND,NO,INTERNATIONAL,INTERNATIONAL,UNKNOWN
15488,"Urumqi, China: Tianshan",NOT_FOUND,NO,INTERNATIONAL,INTERNATIONAL,UNKNOWN
15489,"Uruguaiana, Brazil: Rubem Berta International",NOT_FOUND,NO,INTERNATIONAL,INTERNATIONAL,UNKNOWN
15490,"Boos, France: Rouen Vallee de Seine",NOT_FOUND,NO,INTERNATIONAL,INTERNATIONAL,UNKNOWN
15491,"Surat Thani, Thailand: Surat Thani Airport",NOT_FOUND,NO,NO_ICAO_CODE,INTERNATIONAL,UNKNOWN
15492,"Gurayat, Saudi Arabia: Guriat",NOT_FOUND,NO,NO_ICAO_CODE,INTERNATIONAL,UNKNOWN
15493,"Ushuaia, Argentina: Islas Malvinas",NOT_FOUND,NO,NO_ICAO_CODE,INTERNATIONAL,UNKNOWN
15494,"Usibelli, AK: Usi Belli Coal Mine",NOT_FOUND,NO,PRIVATE/SPECIAL_USE,NO_MATCH,UNKNOWN
15495,"Koh Samui, Thailand: Samui",NOT_FOUND,NO,NO_ICAO_CODE,INTERNATIONAL,UNKNOWN
15496,"Ulsan, South Korea: Ulsan Airport",NOT_FOUND,NO,INTERNATIONAL,INTERNATIONAL,UNKNOWN
15497,"St. Augustine, FL: Northeast Florida Regional",NOT_FOUND,NO,NO_ICAO_CODE,NO_MATCH,UNKNOWN
15498,"Heber, UT: Heber Valley",NOT_FOUND,NO,NO_ICAO_CODE,NO_MATCH,UNKNOWN
15499,"Muttaburra, Australia: Muttaburra Airport",NOT_FOUND,NO,INTERNATIONAL,INTERNATIONAL,UNKNOWN
15500,"Udon Thani, Thailand: Udon Thani Airport",NOT_FOUND,NO,NO_ICAO_CODE,INTERNATIONAL,UNKNOWN
15501,"Utirik, Marshall Islands: Utirik Island",NOT_FOUND,NO,NO_ICAO_CODE,NO_STATE_CODE,UNKNOWN
15502,"Tunica, MS: Tunica Municipal",NOT_FOUND,NO,NO_ICAO_CODE,NO_MATCH,UNKNOWN
15503,"Upington, South Africa: Upington International",NOT_FOUND,NO,NO_ICAO_CODE,INTERNATIONAL,UNKNOWN
15504,"Utopia, AK: Indian Mountain LRRS",NOT_FOUND,NO,INTERNATIONAL,INTERNATIONAL,UNKNOWN
15505,"Utapao, Thailand: U Tapao Rayong Pattaya International",NOT_FOUND,NO,NO_ICAO_CODE,INTERNATIONAL,UNKNOWN
15506,"Mthatha, South Africa: Mthatha Airport",NOT_FOUND,NO,NO_ICAO_CODE,INTERNATIONAL,UNKNOWN
15507,"Queenstown, South Africa: Queenstown Airport",NOT_FOUND,NO,NO_ICAO_CODE,INTERNATIONAL,UNKNOWN
15508,"Kuparuk, AK: North Kuparuk",NOT_FOUND,NO,NO_ICAO_CODE,NO_MATCH,UNKNOWN
15509,"Yuzhno-Sakhalinsk, Russia: Khomutovo",NOT_FOUND,NO,INTERNATIONAL,INTERNATIONAL,UNKNOWN
15510,"Manumu, Papua New Guinea: Manumu Airport",NOT_FOUND,NO,NO_ICAO_CODE,INTERNATIONAL,UNKNOWN
15511,"Uvalde, TX: Garner Field",NOT_FOUND,NO,NO_ICAO_CODE,NO_MATCH,UNKNOWN
15512,"Ouvea, New Caledonia: Ouvea Ouloup",NOT_FOUND,NO,NO_ICAO_CODE,NO_STATE_CODE,UNKNOWN
15513,"St. Lucia, Saint Lucia: Hewanorra International",NOT_FOUND,NO,NO_ICAO_CODE,INTERNATIONAL,UNKNOWN
15514,"Kharja, Egypt: New Valley",NOT_FOUND,NO,NO_ICAO_CODE,INTERNATIONAL,UNKNOWN
15515,"Lik Camp, AK: Lik Camp Airport",NOT_FOUND,NO,NO_ICAO_CODE,NO_MATCH,UNKNOWN
15516,"Fassberg, Germany: Fassberg Airport",NOT_FOUND,NO,INTERNATIONAL,INTERNATIONAL,UNKNOWN
15517,"Hawley, MN: Hawley Municipal",NOT_FOUND,NO,NO_ICAO_CODE,NO_MATCH,UNKNOWN
15518,"Chowchilla, CA: Chowchilla Airport",NOT_FOUND,NO,NO_ICAO_CODE,NO_MATCH,UNKNOWN
15519,"Faulkton, SD: Faulkton Municipal",NOT_FOUND,NO,NO_ICAO_CODE,NO_MATCH,UNKNOWN
15520,"St. Anthony, ID: Stanford Field",NOT_FOUND,NO,NO_ICAO_CODE,NO_MATCH,UNKNOWN
15521,"Dutch John, UT: Dutch John Airport",NOT_FOUND,NO,NO_ICAO_CODE,NO_MATCH,UNKNOWN
15522,"Kiev, Ukraine: Antonov 2 International",NOT_FOUND,NO,NO_ICAO_CODE,INTERNATIONAL,UNKNOWN
15523,"Calder Bay, AK: Calder Bay Airport",NOT_FOUND,NO,NO_ICAO_CODE,NO_MATCH,UNKNOWN
15524,"Richmond, KY: Central Kentucky Regional",KRIC,YES,ASOS_AVAILABLE,DIRECT_MATCH,HIGH
15525,"Petaluma, CA: Petaluma Municipal",NOT_FOUND,NO,NO_ICAO_CODE,NO_MATCH,UNKNOWN
15526,"Chariot, AK: Chariot Airport",NOT_FOUND,NO,NO_ICAO_CODE,NO_MATCH,UNKNOWN
15527,"47-Mile Mine, AK: 47-Mile Mine Airport",NOT_FOUND,NO,PRIVATE/SPECIAL_USE,NO_MATCH,UNKNOWN
15528,"Prestonsburg, KY: Big Sandy Regional",NOT_FOUND,NO,NO_ICAO_CODE,NO_MATCH,UNKNOWN
15529,"Fitchburg, MA: Fitchburg Municipal",NOT_FOUND,NO,NO_ICAO_CODE,NO_MATCH,UNKNOWN
15530,"Bay St. Louis, MS: Stennis International",KSTL,YES,ASOS_AVAILABLE,DIRECT_MATCH,HIGH
15531,"Gilze-Rijen, Netherlands: Gilze-Rijen Airport",NOT_FOUND,NO,NO_ICAO_CODE,INTERNATIONAL,UNKNOWN
15532,"Monument Valley, UT: Monument Valley Airport",NOT_FOUND,NO,NO_ICAO_CODE,NO_MATCH,UNKNOWN
15533,"Cimarron, KS: Cimarron Municipal",NOT_FOUND,NO,NO_ICAO_CODE,NO_MATCH,UNKNOWN
15534,"Lorain/Elyria, OH: Lorain County Regional",NOT_FOUND,NO,NO_ICAO_CODE,NO_MATCH,UNKNOWN
15535,"Cheboygan, MI: Cheboygan County",NOT_FOUND,NO,NO_ICAO_CODE,NO_MATCH,UNKNOWN
15536,"Enterprise, OR: Enterprise Municipal",NOT_FOUND,NO,NO_ICAO_CODE,NO_MATCH,UNKNOWN
15537,"Cookeville, TN: Putnam County",NOT_FOUND,NO,NO_ICAO_CODE,NO_MATCH,UNKNOWN
15538,"Hot Springs, MT: Hot Springs Airport",NOT_FOUND,NO,NO_ICAO_CODE,NO_MATCH,UNKNOWN
15539,"Circle, MT: Circle Town County",NOT_FOUND,NO,NO_ICAO_CODE,NO_MATCH,UNKNOWN
15540,"Garrison, ND: Garrison Municipal",NOT_FOUND,NO,NO_ICAO_CODE,NO_MATCH,UNKNOWN
15541,"Melilla, Uruguay: Angel S Adami",NOT_FOUND,NO,NO_ICAO_CODE,INTERNATIONAL,UNKNOWN
15543,"Nyala, Sudan: Nyala Airport",NOT_FOUND,NO,NO_ICAO_CODE,INTERNATIONAL,UNKNOWN
15544,"Curuzu Cuatia, Argentina: Curuzu Cuatia Airport",NOT_FOUND,NO,NO_ICAO_CODE,INTERNATIONAL,UNKNOWN
15545,"Emporia, VA: Emporia Greensville Regional",NOT_FOUND,NO,NO_ICAO_CODE,NO_MATCH,UNKNOWN
15546,"Chesapeake, VA: Chesapeake Regional",NOT_FOUND,NO,NO_ICAO_CODE,NO_MATCH,UNKNOWN
15547,"Marion/Wytheville, VA: Mountain Empire",NOT_FOUND,NO,NO_ICAO_CODE,NO_MATCH,UNKNOWN
15548,"Leesburg, VA: Leesburg Executive",NOT_FOUND,NO,NO_ICAO_CODE,NO_MATCH,UNKNOWN
15549,"Vaasa, Finland: Vaasa Airport",NOT_FOUND,NO,NO_ICAO_CODE,INTERNATIONAL,UNKNOWN
15550,"Valdosta, GA: Moody AFB",NOT_FOUND,NO,NO_ICAO_CODE,NO_MATCH,UNKNOWN
15552,"Valence, France: Valence Chabeuil",NOT_FOUND,NO,INTERNATIONAL,INTERNATIONAL,UNKNOWN
15553,"Vanimo, Papua New Guinea: Vanimo Airport",NOT_FOUND,NO,NO_ICAO_CODE,INTERNATIONAL,UNKNOWN
15554,"Chevak, AK: Chevak Airport",NOT_FOUND,NO,NO_ICAO_CODE,NO_MATCH,UNKNOWN
15555,"Van, Turkey: Van Airport",NOT_FOUND,NO,NO_ICAO_CODE,INTERNATIONAL,UNKNOWN
15556,"Suavanao, Solomon Islands: Suavanao Airport",NOT_FOUND,NO,NO_ICAO_CODE,NO_STATE_CODE,UNKNOWN
15557,"Varna, Bulgaria: Varna Airport",NOT_FOUND,NO,NO_ICAO_CODE,INTERNATIONAL,UNKNOWN
15558,"Sivas, Turkey: Sivas Airport",NOT_FOUND,NO,NO_ICAO_CODE,INTERNATIONAL,UNKNOWN
15559,"Vava'u, Tonga: Vava'u International",NOT_FOUND,NO,NO_ICAO_CODE,INTERNATIONAL,UNKNOWN
15561,"Lompoc, CA: Vandenberg Sfb",NOT_FOUND,NO,NO_ICAO_CODE,NO_MATCH,UNKNOWN
15562,"Brescia, Italy: Brescia Montichiari",NOT_FOUND,NO,NO_ICAO_CODE,INTERNATIONAL,UNKNOWN
15563,"Visby, Sweden: Visby Airport",NOT_FOUND,NO,NO_ICAO_CODE,INTERNATIONAL,UNKNOWN
15564,"Can Tho, Vietnam: Can Tho International",NOT_FOUND,NO,NO_ICAO_CODE,INTERNATIONAL,UNKNOWN
15565,"View Cove, AK: View Cove Airport",NOT_FOUND,NO,NO_ICAO_CODE,NO_MATCH,UNKNOWN
15566,"Venice, Italy: Marco Polo International",NOT_FOUND,NO,NO_ICAO_CODE,INTERNATIONAL,UNKNOWN
15567,"Sao Paulo, Brazil: Viracopos International",NOT_FOUND,NO,INTERNATIONAL,INTERNATIONAL,UNKNOWN
15568,"Carora, Venezuela: Carora Airport",NOT_FOUND,NO,NO_ICAO_CODE,INTERNATIONAL,UNKNOWN
15569,"Victoria, TX: Victoria Regional",NOT_FOUND,NO,NO_ICAO_CODE,NO_MATCH,UNKNOWN
15570,"Victorville, CA: Southern California Logistics",NOT_FOUND,NO,NO_ICAO_CODE,NO_MATCH,UNKNOWN
15571,"Ovda, Israel: Ovda Airport",NOT_FOUND,NO,NO_ICAO_CODE,INTERNATIONAL,UNKNOWN
15572,"Vitoria Da Conquista, Brazil: Vitoria Da Conquista Airport",NOT_FOUND,NO,INTERNATIONAL,INTERNATIONAL,UNKNOWN
15573,"Valverde, Spain: El Hierro",NOT_FOUND,NO,INTERNATIONAL,INTERNATIONAL,UNKNOWN
15574,"Vidalia, GA: Vidalia Regional",NOT_FOUND,NO,NO_ICAO_CODE,NO_MATCH,UNKNOWN
15575,"Viedma, Argentina: Viedma Airport",NOT_FOUND,NO,NO_ICAO_CODE,INTERNATIONAL,UNKNOWN
15576,"Valle de la Pascua, Venezuela: Valle de la Pascua Airport",NOT_FOUND,NO,NO_ICAO_CODE,INTERNATIONAL,UNKNOWN
15577,"Villa Dolores, Argentina: Villa Dolores Airport",NOT_FOUND,NO,NO_ICAO_CODE,INTERNATIONAL,UNKNOWN
15578,"Vadso, Norway: Vadso Airport",NOT_FOUND,NO,NO_ICAO_CODE,INTERNATIONAL,UNKNOWN
15579,"Valdez, AK: Valdez Pioneer Field",PAVD,YES,ASOS_AVAILABLE,DIRECT_MATCH,HIGH
15581,"Venetie, AK: Venetie Airport",NOT_FOUND,NO,NO_ICAO_CODE,NO_MATCH,UNKNOWN
15582,"Vernal, UT: Vernal Regional",NOT_FOUND,NO,NO_ICAO_CODE,NO_MATCH,UNKNOWN
15583,"Versailles, MO: Roy Otten Memorial Airfield",NOT_FOUND,NO,NO_ICAO_CODE,NO_MATCH,UNKNOWN
15584,"Veracruz, Mexico: Veracruz International",NOT_FOUND,NO,INTERNATIONAL,INTERNATIONAL,UNKNOWN
15585,"Vestmannaeyjar, Iceland: Vestmannaeyjar Airport",NOT_FOUND,NO,NO_ICAO_CODE,INTERNATIONAL,UNKNOWN
15586,"Victoria Falls, Zimbabwe: Victoria Falls International",NOT_FOUND,NO,NO_ICAO_CODE,INTERNATIONAL,UNKNOWN
15587,"Vijayawada, India: Vijayawada Airport",NOT_FOUND,NO,INTERNATIONAL,INTERNATIONAL,UNKNOWN
15588,"Vigo, Spain: Vigo Airport",NOT_FOUND,NO,INTERNATIONAL,INTERNATIONAL,UNKNOWN
15589,"Las Vegas, NV: North Las Vegas",KLAS,YES,ASOS_AVAILABLE,DIRECT_MATCH,HIGH
15590,"Vilhelmina, Sweden: Vilhelmina Airport",NOT_FOUND,NO,NO_ICAO_CODE,INTERNATIONAL,UNKNOWN
15591,"Vichy, France: Vichy Charmeil",NOT_FOUND,NO,INTERNATIONAL,INTERNATIONAL,UNKNOWN
15593,"Vicenza, Italy: Vicenza Airport",NOT_FOUND,NO,NO_ICAO_CODE,INTERNATIONAL,UNKNOWN
15594,"Vidin, Bulgaria: Vidin Airport",NOT_FOUND,NO,NO_ICAO_CODE,INTERNATIONAL,UNKNOWN
15595,"Vienna, Austria: Wien Schwechat",NOT_FOUND,NO,NO_ICAO_CODE,INTERNATIONAL,UNKNOWN
15596,"El Vigia, Venezuela: Juan Pablo Perez Alfonzo",NOT_FOUND,NO,NO_ICAO_CODE,INTERNATIONAL,UNKNOWN
15597,"Vichy, MO: Rolla National",NOT_FOUND,NO,NO_ICAO_CODE,NO_MATCH,UNKNOWN
15598,"Virgin Gorda, British Virgin Islands: Virgin Gorda Airport",NOT_FOUND,NO,NO_ICAO_CODE,NO_STATE_CODE,UNKNOWN
15599,"Kavik River, AK: Kavik River Airport",NOT_FOUND,NO,NO_ICAO_CODE,NO_MATCH,UNKNOWN
15600,"Dakhla, Morocco: Dakhla International",NOT_FOUND,NO,NO_ICAO_CODE,INTERNATIONAL,UNKNOWN
15601,"Visalia, CA: Visalia Municipal",NOT_FOUND,NO,NO_ICAO_CODE,NO_MATCH,UNKNOWN
15602,"Vitoria, Spain: Vitoria Airport",NOT_FOUND,NO,INTERNATIONAL,INTERNATIONAL,UNKNOWN
15603,"Vitoria, Brazil: Eurico de Aguiar Salles International",NOT_FOUND,NO,INTERNATIONAL,INTERNATIONAL,UNKNOWN
15604,"Moscow, Russia: Vnukovo",NOT_FOUND,NO,INTERNATIONAL,INTERNATIONAL,UNKNOWN
15605,"Vicksburg, MS: Vicksburg Municipal",NOT_FOUND,NO,NO_ICAO_CODE,NO_MATCH,UNKNOWN
15606,"Valencia, Spain: Valencia Airport",NOT_FOUND,NO,INTERNATIONAL,INTERNATIONAL,UNKNOWN
15607,"Valdosta, GA: Valdosta Regional",NOT_FOUND,NO,NO_ICAO_CODE,NO_MATCH,UNKNOWN
15608,"Port Vila, Vanuatu: Port Vila Airport",NOT_FOUND,NO,NO_ICAO_CODE,NO_STATE_CODE,UNKNOWN
15609,"Valladolid, Spain: Valladolid Airport",NOT_FOUND,NO,INTERNATIONAL,INTERNATIONAL,UNKNOWN
15610,"Valencia, Venezuela: Arturo Michelena International",NOT_FOUND,NO,NO_ICAO_CODE,INTERNATIONAL,UNKNOWN
15612,"Vallenar, Chile: Vallenar Airport",NOT_FOUND,NO,NO_ICAO_CODE,INTERNATIONAL,UNKNOWN
15613,"Valera, Venezuela: Dr. Antonio Nicolas Briceno",NOT_FOUND,NO,NO_ICAO_CODE,INTERNATIONAL,UNKNOWN
15614,"Villa Mercedes, Argentina: Mercedes",NOT_FOUND,NO,NO_ICAO_CODE,INTERNATIONAL,UNKNOWN
15615,"Venice, FL: Venice Municipal",NOT_FOUND,NO,NO_ICAO_CODE,NO_MATCH,UNKNOWN
15616,"Vilnius, Lithuania: Vilnius International",NOT_FOUND,NO,NO_ICAO_CODE,INTERNATIONAL,UNKNOWN
15617,"Varanasi, India: Lal Bahadur Shastri Varanasi International",NOT_FOUND,NO,INTERNATIONAL,INTERNATIONAL,UNKNOWN
15618,"Van Nuys, CA: Van Nuys Airport",NOT_FOUND,NO,NO_ICAO_CODE,NO_MATCH,UNKNOWN
15619,"Volgograd, Russia: Gumrak",NOT_FOUND,NO,INTERNATIONAL,INTERNATIONAL,UNKNOWN
15620,"Camp Douglas, WI: Volk Field",NOT_FOUND,NO,NO_ICAO_CODE,NO_MATCH,UNKNOWN
15621,"Volos, Greece: Volos Airport",NOT_FOUND,NO,NO_ICAO_CODE,INTERNATIONAL,UNKNOWN
15622,"Cartersville, GA: Cartersville Airport",NOT_FOUND,NO,NO_ICAO_CODE,NO_MATCH,UNKNOWN
15623,"Ondjiva, Angola: Ondjiva Airport",NOT_FOUND,NO,NO_ICAO_CODE,INTERNATIONAL,UNKNOWN
15624,"Valparaiso, FL: Eglin AFB Destin Fort Walton Beach",NOT_FOUND,NO,NO_ICAO_CODE,NO_MATCH,UNKNOWN
15625,"Valparaiso, IN: Porter County Regional",NOT_FOUND,NO,NO_ICAO_CODE,NO_MATCH,UNKNOWN
15626,"Vieques, PR: Antonio Rivera Rodriguez",NOT_FOUND,NO,NO_ICAO_CODE,NO_MATCH,UNKNOWN
15627,"Varadero, Cuba: Juan Gualberto Gomez International",NOT_FOUND,NO,NO_ICAO_CODE,NO_STATE_CODE,UNKNOWN
15628,"Vero Beach, FL: Vero Beach Regional",NOT_FOUND,NO,NO_ICAO_CODE,NO_MATCH,UNKNOWN
15629,"Virac, Philippines: Virac Airport",NOT_FOUND,NO,NO_ICAO_CODE,INTERNATIONAL,UNKNOWN
15630,"Varkaus, Finland: Varkaus Airport",NOT_FOUND,NO,NO_ICAO_CODE,INTERNATIONAL,UNKNOWN
15631,"Verona, Italy: Verona Villafranca",NOT_FOUND,NO,NO_ICAO_CODE,INTERNATIONAL,UNKNOWN
15632,"Villahermosa, Mexico: Villahermosa International",NOT_FOUND,NO,INTERNATIONAL,INTERNATIONAL,UNKNOWN
15633,"Viseu, Portugal: Viseu Airport",NOT_FOUND,NO,NO_ICAO_CODE,INTERNATIONAL,UNKNOWN
15634,"Springfield, VT: Hartness State",NOT_FOUND,NO,NO_ICAO_CODE,NO_MATCH,UNKNOWN
15635,"Vasteras, Sweden: Vasteras Airport",NOT_FOUND,NO,NO_ICAO_CODE,INTERNATIONAL,UNKNOWN
15636,"Vientiane, Laos: Wattay International",NOT_FOUND,NO,NO_ICAO_CODE,INTERNATIONAL,UNKNOWN
15637,"Valentine, NE: Miller Field",NOT_FOUND,NO,NO_ICAO_CODE,NO_MATCH,UNKNOWN
15638,"Visakhapatnam, India: Visakhapatnam Airport",NOT_FOUND,NO,INTERNATIONAL,INTERNATIONAL,UNKNOWN
15639,"Albemarle, NC: Stanly County",NOT_FOUND,NO,NO_ICAO_CODE,NO_MATCH,UNKNOWN
15640,"Vancouver, WA: Pearson Field",NOT_FOUND,NO,NO_ICAO_CODE,NO_MATCH,UNKNOWN
15641,"Valledupar, Colombia: Alfonso Lopez Pumarejo",NOT_FOUND,NO,NO_ICAO_CODE,INTERNATIONAL,UNKNOWN
15642,"Villavicencio, Colombia: Capt Luis F Gomez Nino",NOT_FOUND,NO,NO_ICAO_CODE,INTERNATIONAL,UNKNOWN
15643,"Santa Cruz, Bolivia: Viru Viru International",NOT_FOUND,NO,NO_ICAO_CODE,INTERNATIONAL,UNKNOWN
15644,"Vastervik, Sweden: Vastervik Airport",NOT_FOUND,NO,NO_ICAO_CODE,INTERNATIONAL,UNKNOWN
15645,"Vladivostok, Russia: Knevichi",NOT_FOUND,NO,INTERNATIONAL,INTERNATIONAL,UNKNOWN
15646,"Headland, AL: Headland Municipal",NOT_FOUND,NO,NO_ICAO_CODE,NO_MATCH,UNKNOWN
15647,"Myrtle Creek, OR: Myrtle Creek Municipal",NOT_FOUND,NO,NO_ICAO_CODE,NO_MATCH,UNKNOWN
15648,"Gallatin, TN: Music City Exec",NOT_FOUND,NO,NO_ICAO_CODE,NO_MATCH,UNKNOWN
15649,"Hanford, CA: Hanford Municipal",NOT_FOUND,NO,NO_ICAO_CODE,NO_MATCH,UNKNOWN
15650,"Chelan, WA: Lake Chelan",NOT_FOUND,NO,NO_ICAO_CODE,NO_MATCH,UNKNOWN
15651,"Custer, SD: Custer County",NOT_FOUND,NO,NO_ICAO_CODE,NO_MATCH,UNKNOWN
15652,"Garibaldi, OR: Tillamook",NOT_FOUND,NO,NO_ICAO_CODE,NO_MATCH,UNKNOWN
15653,"Midland/Odessa, TX: Odessa Schlemeyer Field",NOT_FOUND,NO,NO_ICAO_CODE,NO_MATCH,UNKNOWN
15654,"California City, CA: California City Municipal",NOT_FOUND,NO,NO_ICAO_CODE,NO_MATCH,UNKNOWN
15655,"Cameron, SC: McNeil",NOT_FOUND,NO,NO_ICAO_CODE,NO_MATCH,UNKNOWN
15656,"Saratoga Springs, NY: Saratoga County",NOT_FOUND,NO,NO_ICAO_CODE,NO_MATCH,UNKNOWN
15657,"Bemidji, MN: Nary National Shefland Field",NOT_FOUND,NO,NO_ICAO_CODE,NO_MATCH,UNKNOWN
15658,"Weed, CA: Weed Airport",NOT_FOUND,NO,NO_ICAO_CODE,NO_MATCH,UNKNOWN
15659,"Parker, AZ: Avi Suquilla",NOT_FOUND,NO,NO_ICAO_CODE,NO_MATCH,UNKNOWN
15660,"Arlington, WA: Arlington Municipal",NOT_FOUND,NO,NO_ICAO_CODE,NO_MATCH,UNKNOWN
15661,"Bernard, ID: Bernard Usfs",NOT_FOUND,NO,NO_ICAO_CODE,NO_MATCH,UNKNOWN
15662,"Lodi, CA: Kingdon Airpark",NOT_FOUND,NO,NO_ICAO_CODE,NO_MATCH,UNKNOWN
15663,"Independence, CA: Independence Airport",NOT_FOUND,NO,NO_ICAO_CODE,NO_MATCH,UNKNOWN
15664,"Wichita, KS: Colonel James Jabara",KICT,YES,ASOS_AVAILABLE,DIRECT_MATCH,HIGH
15665,"Americus, GA: Jimmy Carter Regional",NOT_FOUND,NO,NO_ICAO_CODE,NO_MATCH,UNKNOWN
15668,"Deer Lodge, MT: Deer Lodge-City-County",NOT_FOUND,NO,PRIVATE/SPECIAL_USE,NO_MATCH,UNKNOWN
15669,"Hondo, TX: South Texas Regional at Hondo",NOT_FOUND,NO,NO_ICAO_CODE,NO_MATCH,UNKNOWN
15670,"Landsberg Am Lech, Germany: Landsberg-Lech",NOT_FOUND,NO,INTERNATIONAL,INTERNATIONAL,UNKNOWN
15671,"Granite Creek Mine, AK: Granite Creek Mine Airport",NOT_FOUND,NO,PRIVATE/SPECIAL_USE,NO_MATCH,UNKNOWN
15672,"Sao Vicente, Cape Verde: Sao Pedro International",NOT_FOUND,NO,NO_ICAO_CODE,INTERNATIONAL,UNKNOWN
15673,"Vaxjo, Sweden: Smaland",NOT_FOUND,NO,NO_ICAO_CODE,INTERNATIONAL,UNKNOWN
15674,"Vryheid, South Africa: Vryheid Airport",NOT_FOUND,NO,NO_ICAO_CODE,INTERNATIONAL,UNKNOWN
15675,"Peru, IL: Illinois Valley Regional",NOT_FOUND,NO,NO_ICAO_CODE,INTERNATIONAL,UNKNOWN
15676,"Marvel Creek Mine, AK: Marvel Creek Mine Airport",NOT_FOUND,NO,PRIVATE/SPECIAL_USE,NO_MATCH,UNKNOWN
15677,"Mitrofania, AK: Mitrofania Airport",NOT_FOUND,NO,NO_ICAO_CODE,NO_MATCH,UNKNOWN
15678,"Mush Bay, AK: Mush Bay Airport",NOT_FOUND,NO,NO_ICAO_CODE,NO_MATCH,UNKNOWN
15679,"Campbell Lagoon, AK: Campbell Lagoon Airport",NOT_FOUND,NO,NO_ICAO_CODE,NO_MATCH,UNKNOWN
15680,"Frazer Lake, AK: Frazer Lake Airport",NOT_FOUND,NO,NO_ICAO_CODE,NO_MATCH,UNKNOWN
15681,"Afognak Straits, AK: Afognak Straits Airport",NOT_FOUND,NO,NO_ICAO_CODE,NO_MATCH,UNKNOWN
15682,"Moffet Bay, AK: Moffet Bay Airport",NOT_FOUND,NO,NO_ICAO_CODE,NO_MATCH,UNKNOWN
15683,"Mineola, TX: Mineola Wisener Field",NOT_FOUND,NO,PRIVATE/SPECIAL_USE,NO_MATCH,UNKNOWN
15684,"Brundidge, AL: Brundidge Municipal",NOT_FOUND,NO,NO_ICAO_CODE,NO_MATCH,UNKNOWN
15685,"Payette, ID: Payette Municipal",NOT_FOUND,NO,NO_ICAO_CODE,NO_MATCH,UNKNOWN
15687,"Los Alamitos, CA: Los Alamitos AAF",NOT_FOUND,NO,NO_ICAO_CODE,NO_MATCH,UNKNOWN
15688,"Jensens Strip, AK: Jensens Strip Airport",NOT_FOUND,NO,PRIVATE/SPECIAL_USE,NO_MATCH,UNKNOWN
15689,"Wildman Creek, AK: Wildman Creek Airport",NOT_FOUND,NO,NO_ICAO_CODE,NO_MATCH,UNKNOWN
15690,"Stepovak, AK: Stepovak Airport",NOT_FOUND,NO,NO_ICAO_CODE,NO_MATCH,UNKNOWN
15692,"Puale Bay, AK: Puale Bay Airport",NOT_FOUND,NO,NO_ICAO_CODE,NO_MATCH,UNKNOWN
15693,"Katmai Bay, AK: Katmai Bay Airport",NOT_FOUND,NO,NO_ICAO_CODE,NO_MATCH,UNKNOWN
15694,"Kashvik Bay, AK: Kashvik Bay Airport",NOT_FOUND,NO,NO_ICAO_CODE,NO_MATCH,UNKNOWN
15695,"Cinder Mountain, AK: Cinder Mountain Airport",NOT_FOUND,NO,NO_ICAO_CODE,NO_MATCH,UNKNOWN
15696,"Hagemeister Island, AK: Hagemeister Island Airport",NOT_FOUND,NO,NO_ICAO_CODE,NO_MATCH,UNKNOWN
15697,"Cape Peirce, AK: Cape Peirce Airport",NOT_FOUND,NO,NO_ICAO_CODE,NO_MATCH,UNKNOWN
15698,"Cape Greig, AK: Cape Greig Airport",NOT_FOUND,NO,NO_ICAO_CODE,NO_MATCH,UNKNOWN
15699,"Kasba Lake, Canada: Kasba Lake Airport",NOT_FOUND,NO,INTERNATIONAL,INTERNATIONAL,UNKNOWN
15700,"Katmai Lodge, AK: Katmai Lodge Airport",NOT_FOUND,NO,PRIVATE/SPECIAL_USE,NO_MATCH,UNKNOWN
15701,"South St. Paul, MN: South St. Paul Municipal-Richard E. Fleming Field",KMSP,YES,ASOS_AVAILABLE,DIRECT_MATCH,HIGH
15703,"Mansfield, WA: Mansfield Airport",NOT_FOUND,NO,NO_ICAO_CODE,NO_MATCH,UNKNOWN
15704,"Burlington, WA: Bayview Farms",KBTV,YES,ASOS_AVAILABLE,DIRECT_MATCH,HIGH
15705,"Medical Lake, WA: Isaacson",NOT_FOUND,NO,NO_ICAO_CODE,NO_MATCH,UNKNOWN
15706,"Winthrop, WA: Methow Valley State",NOT_FOUND,NO,NO_ICAO_CODE,NO_MATCH,UNKNOWN
15707,"Stehekin, WA: Stehekin Seaplane Landing",NOT_FOUND,NO,PRIVATE/SPECIAL_USE,NO_MATCH,UNKNOWN
15708,"Chelan, WA: Chelan Seaplane Landing",NOT_FOUND,NO,PRIVATE/SPECIAL_USE,NO_MATCH,UNKNOWN
15709,"Wales, AK: Wales Airport",NOT_FOUND,NO,NO_ICAO_CODE,NO_MATCH,UNKNOWN
15710,"Wabag, Papua New Guinea: Wabag Airport",NOT_FOUND,NO,NO_ICAO_CODE,INTERNATIONAL,UNKNOWN
15711,"Andriamena, Madagascar: Andriamena Airport",NOT_FOUND,NO,NO_ICAO_CODE,INTERNATIONAL,UNKNOWN
15712,"Wanganui, New Zealand: Whanganui",NOT_FOUND,NO,NO_ICAO_CODE,INTERNATIONAL,UNKNOWN
15713,"Chincoteague, VA: Wallops Flight Facility",NOT_FOUND,NO,NO_ICAO_CODE,NO_MATCH,UNKNOWN
15714,"Warsaw, IN: Warsaw Municipal",NOT_FOUND,NO,NO_ICAO_CODE,NO_MATCH,UNKNOWN
15715,"Washington, DC: Washington DC Metropolitan Area",NOT_FOUND,NO,NO_ICAO_CODE,NON_US_STATE,UNKNOWN
15716,"Waterford, Ireland: Waterford Airport",NOT_FOUND,NO,NO_ICAO_CODE,INTERNATIONAL,UNKNOWN
15717,"Wave Hill, Australia: Wave Hill Old",NOT_FOUND,NO,INTERNATIONAL,INTERNATIONAL,UNKNOWN
15718,"Warsaw, Poland: Warsaw Chopin",NOT_FOUND,NO,NO_ICAO_CODE,INTERNATIONAL,UNKNOWN
15720,"Wahai, Indonesia: Wahai Airport",NOT_FOUND,NO,NO_ICAO_CODE,INTERNATIONAL,UNKNOWN
15721,"Stebbins, AK: Stebbins Airport",NOT_FOUND,NO,NO_ICAO_CODE,NO_MATCH,UNKNOWN
15722,"Commerce/Montebello, CA: Commerce/Montebello Heliport",NOT_FOUND,NO,PRIVATE/SPECIAL_USE,NO_MATCH,UNKNOWN
15723,"Wapenamanda, Papua New Guinea: Wapenamanda Airport",NOT_FOUND,NO,NO_ICAO_CODE,INTERNATIONAL,UNKNOWN
15724,"Woburn, MA: Woburn Airport",NOT_FOUND,NO,NO_ICAO_CODE,NO_MATCH,UNKNOWN
15725,"Beaver, AK: Beaver Airport",NOT_FOUND,NO,NO_ICAO_CODE,NO_MATCH,UNKNOWN
15726,"Big Rapids, MI: Roben-Hood",NOT_FOUND,NO,NO_ICAO_CODE,NO_MATCH,UNKNOWN
15727,"Bennettsville, SC: Bennettsville Airport",NOT_FOUND,NO,NO_ICAO_CODE,NO_MATCH,UNKNOWN
15728,"Downtown, CA: Downtown Airport",NOT_FOUND,NO,NO_ICAO_CODE,NO_MATCH,UNKNOWN
15729,"Castro, Chile: Gamboa",NOT_FOUND,NO,NO_ICAO_CODE,INTERNATIONAL,UNKNOWN
15730,"Whalers Cove Lodge, AK: Whalers Cove Lodge Airport",NOT_FOUND,NO,PRIVATE/SPECIAL_USE,NO_MATCH,UNKNOWN
15731,"Chandalar, AK: Chandalar Lake",NOT_FOUND,NO,NO_ICAO_CODE,NO_MATCH,UNKNOWN
15732,"Wide Bay, AK: Wide Bay Airport",NOT_FOUND,NO,NO_ICAO_CODE,NO_MATCH,UNKNOWN
15734,"Enid, OK: Enid Woodring Regional",NOT_FOUND,NO,NO_ICAO_CODE,NO_MATCH,UNKNOWN
15735,"Windhoek, Namibia: Hosea Kutako International",NOT_FOUND,NO,NO_ICAO_CODE,INTERNATIONAL,UNKNOWN
15736,"Eastsound, WA: Waldron Airstrip",NOT_FOUND,NO,PRIVATE/SPECIAL_USE,NO_MATCH,UNKNOWN
15737,"Winder, GA: Barrow County",PABR,YES,ASOS_AVAILABLE,DIRECT_MATCH,HIGH
15738,"Dashuipo, China: Dashuipo Airport",NOT_FOUND,NO,INTERNATIONAL,INTERNATIONAL,UNKNOWN
15739,"Weipa, Australia: Weipa Airport",NOT_FOUND,NO,INTERNATIONAL,INTERNATIONAL,UNKNOWN
15740,"Welkom, South Africa: Welkom Airport",NOT_FOUND,NO,NO_ICAO_CODE,INTERNATIONAL,UNKNOWN
15741,"Ketchikan, AK: Ketchikan Waterfront Seaplane Base",PAKT,YES,ASOS_AVAILABLE,DIRECT_MATCH,HIGH
15744,"Wagga Wagga, Australia: Wagga Wagga Airport",NOT_FOUND,NO,INTERNATIONAL,INTERNATIONAL,UNKNOWN
15745,"Walgett, Australia: Walgett Airport",NOT_FOUND,NO,INTERNATIONAL,INTERNATIONAL,UNKNOWN
15746,"Bahia Tortugas, Mexico: Bahia Tortugas Airport",NOT_FOUND,NO,INTERNATIONAL,INTERNATIONAL,UNKNOWN
15747,"Isle Baltra, Ecuador: Isle Baltra Off-Line Point",NOT_FOUND,NO,NO_ICAO_CODE,INTERNATIONAL,UNKNOWN
15749,"Winchester, VA: Winchester Regional",NOT_FOUND,NO,NO_ICAO_CODE,NO_MATCH,UNKNOWN
15750,"Waingapu, Indonesia: Mau Hau",NOT_FOUND,NO,NO_ICAO_CODE,INTERNATIONAL,UNKNOWN
15751,"Frenchville, ME: Northern Aroostook Regional",NOT_FOUND,NO,NO_ICAO_CODE,NO_MATCH,UNKNOWN
15754,"Hyder, AK: Hyder Seaplane Base",NOT_FOUND,NO,PRIVATE/SPECIAL_USE,NO_MATCH,UNKNOWN
15755,"Whakatane, New Zealand: Whakatane Airport",NOT_FOUND,NO,NO_ICAO_CODE,INTERNATIONAL,UNKNOWN
15756,"Franz Josef, New Zealand: Franz Josef Airport",NOT_FOUND,NO,NO_ICAO_CODE,INTERNATIONAL,UNKNOWN
15758,"Eagle, CO: Vail/Avon",NOT_FOUND,NO,NO_ICAO_CODE,NO_MATCH,UNKNOWN
15759,"Wharton, TX: Wharton Regional",NOT_FOUND,NO,NO_ICAO_CODE,NO_MATCH,UNKNOWN
15760,"Black River Falls, WI: Black River Falls Area",NOT_FOUND,NO,NO_ICAO_CODE,NO_MATCH,UNKNOWN
15761,"Phillips, WI: Price County",NOT_FOUND,NO,NO_ICAO_CODE,NO_MATCH,UNKNOWN
15762,"Wilbur, WA: Wilbur Airport",NOT_FOUND,NO,NO_ICAO_CODE,NO_MATCH,UNKNOWN
15763,"Wick, United Kingdom: Wick Airport",NOT_FOUND,NO,INTERNATIONAL,INTERNATIONAL,UNKNOWN
15766,"Nairobi, Kenya: Nairobi/Wilson",NOT_FOUND,NO,NO_ICAO_CODE,INTERNATIONAL,UNKNOWN
15767,"Winton, Australia: Winton Airport",NOT_FOUND,NO,INTERNATIONAL,INTERNATIONAL,UNKNOWN
15768,"Woja, Marshall Islands: Woja Airport",NOT_FOUND,NO,NO_ICAO_CODE,NO_STATE_CODE,UNKNOWN
15769,"Lancaster, CA: General William J. Fox Airfield",NOT_FOUND,NO,NO_ICAO_CODE,NO_MATCH,UNKNOWN
15772,"Wanaka, New Zealand: Wanaka Airport",NOT_FOUND,NO,NO_ICAO_CODE,INTERNATIONAL,UNKNOWN
15773,"Wakkanai, Japan: Wakkanai Airport",NOT_FOUND,NO,INTERNATIONAL,INTERNATIONAL,UNKNOWN
15774,"Aleknagik, AK: Aleknagik New",NOT_FOUND,NO,NO_ICAO_CODE,NO_MATCH,UNKNOWN
15775,"Waikoloa Village, HI: Waikoloa Heliport",NOT_FOUND,NO,PRIVATE/SPECIAL_USE,NO_MATCH,UNKNOWN
15776,"Hwange, Zimbabwe: Hwange National Park",NOT_FOUND,NO,NO_ICAO_CODE,INTERNATIONAL,UNKNOWN
15777,"Wakunai, Papua New Guinea: Wakunai Airport",NOT_FOUND,NO,NO_ICAO_CODE,INTERNATIONAL,UNKNOWN
15778,"Walker's Cay, The Bahamas: Walker's",NOT_FOUND,NO,NO_ICAO_CODE,INTERNATIONAL,UNKNOWN
15779,"Philadelphia, PA: Penns Landing Seaplane Base",KPHL,YES,ASOS_AVAILABLE,DIRECT_MATCH,HIGH
15781,"Labouchere Bay, AK: Labouchere Bay Airport",NOT_FOUND,NO,NO_ICAO_CODE,NO_MATCH,UNKNOWN
15782,"Winfield, KS: Strother Field",NOT_FOUND,NO,NO_ICAO_CODE,NO_MATCH,UNKNOWN
15783,"Wellington, New Zealand: Wellington International",NOT_FOUND,NO,NO_ICAO_CODE,INTERNATIONAL,UNKNOWN
15784,"Walaha, Vanuatu: Walaha Airport",NOT_FOUND,NO,NO_ICAO_CODE,NO_STATE_CODE,UNKNOWN
15785,"Selawik, AK: Selawik Airport",NOT_FOUND,NO,NO_ICAO_CODE,NO_MATCH,UNKNOWN
15786,"Waltham, MA: Waltham Hospital Heliport",NOT_FOUND,NO,PRIVATE/SPECIAL_USE,NO_MATCH,UNKNOWN
15787,"Wallis Island, Wallis and Futuna: Wallis Hihifo",NOT_FOUND,NO,NO_ICAO_CODE,NO_STATE_CODE,UNKNOWN
15789,"Willows, CA: Willows Glenn County",NOT_FOUND,NO,NO_ICAO_CODE,NO_MATCH,UNKNOWN
15790,"Warrnambool, Australia: Warrnambool Airport",NOT_FOUND,NO,INTERNATIONAL,INTERNATIONAL,UNKNOWN
15791,"Winnemucca, NV: Winnemucca Municipal",NOT_FOUND,NO,NO_ICAO_CODE,NO_MATCH,UNKNOWN
15792,"Mountain Home, AR: Baxter County",NOT_FOUND,NO,NO_ICAO_CODE,NO_MATCH,UNKNOWN
15793,"Meyers Chuck, AK: Meyers Chuck Seaplane Base",NOT_FOUND,NO,PRIVATE/SPECIAL_USE,NO_MATCH,UNKNOWN
15794,"White Mountain, AK: White Mountain Airport",NOT_FOUND,NO,NO_ICAO_CODE,NO_MATCH,UNKNOWN
15795,"Mananara, Madagascar: Avaratra",NOT_FOUND,NO,NO_ICAO_CODE,INTERNATIONAL,UNKNOWN
15798,"Napakiak, AK: Napakiak Airport",NOT_FOUND,NO,NO_ICAO_CODE,NO_MATCH,UNKNOWN
15799,"Wunnumin Lake, Canada: Wunnumin Lake Airport",NOT_FOUND,NO,INTERNATIONAL,INTERNATIONAL,UNKNOWN
15800,"Naga, Philippines: Naga Airport",NOT_FOUND,NO,NO_ICAO_CODE,INTERNATIONAL,UNKNOWN
15801,"Windorah, Australia: Windorah Airport",NOT_FOUND,NO,INTERNATIONAL,INTERNATIONAL,UNKNOWN
15802,"Nawab Shah, Pakistan: Nawabshah",NOT_FOUND,NO,NO_ICAO_CODE,INTERNATIONAL,UNKNOWN
15804,"Wenzhou, China: Longwan",NOT_FOUND,NO,INTERNATIONAL,INTERNATIONAL,UNKNOWN
15805,"Wood River, AK: Wood River Airport",NOT_FOUND,NO,NO_ICAO_CODE,NO_MATCH,UNKNOWN
15807,"Willow, AK: Willow Airport",NOT_FOUND,NO,NO_ICAO_CODE,NO_MATCH,UNKNOWN
15810,"Wipim, Papua New Guinea: Wipim Airport",NOT_FOUND,NO,NO_ICAO_CODE,INTERNATIONAL,UNKNOWN
15812,"Puerto Williams, Chile: Guardiamarina Zanartu",NOT_FOUND,NO,NO_ICAO_CODE,INTERNATIONAL,UNKNOWN
15813,"Ovid, NY: Ovid Airport",NOT_FOUND,NO,NO_ICAO_CODE,NO_MATCH,UNKNOWN
15814,"Mandan, ND: Mandan Regional Lawler Field",NOT_FOUND,NO,NO_ICAO_CODE,NO_MATCH,UNKNOWN
15815,"Hamilton, MT: Ravalli County",NOT_FOUND,NO,NO_ICAO_CODE,NO_MATCH,UNKNOWN
15816,"Tulelake, CA: Tulelake Municipal",NOT_FOUND,NO,NO_ICAO_CODE,NO_MATCH,UNKNOWN
15817,"Dinsmore, CA: Dinsmore Airport",NOT_FOUND,NO,NO_ICAO_CODE,NO_MATCH,UNKNOWN
15818,"Rigby, ID: Rigby Airport",NOT_FOUND,NO,NO_ICAO_CODE,NO_MATCH,UNKNOWN
15819,"Hesperia, CA: Hesperia Airport",NOT_FOUND,NO,NO_ICAO_CODE,NO_MATCH,UNKNOWN
15820,"Dorris, CA: Butte Valley",NOT_FOUND,NO,NO_ICAO_CODE,NO_MATCH,UNKNOWN
15821,"Connell, WA: Connell City",NOT_FOUND,NO,NO_ICAO_CODE,NO_MATCH,UNKNOWN
15822,"Peard Bay, AK: Peard Bay Airport",NOT_FOUND,NO,NO_ICAO_CODE,NO_MATCH,UNKNOWN
15823,"Townsend, MT: Broadwater County",NOT_FOUND,NO,NO_ICAO_CODE,NO_MATCH,UNKNOWN
15824,"Bluff, AK: Bluff Airport",NOT_FOUND,NO,NO_ICAO_CODE,NO_MATCH,UNKNOWN
15825,"Lake Charles, LA: Chennault International",NOT_FOUND,NO,NO_ICAO_CODE,NO_MATCH,UNKNOWN
15826,"Campbellsville, KY: Taylor County",NOT_FOUND,NO,NO_ICAO_CODE,NO_MATCH,UNKNOWN
15827,"Rosamond, CA: Rosamond Skypark",NOT_FOUND,NO,NO_ICAO_CODE,NO_MATCH,UNKNOWN
15828,"Oceano, CA: Oceano County",NOT_FOUND,NO,NO_ICAO_CODE,NO_MATCH,UNKNOWN
15829,"Fairburn, SD: Custer State Park",NOT_FOUND,NO,NO_ICAO_CODE,NO_MATCH,UNKNOWN
15830,"Naknek, AK: Tibbetts",NOT_FOUND,NO,NO_ICAO_CODE,NO_MATCH,UNKNOWN
15831,"Poplar, MT: Poplar Municipal",NOT_FOUND,NO,NO_ICAO_CODE,NO_MATCH,UNKNOWN
15832,"Bridger, MT: Bridger Municipal",NOT_FOUND,NO,NO_ICAO_CODE,NO_MATCH,UNKNOWN
15833,"Portales, NM: Portales Municipal",NOT_FOUND,NO,NO_ICAO_CODE,NO_MATCH,UNKNOWN
15835,"David River, AK: David River Airport",NOT_FOUND,NO,NO_ICAO_CODE,NO_MATCH,UNKNOWN
15836,"Kiavak, AK: Kiavak Airport",NOT_FOUND,NO,NO_ICAO_CODE,NO_MATCH,UNKNOWN
15837,"Port Wakefield, AK: Port Wakefield Airport",NOT_FOUND,NO,NO_ICAO_CODE,NO_MATCH,UNKNOWN
15838,"Chignik Lake, AK: Chignik Lake Airport",NOT_FOUND,NO,NO_ICAO_CODE,NO_MATCH,UNKNOWN
15839,"Macon, GA: Robins AFB",NOT_FOUND,NO,NO_ICAO_CODE,NO_MATCH,UNKNOWN
15840,"Whangarei, New Zealand: Whangarei Airport",NOT_FOUND,NO,NO_ICAO_CODE,INTERNATIONAL,UNKNOWN
15841,"Wrangell, AK: Wrangell Airport",PAWG,YES,ASOS_AVAILABLE,DIRECT_MATCH,HIGH
15842,"Fort Dix, NJ: McGuire Field",NOT_FOUND,NO,NO_ICAO_CODE,NO_MATCH,UNKNOWN
15843,"Worland, WY: Worland Municipal",NOT_FOUND,NO,NO_ICAO_CODE,NO_MATCH,UNKNOWN
15845,"Wroclaw, Poland: Strachowice",NOT_FOUND,NO,NO_ICAO_CODE,INTERNATIONAL,UNKNOWN
15846,"Steamboat Bay, AK: Steamboat Bay Airport",NOT_FOUND,NO,NO_ICAO_CODE,NO_MATCH,UNKNOWN
15847,"Washington, PA: Washington County",KDCA,YES,ASOS_AVAILABLE,DIRECT_MATCH,HIGH
15848,"Shirley, NY: Brookhaven",NOT_FOUND,NO,NO_ICAO_CODE,NO_MATCH,UNKNOWN
15849,"Wasilla, AK: Wasilla Airport",NOT_FOUND,NO,NO_ICAO_CODE,NO_MATCH,UNKNOWN
15850,"San Juan, AK: San Juan Airport",KSAN,YES,ASOS_AVAILABLE,DIRECT_MATCH,HIGH
15852,"Wiseman, AK: Wiseman Airport",NOT_FOUND,NO,NO_ICAO_CODE,NO_MATCH,UNKNOWN
15853,"South Naknek, AK: South Naknek 2",NOT_FOUND,NO,NO_ICAO_CODE,NO_MATCH,UNKNOWN
15854,"Waspam, Nicaragua: Waspam Airport",NOT_FOUND,NO,NO_ICAO_CODE,INTERNATIONAL,UNKNOWN
15855,"Westerly, RI: Westerly State",NOT_FOUND,NO,NO_ICAO_CODE,NO_MATCH,UNKNOWN
15856,"Westsound, WA: Westsound Airport",NOT_FOUND,NO,NO_ICAO_CODE,NO_MATCH,UNKNOWN
15857,"Shute Harbour/Whitsunday, Australia: Whitsunday Airstrip",NOT_FOUND,NO,PRIVATE/SPECIAL_USE,INTERNATIONAL,UNKNOWN
15858,"Westport, New Zealand: Westport Airport",NOT_FOUND,NO,NO_ICAO_CODE,INTERNATIONAL,UNKNOWN
15859,"New York, NY: World Trade Center Heliport",NOT_FOUND,NO,PRIVATE/SPECIAL_USE,NO_MATCH,UNKNOWN
15860,"West End, The Bahamas: West End Airport",NOT_FOUND,NO,NO_ICAO_CODE,INTERNATIONAL,UNKNOWN
15861,"Noatak, AK: Noatak Airport",NOT_FOUND,NO,NO_ICAO_CODE,NO_MATCH,UNKNOWN
15862,"Tuntutuliak, AK: Tuntutuliak Airport",NOT_FOUND,NO,NO_ICAO_CODE,NO_MATCH,UNKNOWN
15863,"Waddington, United Kingdom: RAF Waddington",NOT_FOUND,NO,INTERNATIONAL,INTERNATIONAL,UNKNOWN
15864,"Whiteriver, AZ: Whiteriver Airport",NOT_FOUND,NO,NO_ICAO_CODE,NO_MATCH,UNKNOWN
15865,"Tsiroanomandidy, Madagascar: Tsiroanomandidy Airport",NOT_FOUND,NO,NO_ICAO_CODE,INTERNATIONAL,UNKNOWN
15866,"Whittier, AK: Whittier Airport",NOT_FOUND,NO,NO_ICAO_CODE,NO_MATCH,UNKNOWN
15867,"Wau, Papua New Guinea: Wau Airport",NOT_FOUND,NO,NO_ICAO_CODE,INTERNATIONAL,UNKNOWN
15868,"Wuhan, China: Tianhe",NOT_FOUND,NO,INTERNATIONAL,INTERNATIONAL,UNKNOWN
15869,"Duchesne, UT: Duchesne Municipal",NOT_FOUND,NO,NO_ICAO_CODE,NO_MATCH,UNKNOWN
15870,"Ocean Shores, WA: Avco",NOT_FOUND,NO,NO_ICAO_CODE,NO_MATCH,UNKNOWN
15871,"Wau, South Sudan: Wau Airport",NOT_FOUND,NO,NO_ICAO_CODE,INTERNATIONAL,UNKNOWN
15872,"Wuxi, China: Shuofang",NOT_FOUND,NO,INTERNATIONAL,INTERNATIONAL,UNKNOWN
15873,"Charleston, WV: Mcs-Pad Heliport",KCHS,YES,ASOS_AVAILABLE,DIRECT_MATCH,HIGH
15874,"Falls Church, VA: Washington-Virginia",KDCA,YES,ASOS_AVAILABLE,DIRECT_MATCH,HIGH
15875,"Walvis Bay, Namibia: Walvis Bay Airport",NOT_FOUND,NO,NO_ICAO_CODE,INTERNATIONAL,UNKNOWN
15877,"Watsonville, CA: Watsonville Municipal",NOT_FOUND,NO,NO_ICAO_CODE,NO_MATCH,UNKNOWN
15878,"Manakara, Madagascar: Manakara Airport",NOT_FOUND,NO,NO_ICAO_CODE,INTERNATIONAL,UNKNOWN
15879,"Augusta/Waterville, ME: Waterville Regional",KAGS,YES,ASOS_AVAILABLE,DIRECT_MATCH,HIGH
15881,"Wasilla, AK: Wasilla Airport",NOT_FOUND,NO,NO_ICAO_CODE,NO_MATCH,UNKNOWN
15882,"Cape May, NJ: Cape May County",NOT_FOUND,NO,NO_ICAO_CODE,NO_MATCH,UNKNOWN
15883,"Wewak, Papua New Guinea: Wewak Airport",NOT_FOUND,NO,NO_ICAO_CODE,INTERNATIONAL,UNKNOWN
15885,"Whale Pass, AK: Whale Pass Airport",NOT_FOUND,NO,NO_ICAO_CODE,NO_MATCH,UNKNOWN
15886,"Woodward, OK: West Woodward",NOT_FOUND,NO,NO_ICAO_CODE,NO_MATCH,UNKNOWN
15887,"Newtok, AK: Mertarvik",NOT_FOUND,NO,NO_ICAO_CODE,NO_MATCH,UNKNOWN
15892,"Pinedale, WY: Ralph Wenz Field",NOT_FOUND,NO,NO_ICAO_CODE,NO_MATCH,UNKNOWN
15893,"Whyalla, Australia: Whyalla Airport",NOT_FOUND,NO,INTERNATIONAL,INTERNATIONAL,UNKNOWN
15894,"Yes Bay, AK: Yes Bay Lodge Seaplane Base",NOT_FOUND,NO,PRIVATE/SPECIAL_USE,NO_MATCH,UNKNOWN
15895,"Yengema, Sierra Leone: Yengema Airport",NOT_FOUND,NO,NO_ICAO_CODE,INTERNATIONAL,UNKNOWN
15896,"Wyndham, Australia: Wyndham Airport",NOT_FOUND,NO,INTERNATIONAL,INTERNATIONAL,UNKNOWN
15897,"West Yellowstone, MT: Yellowstone",NOT_FOUND,NO,NO_ICAO_CODE,NO_MATCH,UNKNOWN
15899,"Nassau, The Bahamas: Nassau Seaplane Base",NOT_FOUND,NO,PRIVATE/SPECIAL_USE,INTERNATIONAL,UNKNOWN
15900,"Alamos, Mexico: Alamos Airport",NOT_FOUND,NO,INTERNATIONAL,INTERNATIONAL,UNKNOWN
15901,"Chapeco, Brazil: Serafin Enoss Bertaso",NOT_FOUND,NO,INTERNATIONAL,INTERNATIONAL,UNKNOWN
15902,"Bearskin Lake, Canada: Bearskin Lake Airport",NOT_FOUND,NO,INTERNATIONAL,INTERNATIONAL,UNKNOWN
15903,"Brockville, Canada: Brockville Regional Tackaberry",NOT_FOUND,NO,INTERNATIONAL,INTERNATIONAL,UNKNOWN
15904,"Christmas Island, Christmas Island: Christmas Island Airport",NOT_FOUND,NO,NO_ICAO_CODE,NO_STATE_CODE,UNKNOWN
15905,"Cluff Lake, Canada: Cluff Lake Airport",NOT_FOUND,NO,INTERNATIONAL,INTERNATIONAL,UNKNOWN
15906,"Chalons-En-Champagne, France: Chalons Vatry",NOT_FOUND,NO,INTERNATIONAL,INTERNATIONAL,UNKNOWN
15907,"Lake Geneva, WI: Americana",NOT_FOUND,NO,NO_ICAO_CODE,NO_MATCH,UNKNOWN
15908,"Xichang, China: Qingshan",NOT_FOUND,NO,INTERNATIONAL,INTERNATIONAL,UNKNOWN
15910,"Xi'an, China: Xianyang",NOT_FOUND,NO,INTERNATIONAL,INTERNATIONAL,UNKNOWN
15913,"St. Louis, Senegal: Saint Louis Ousmane Masseck Ndiaye",NOT_FOUND,NO,NO_ICAO_CODE,INTERNATIONAL,UNKNOWN
15914,"Lemwerder, Germany: Lemwerder Airport",NOT_FOUND,NO,INTERNATIONAL,INTERNATIONAL,UNKNOWN
15915,"Madison, SD: Madison Municipal",KMSN,YES,ASOS_AVAILABLE,DIRECT_MATCH,HIGH
15916,"Manihi, French Polynesia: Manihi Airport",NOT_FOUND,NO,NO_ICAO_CODE,INTERNATIONAL,UNKNOWN
15917,"Xiamen, China: Gaoqi",NOT_FOUND,NO,INTERNATIONAL,INTERNATIONAL,UNKNOWN
15918,"Marmande, France: Marmande Virazeil",NOT_FOUND,NO,INTERNATIONAL,INTERNATIONAL,UNKNOWN
15919,"Fayetteville, AR: Northwest Arkansas National",NOT_FOUND,NO,NO_ICAO_CODE,NO_MATCH,UNKNOWN
15920,"Quang Ngai, Vietnam: Quang Ngai Airport",NOT_FOUND,NO,NO_ICAO_CODE,INTERNATIONAL,UNKNOWN
15921,"Xining, China: Xining Airport",NOT_FOUND,NO,INTERNATIONAL,INTERNATIONAL,UNKNOWN
15923,"Comayagua, Honduras: Palmerola International",NOT_FOUND,NO,NO_ICAO_CODE,INTERNATIONAL,UNKNOWN
15924,"Al Bakr, Iraq: Joint Base Balad",NOT_FOUND,NO,NO_ICAO_CODE,INTERNATIONAL,UNKNOWN
15925,"Quepos, Costa Rica: Quepos Airport",NOT_FOUND,NO,NO_ICAO_CODE,INTERNATIONAL,UNKNOWN
15926,"Richmond, Australia: Richmond AFB",NOT_FOUND,NO,INTERNATIONAL,INTERNATIONAL,UNKNOWN
15927,"Reston, VA: Reston Airport",NOT_FOUND,NO,NO_ICAO_CODE,NO_MATCH,UNKNOWN
15928,"Jerez de la Frontera, Spain: Jerez",NOT_FOUND,NO,INTERNATIONAL,INTERNATIONAL,UNKNOWN
15929,"South Caicos, Turks and Caicos Islands: South Caicos International",NOT_FOUND,NO,NO_ICAO_CODE,NO_STATE_CODE,UNKNOWN
15930,"Tonopah, NV: Tonopah Test Range",NOT_FOUND,NO,NO_ICAO_CODE,NO_MATCH,UNKNOWN
15931,"Leonardtown, MD: St. Mary's County Regional",NOT_FOUND,NO,NO_ICAO_CODE,NO_MATCH,UNKNOWN
15932,"Seletar, Singapore: Seletar Airport",NOT_FOUND,NO,NO_ICAO_CODE,INTERNATIONAL,UNKNOWN
15933,"Xuzhou, China: Xuzhou Airport",NOT_FOUND,NO,INTERNATIONAL,INTERNATIONAL,UNKNOWN
15934,"Granite Point, AK: Granite Point Ndb",NOT_FOUND,NO,NO_ICAO_CODE,NO_MATCH,UNKNOWN
15936,"Yantarni Bay, AK: Yantarni Bay Airport",NOT_FOUND,NO,NO_ICAO_CODE,NO_MATCH,UNKNOWN
15937,"Emmen, Switzerland: Emmen Airport",NOT_FOUND,NO,NO_ICAO_CODE,INTERNATIONAL,UNKNOWN
15938,"Copalis, WA: Copalis State",NOT_FOUND,NO,NO_ICAO_CODE,NO_MATCH,UNKNOWN
15939,"Jerome, ID: Jerome County",NOT_FOUND,NO,NO_ICAO_CODE,NO_MATCH,UNKNOWN
15941,"Aztec, NM: Aztec Municipal",NOT_FOUND,NO,NO_ICAO_CODE,NO_MATCH,UNKNOWN
15943,"Dexter, ME: Dexter Regional",NOT_FOUND,NO,NO_ICAO_CODE,NO_MATCH,UNKNOWN
15944,"Port Orchard, WA: Port Orchard Airport",NOT_FOUND,NO,NO_ICAO_CODE,NO_MATCH,UNKNOWN
15945,"Blackfoot, ID: McCarley Field",NOT_FOUND,NO,NO_ICAO_CODE,NO_MATCH,UNKNOWN
15946,"Riyadh, Saudi Arabia: Riyadh Military",NOT_FOUND,NO,NO_ICAO_CODE,INTERNATIONAL,UNKNOWN
15947,"Jupiter, FL: William P Gwinn",NOT_FOUND,NO,NO_ICAO_CODE,NO_MATCH,UNKNOWN
15948,"Kimball, NE: Kimball Municipal/Robert E. Arraj Field",NOT_FOUND,NO,NO_ICAO_CODE,NO_MATCH,UNKNOWN
15949,"Al Kharj, Saudi Arabia: Prince Sultan AB",NOT_FOUND,NO,NO_ICAO_CODE,INTERNATIONAL,UNKNOWN
15950,"Iwakuni, Japan: Iwakuni MCAS",NOT_FOUND,NO,INTERNATIONAL,INTERNATIONAL,UNKNOWN
15952,"Oliktok, AK: Oliktok LRRS",NOT_FOUND,NO,NO_ICAO_CODE,NO_MATCH,UNKNOWN
15953,"Nushagak Bay, AK: Nushagak Bay Airport",NOT_FOUND,NO,NO_ICAO_CODE,NO_MATCH,UNKNOWN
15954,"Marion, AL: Perry County",NOT_FOUND,NO,NO_ICAO_CODE,NO_MATCH,UNKNOWN
15956,"Driggs, ID: Teton Peaks",NOT_FOUND,NO,NO_ICAO_CODE,NO_MATCH,UNKNOWN
15961,"Woodford, United Kingdom: Manchester Woodford",NOT_FOUND,NO,INTERNATIONAL,INTERNATIONAL,UNKNOWN
15963,"Clarendon, TX: Smiley Johnson Municipal/Bass Field",NOT_FOUND,NO,NO_ICAO_CODE,NO_MATCH,UNKNOWN
15964,"Lakewood, NJ: Lakewood Airport",NOT_FOUND,NO,NO_ICAO_CODE,NO_MATCH,UNKNOWN
15966,"Cambridge, MA: Arthur D. Little Heliport",NOT_FOUND,NO,PRIVATE/SPECIAL_USE,NO_MATCH,UNKNOWN
15968,"Doha, Qatar: Al Udeid Air Base",NOT_FOUND,NO,NO_ICAO_CODE,INTERNATIONAL,UNKNOWN
15971,"Willits, CA: Ells Field-Willits Municipal",NOT_FOUND,NO,NO_ICAO_CODE,NO_MATCH,UNKNOWN
15972,"Hurricane, UT: General Dick Stout Field",NOT_FOUND,NO,NO_ICAO_CODE,NO_MATCH,UNKNOWN
15973,"Lakeport, CA: Lampson Field",NOT_FOUND,NO,NO_ICAO_CODE,NO_MATCH,UNKNOWN
15975,"Mariposa, CA: Mariposa-Yosemite",NOT_FOUND,NO,NO_ICAO_CODE,NO_MATCH,UNKNOWN
15976,"Creswell, OR: Hobby Field",KHOU,YES,ASOS_AVAILABLE,DIRECT_MATCH,HIGH
15977,"Polson, MT: Polson Airport",NOT_FOUND,NO,NO_ICAO_CODE,NO_MATCH,UNKNOWN
15978,"Ashland, OR: Ashland Municipal-Sumner Parker Field",NOT_FOUND,NO,NO_ICAO_CODE,NO_MATCH,UNKNOWN
15979,"Decatur, WA: Decatur Shores",NOT_FOUND,NO,NO_ICAO_CODE,NO_MATCH,UNKNOWN
15980,"Lake City, FL: Lake City Gateway",NOT_FOUND,NO,NO_ICAO_CODE,NO_MATCH,UNKNOWN
15981,"Mena, AR: Mena Intermountain Municipal",NOT_FOUND,NO,NO_ICAO_CODE,NO_MATCH,UNKNOWN
15982,"Fortuna, CA: Rohnerville",NOT_FOUND,NO,NO_ICAO_CODE,NO_MATCH,UNKNOWN
15983,"Zuni Pueblo, NM: Black Rock",NOT_FOUND,NO,NO_ICAO_CODE,NO_MATCH,UNKNOWN
15984,"Yandina, Solomon Islands: Yandina Airport",NOT_FOUND,NO,NO_ICAO_CODE,NO_STATE_CODE,UNKNOWN
15986,"Anahim Lake, Canada: Anahim Lake Airport",NOT_FOUND,NO,INTERNATIONAL,INTERNATIONAL,UNKNOWN
15987,"Cat Lake, Canada: Cat Lake Airport",NOT_FOUND,NO,INTERNATIONAL,INTERNATIONAL,UNKNOWN
15988,"Asbestos Hill, Canada: Asbestos",NOT_FOUND,NO,INTERNATIONAL,INTERNATIONAL,UNKNOWN
15989,"Fort Frances, Canada: Fort Frances Municipal",NOT_FOUND,NO,INTERNATIONAL,INTERNATIONAL,UNKNOWN
15990,"La Grande 4, Canada: La Grande 4 Airport",NOT_FOUND,NO,INTERNATIONAL,INTERNATIONAL,UNKNOWN
15991,"Yakutat, AK: Yakutat Airport",PAYA,YES,ASOS_AVAILABLE,DIRECT_MATCH,HIGH
15992,"Sault Ste. Marie, Canada: Sault Ste. Marie Airport",NOT_FOUND,NO,INTERNATIONAL,INTERNATIONAL,UNKNOWN
15993,"Yaounde, Cameroon: Yaounde Ville",NOT_FOUND,NO,NO_ICAO_CODE,INTERNATIONAL,UNKNOWN
15994,"Yap, Federated States of Micronesia: Yap International",NOT_FOUND,NO,NO_ICAO_CODE,NO_STATE_CODE,UNKNOWN
15995,"Attawapiskat, Canada: Attawapiskat Airport",NOT_FOUND,NO,INTERNATIONAL,INTERNATIONAL,UNKNOWN
15996,"Kattiniq, Canada: Kattiniq Donaldson",NOT_FOUND,NO,INTERNATIONAL,INTERNATIONAL,UNKNOWN
15997,"Miners Bay, Canada: Miners Bay Airport",NOT_FOUND,NO,PRIVATE/SPECIAL_USE,INTERNATIONAL,UNKNOWN
15998,"St. Anthony, Canada: St. Anthony Airport",NOT_FOUND,NO,INTERNATIONAL,INTERNATIONAL,UNKNOWN
15999,"Tofino, Canada: Long Beach",NOT_FOUND,NO,INTERNATIONAL,INTERNATIONAL,UNKNOWN
16000,"Banff, Canada: Banff Airport",NOT_FOUND,NO,INTERNATIONAL,INTERNATIONAL,UNKNOWN
16001,"Kugaaruk, Canada: Kugaaruk Airport",NOT_FOUND,NO,INTERNATIONAL,INTERNATIONAL,UNKNOWN
16002,"Baie Comeau, Canada: Baie Comeau Airport",NOT_FOUND,NO,INTERNATIONAL,INTERNATIONAL,UNKNOWN
16003,"Uranium City, Canada: Uranium City Airport",NOT_FOUND,NO,INTERNATIONAL,INTERNATIONAL,UNKNOWN
16004,"Saguenay, Canada: Bagotville",NOT_FOUND,NO,INTERNATIONAL,INTERNATIONAL,UNKNOWN
16005,"Baie Johan Beetz, Canada: Baie Johan Beetz Airport",NOT_FOUND,NO,INTERNATIONAL,INTERNATIONAL,UNKNOWN
16006,"Baker Lake, Canada: Baker Lake Airport",NOT_FOUND,NO,INTERNATIONAL,INTERNATIONAL,UNKNOWN
16007,"Campbell River, Canada: Campbell River Airport",NOT_FOUND,NO,INTERNATIONAL,INTERNATIONAL,UNKNOWN
16008,"Bronson Creek, Canada: Bronson Creek Airport",NOT_FOUND,NO,INTERNATIONAL,INTERNATIONAL,UNKNOWN
16009,"Brandon, Canada: Brandon Municipal",NOT_FOUND,NO,INTERNATIONAL,INTERNATIONAL,UNKNOWN
16010,"Opapimiskan Lake, Canada: Opapimiskan Lake Airport",NOT_FOUND,NO,INTERNATIONAL,INTERNATIONAL,UNKNOWN
16011,"Brochet, Canada: Brochet Airport",NOT_FOUND,NO,INTERNATIONAL,INTERNATIONAL,UNKNOWN
16012,"Berens River, Canada: Berens River Airport",NOT_FOUND,NO,INTERNATIONAL,INTERNATIONAL,UNKNOWN
16013,"Blanc Sablon, Canada: Blanc Sablon Airport",NOT_FOUND,NO,INTERNATIONAL,INTERNATIONAL,UNKNOWN
16014,"Cambridge Bay, Canada: Cambridge Bay Airport",NOT_FOUND,NO,INTERNATIONAL,INTERNATIONAL,UNKNOWN
16015,"Cornwall, Canada: Cornwall Regional",NOT_FOUND,NO,INTERNATIONAL,INTERNATIONAL,UNKNOWN
16016,"Nanaimo, Canada: Nanaimo Airport",NOT_FOUND,NO,INTERNATIONAL,INTERNATIONAL,UNKNOWN
16017,"Cortes Bay, Canada: Cortes Bay Airport",NOT_FOUND,NO,INTERNATIONAL,INTERNATIONAL,UNKNOWN
16018,"Castlegar/Nelson/Trail, Canada: West Kootenay Regional",NOT_FOUND,NO,INTERNATIONAL,INTERNATIONAL,UNKNOWN
16019,"Miramichi, Canada: Miramichi Airport",NOT_FOUND,NO,INTERNATIONAL,INTERNATIONAL,UNKNOWN
16020,"Cape Saint James, Canada: Cape Saint James Airport",NOT_FOUND,NO,INTERNATIONAL,INTERNATIONAL,UNKNOWN
16021,"Colville Lake, Canada: Tommy Kochon",NOT_FOUND,NO,INTERNATIONAL,INTERNATIONAL,UNKNOWN
16022,"Charlo, Canada: Charlo Airport",NOT_FOUND,NO,INTERNATIONAL,INTERNATIONAL,UNKNOWN
16023,"St. Catharines, Canada: Niagara District",NOT_FOUND,NO,INTERNATIONAL,INTERNATIONAL,UNKNOWN
16024,"Cochrane, Canada: Cochrane Airport",NOT_FOUND,NO,INTERNATIONAL,INTERNATIONAL,UNKNOWN
16025,"Kugluktuk/Coppermine, Canada: Kugluktuk",NOT_FOUND,NO,PRIVATE/SPECIAL_USE,INTERNATIONAL,UNKNOWN
16026,"Cross Lake, Canada: Cross Lake Airport",NOT_FOUND,NO,INTERNATIONAL,INTERNATIONAL,UNKNOWN
16027,"Chesterfield Inlet, Canada: Chesterfield Inlet Airport",NOT_FOUND,NO,INTERNATIONAL,INTERNATIONAL,UNKNOWN
16028,"Clyde River, Canada: Clyde River Airport",NOT_FOUND,NO,INTERNATIONAL,INTERNATIONAL,UNKNOWN
16029,"Dawson City, Canada: Dawson City Airport",NOT_FOUND,NO,INTERNATIONAL,INTERNATIONAL,UNKNOWN
16030,"Burwash Landings, Canada: Burwash",NOT_FOUND,NO,INTERNATIONAL,INTERNATIONAL,UNKNOWN
16031,"Deer Lake, Canada: Deer Lake Airport",NOT_FOUND,NO,INTERNATIONAL,INTERNATIONAL,UNKNOWN
16032,"Dease Lake, Canada: Dease Lake Airport",NOT_FOUND,NO,INTERNATIONAL,INTERNATIONAL,UNKNOWN
16033,"Dauphin, Canada: Dauphin Barker",NOT_FOUND,NO,INTERNATIONAL,INTERNATIONAL,UNKNOWN
16034,"Nain, Canada: Nain Airport",NOT_FOUND,NO,INTERNATIONAL,INTERNATIONAL,UNKNOWN
16035,"Dawson Creek, Canada: Dawson Creek Airport",NOT_FOUND,NO,INTERNATIONAL,INTERNATIONAL,UNKNOWN
16036,"Desolation Sound, Canada: Desolation Sound Marine Park",NOT_FOUND,NO,INTERNATIONAL,INTERNATIONAL,UNKNOWN
16038,"Riviere-Du-Loup, Canada: Riviere-Du-Loup Airport",NOT_FOUND,NO,INTERNATIONAL,INTERNATIONAL,UNKNOWN
16039,"Edmonton, Canada: Edmonton Metropolitan Area",NOT_FOUND,NO,INTERNATIONAL,INTERNATIONAL,UNKNOWN
16040,"Yecheon, South Korea: Yecheon Airport",NOT_FOUND,NO,INTERNATIONAL,INTERNATIONAL,UNKNOWN
16041,"Edmonton, Canada: Edmonton Namao Heliport",NOT_FOUND,NO,PRIVATE/SPECIAL_USE,INTERNATIONAL,UNKNOWN
16042,"Edmonton, Canada: Edmonton International",NOT_FOUND,NO,INTERNATIONAL,INTERNATIONAL,UNKNOWN
16043,"Arviat, Canada: Arviat Airport",NOT_FOUND,NO,INTERNATIONAL,INTERNATIONAL,UNKNOWN
16044,"Elliot Lake, Canada: Elliot Lake Municipal",NOT_FOUND,NO,INTERNATIONAL,INTERNATIONAL,UNKNOWN
16045,"Manitowaning, Canada: Manitoulin East Municipal",NOT_FOUND,NO,INTERNATIONAL,INTERNATIONAL,UNKNOWN
16046,"Yeovilton, United Kingdom: Yeovilton Airport",NOT_FOUND,NO,INTERNATIONAL,INTERNATIONAL,UNKNOWN
16047,"Fort Severn, Canada: Fort Severn Airport",NOT_FOUND,NO,INTERNATIONAL,INTERNATIONAL,UNKNOWN
16048,"Eureka, Canada: Eureka Airport",NOT_FOUND,NO,INTERNATIONAL,INTERNATIONAL,UNKNOWN
16049,"Inuvik, Canada: Inuvik Airport",NOT_FOUND,NO,INTERNATIONAL,INTERNATIONAL,UNKNOWN
16050,"Iqaluit, Canada: Iqaluit Airport",NOT_FOUND,NO,INTERNATIONAL,INTERNATIONAL,UNKNOWN
16051,"Fredericton, Canada: Fredericton International",NOT_FOUND,NO,INTERNATIONAL,INTERNATIONAL,UNKNOWN
16052,"Flin Flon, Canada: Flin Flon Airport",NOT_FOUND,NO,INTERNATIONAL,INTERNATIONAL,UNKNOWN
16053,"Fort Resolution, Canada: Fort Resolution Airport",NOT_FOUND,NO,INTERNATIONAL,INTERNATIONAL,UNKNOWN
16054,"Fort Simpson, Canada: Fort Simpson Airport",NOT_FOUND,NO,INTERNATIONAL,INTERNATIONAL,UNKNOWN
16055,"Gagnon, Canada: Gagnon Airport",NOT_FOUND,NO,INTERNATIONAL,INTERNATIONAL,UNKNOWN
16056,"Gillies Bay, Canada: Texada Gillies Bay",NOT_FOUND,NO,INTERNATIONAL,INTERNATIONAL,UNKNOWN
16057,"Gorge Harbor, Canada: Gorge Harbor Airport",NOT_FOUND,NO,INTERNATIONAL,INTERNATIONAL,UNKNOWN
16058,"Ganges Harbor, Canada: Ganges Harbor Airport",NOT_FOUND,NO,INTERNATIONAL,INTERNATIONAL,UNKNOWN
16059,"Fort Good Hope, Canada: Fort Good Hope Ice Strip",NOT_FOUND,NO,PRIVATE/SPECIAL_USE,INTERNATIONAL,UNKNOWN
16060,"Yonago, Japan: Miho",NOT_FOUND,NO,INTERNATIONAL,INTERNATIONAL,UNKNOWN
16061,"Kingston, Canada: Kingston Airport",NOT_FOUND,NO,INTERNATIONAL,INTERNATIONAL,UNKNOWN
16062,"La Grande, Canada: La Grande Riviere",NOT_FOUND,NO,INTERNATIONAL,INTERNATIONAL,UNKNOWN
16063,"Greenway Sound, Canada: Greenway Sound Airport",NOT_FOUND,NO,INTERNATIONAL,INTERNATIONAL,UNKNOWN
16064,"Gaspe, Canada: Michel Pouliot",NOT_FOUND,NO,INTERNATIONAL,INTERNATIONAL,UNKNOWN
16065,"Geraldton, Canada: Geraldton Greenstone Regional",NOT_FOUND,NO,INTERNATIONAL,INTERNATIONAL,UNKNOWN
16066,"Iles de la Madeleine, Canada: Iles de la Madeleine Airport",NOT_FOUND,NO,INTERNATIONAL,INTERNATIONAL,UNKNOWN
16067,"Igloolik, Canada: Igloolik Airport",NOT_FOUND,NO,INTERNATIONAL,INTERNATIONAL,UNKNOWN
16068,"Havre St. Pierre, Canada: Havre St. Pierre Airport",NOT_FOUND,NO,INTERNATIONAL,INTERNATIONAL,UNKNOWN
16069,"Kuujjuarapik, Canada: Kuujjuarapik Airport",NOT_FOUND,NO,INTERNATIONAL,INTERNATIONAL,UNKNOWN
16070,"Gillam, Canada: Gillam Airport",NOT_FOUND,NO,INTERNATIONAL,INTERNATIONAL,UNKNOWN
16072,"Grise Fiord, Canada: Grise Fiord Airport",NOT_FOUND,NO,INTERNATIONAL,INTERNATIONAL,UNKNOWN
16073,"Port Hope Simpson, Canada: Port Hope Simpson Airport",NOT_FOUND,NO,INTERNATIONAL,INTERNATIONAL,UNKNOWN
16074,"Dryden, Canada: Dryden Regional",NOT_FOUND,NO,INTERNATIONAL,INTERNATIONAL,UNKNOWN
16075,"Hearst, Canada: Hearst Municipal",NOT_FOUND,NO,INTERNATIONAL,INTERNATIONAL,UNKNOWN
16076,"Campbell River, Canada: Harbor",NOT_FOUND,NO,INTERNATIONAL,INTERNATIONAL,UNKNOWN
16077,"Holman Island, Canada: Ulukhaktok",NOT_FOUND,NO,INTERNATIONAL,INTERNATIONAL,UNKNOWN
16078,"Hamilton, Canada: John C. Munro Hamilton International",NOT_FOUND,NO,INTERNATIONAL,INTERNATIONAL,UNKNOWN
16079,"Hornepayne, Canada: Hornepayne Municipal",NOT_FOUND,NO,INTERNATIONAL,INTERNATIONAL,UNKNOWN
16080,"Harrington Harbour, Canada: Harrington Harbour Airport",NOT_FOUND,NO,INTERNATIONAL,INTERNATIONAL,UNKNOWN
16081,"Sechelt, Canada: Sechelt Airport",NOT_FOUND,NO,INTERNATIONAL,INTERNATIONAL,UNKNOWN
16082,"Haines Junction, Canada: Haines Junction Airport",NOT_FOUND,NO,INTERNATIONAL,INTERNATIONAL,UNKNOWN
16083,"Montreal, Canada: Montreal Metropolitan",NOT_FOUND,NO,INTERNATIONAL,INTERNATIONAL,UNKNOWN
16084,"Hay River, Canada: Merlyn Carter",NOT_FOUND,NO,INTERNATIONAL,INTERNATIONAL,UNKNOWN
16085,"Halifax, Canada: Stanfield International",NOT_FOUND,NO,INTERNATIONAL,INTERNATIONAL,UNKNOWN
16086,"Atikokan, Canada: Atikokan Municipal",NOT_FOUND,NO,INTERNATIONAL,INTERNATIONAL,UNKNOWN
16087,"Pakuashipi, Canada: St Augustin",NOT_FOUND,NO,INTERNATIONAL,INTERNATIONAL,UNKNOWN
16088,"Big Bay Marina, Canada: Big Bay Marina Airport",NOT_FOUND,NO,INTERNATIONAL,INTERNATIONAL,UNKNOWN
16089,"Yichang, China: Yichang Sanxia",NOT_FOUND,NO,INTERNATIONAL,INTERNATIONAL,UNKNOWN
16090,"Pond Inlet, Canada: Pond Inlet Airport",NOT_FOUND,NO,INTERNATIONAL,INTERNATIONAL,UNKNOWN
16091,"Detroit, MI: Willow Run",KDTW,YES,ASOS_AVAILABLE,DIRECT_MATCH,HIGH
16092,"Island Lake, Canada: Island Lake Airport",NOT_FOUND,NO,INTERNATIONAL,INTERNATIONAL,UNKNOWN
16093,"Yiwu, China: Yiwu Airport",NOT_FOUND,NO,INTERNATIONAL,INTERNATIONAL,UNKNOWN
16094,"Johnny Mountain, Canada: Johnny Mountain Airport",NOT_FOUND,NO,INTERNATIONAL,INTERNATIONAL,UNKNOWN
16095,"Stephenville, Canada: Stephenville Dymond",NOT_FOUND,NO,INTERNATIONAL,INTERNATIONAL,UNKNOWN
16096,"Kamloops, Canada: Kamloops Airport",NOT_FOUND,NO,INTERNATIONAL,INTERNATIONAL,UNKNOWN
16097,"Kitchener, Canada: Waterloo",NOT_FOUND,NO,INTERNATIONAL,INTERNATIONAL,UNKNOWN
16098,"Kangirsuk, Canada: Kangirsuk Airport",NOT_FOUND,NO,INTERNATIONAL,INTERNATIONAL,UNKNOWN
16099,"Key Lake, Canada: Key Lake Airport",NOT_FOUND,NO,INTERNATIONAL,INTERNATIONAL,UNKNOWN
16100,"Schefferville, Canada: Schefferville Airport",NOT_FOUND,NO,INTERNATIONAL,INTERNATIONAL,UNKNOWN
16101,"Yakima, WA: Yakima Air Terminal/McAllister Field",KYKM,YES,ASOS_AVAILABLE,DIRECT_MATCH,HIGH
16102,"Yankton, SD: Chan Gurney Municipal",NOT_FOUND,NO,NO_ICAO_CODE,NO_MATCH,UNKNOWN
16103,"Yakutsk, Russia: Yakutsk Airport",NOT_FOUND,NO,INTERNATIONAL,INTERNATIONAL,UNKNOWN
16104,"Fort George, Canada: Ft. George",NOT_FOUND,NO,INTERNATIONAL,INTERNATIONAL,UNKNOWN
16105,"Kirkland Lake, Canada: Kirkland Lake Airport",NOT_FOUND,NO,INTERNATIONAL,INTERNATIONAL,UNKNOWN
16106,"Toronto, Canada: Buttonville Municipal",NOT_FOUND,NO,INTERNATIONAL,INTERNATIONAL,UNKNOWN
16107,"Kimmirut/Lake Harbour, Canada: Lake Harbour",NOT_FOUND,NO,INTERNATIONAL,INTERNATIONAL,UNKNOWN
16108,"Chapleau, Canada: Chapleau Airport",NOT_FOUND,NO,INTERNATIONAL,INTERNATIONAL,UNKNOWN
16109,"Lansdowne House, Canada: Lansdowne House Airport",NOT_FOUND,NO,INTERNATIONAL,INTERNATIONAL,UNKNOWN
16110,"Lloydminster, Canada: Lloydminster Airport",NOT_FOUND,NO,INTERNATIONAL,INTERNATIONAL,UNKNOWN
16111,"Mingan, Canada: Mingan Airport",NOT_FOUND,NO,INTERNATIONAL,INTERNATIONAL,UNKNOWN
16112,"La Tuque, Canada: La Tuque Airport",NOT_FOUND,NO,INTERNATIONAL,INTERNATIONAL,UNKNOWN
16113,"Leaf Rapids, Canada: Leaf Rapids Airport",NOT_FOUND,NO,INTERNATIONAL,INTERNATIONAL,UNKNOWN
16114,"Alert, Canada: Alert Airport",NOT_FOUND,NO,INTERNATIONAL,INTERNATIONAL,UNKNOWN
16115,"Kelowna, Canada: Kelowna Airport",NOT_FOUND,NO,INTERNATIONAL,INTERNATIONAL,UNKNOWN
16116,"Mayo, Canada: Mayo Airport",NOT_FOUND,NO,INTERNATIONAL,INTERNATIONAL,UNKNOWN
16117,"Merritt, Canada: Merritt Airport",NOT_FOUND,NO,INTERNATIONAL,INTERNATIONAL,UNKNOWN
16118,"Matane, Canada: Matane Russell Burnett",NOT_FOUND,NO,INTERNATIONAL,INTERNATIONAL,UNKNOWN
16119,"Mary's Harbour, Canada: Mary's Harbour Airport",NOT_FOUND,NO,INTERNATIONAL,INTERNATIONAL,UNKNOWN
16120,"Murray Bay, Canada: Charlevoix",NOT_FOUND,NO,INTERNATIONAL,INTERNATIONAL,UNKNOWN
16121,"Fort McMurray, Canada: Fort McMurray Airport",NOT_FOUND,NO,INTERNATIONAL,INTERNATIONAL,UNKNOWN
16122,"Moosonee, Canada: Moosonee Airport",NOT_FOUND,NO,INTERNATIONAL,INTERNATIONAL,UNKNOWN
16123,"Port McNeill, Canada: Port McNeill Airport",NOT_FOUND,NO,INTERNATIONAL,INTERNATIONAL,UNKNOWN
16124,"Montreal, Canada: Montreal Metropolitan Area",NOT_FOUND,NO,INTERNATIONAL,INTERNATIONAL,UNKNOWN
16125,"Yurimaguas, Peru: Yurimaguas Airport",NOT_FOUND,NO,NO_ICAO_CODE,INTERNATIONAL,UNKNOWN
16126,"Chibougamau, Canada: Chapais",NOT_FOUND,NO,INTERNATIONAL,INTERNATIONAL,UNKNOWN
16127,"Manicouagan, Canada: Manic-5",NOT_FOUND,NO,INTERNATIONAL,INTERNATIONAL,UNKNOWN
16128,"Montreal, Canada: Montreal Airport",NOT_FOUND,NO,INTERNATIONAL,INTERNATIONAL,UNKNOWN
16129,"Natashquan, Canada: Natashquan Airport",NOT_FOUND,NO,INTERNATIONAL,INTERNATIONAL,UNKNOWN
16130,"Yenbo, Saudi Arabia: Prince Abdulmohsin Bin Abdulaziz",NOT_FOUND,NO,NO_ICAO_CODE,INTERNATIONAL,UNKNOWN
16131,"Gatineau, Canada: Gatineau-Ottawa Executive",NOT_FOUND,NO,INTERNATIONAL,INTERNATIONAL,UNKNOWN
16132,"Norway House, Canada: Norway House Airport",NOT_FOUND,NO,INTERNATIONAL,INTERNATIONAL,UNKNOWN
16133,"Youngstown/Warren, OH: Youngstown-Warren Regional",NOT_FOUND,NO,NO_ICAO_CODE,NO_MATCH,UNKNOWN
16134,"Hudson's Hope, Canada: Hudson's Hope Airport",NOT_FOUND,NO,INTERNATIONAL,INTERNATIONAL,UNKNOWN
16135,"Yanji, China: Chaoyangchuan",NOT_FOUND,NO,INTERNATIONAL,INTERNATIONAL,UNKNOWN
16136,"Nootka Sound, Canada: Nootka Sound Airport",NOT_FOUND,NO,INTERNATIONAL,INTERNATIONAL,UNKNOWN
16137,"Points North Landing, Canada: Points North Landing Airport",NOT_FOUND,NO,INTERNATIONAL,INTERNATIONAL,UNKNOWN
16138,"Matagami, Canada: Matagami Airport",NOT_FOUND,NO,INTERNATIONAL,INTERNATIONAL,UNKNOWN
16139,"Yantai, China: Laishan",NOT_FOUND,NO,INTERNATIONAL,INTERNATIONAL,UNKNOWN
16140,"Yangyang, South Korea: Yangyang International",NOT_FOUND,NO,INTERNATIONAL,INTERNATIONAL,UNKNOWN
16141,"Old Crow, Canada: Old Crow Airport",NOT_FOUND,NO,INTERNATIONAL,INTERNATIONAL,UNKNOWN
16142,"Cold Lake, Canada: Group Captain R W McNair",NOT_FOUND,NO,INTERNATIONAL,INTERNATIONAL,UNKNOWN
16143,"Ogoki, Canada: Ogoki Airport",NOT_FOUND,NO,INTERNATIONAL,INTERNATIONAL,UNKNOWN
16144,"High Level, Canada: High Level Airport",NOT_FOUND,NO,INTERNATIONAL,INTERNATIONAL,UNKNOWN
16145,"Yola, Nigeria: Yola Airport",NOT_FOUND,NO,NO_ICAO_CODE,INTERNATIONAL,UNKNOWN
16146,"Oshawa, Canada: Oshawa Executive",NOT_FOUND,NO,INTERNATIONAL,INTERNATIONAL,UNKNOWN
16147,"Rainbow Lake, Canada: Rainbow Lake Airport",NOT_FOUND,NO,INTERNATIONAL,INTERNATIONAL,UNKNOWN
16149,"Ottawa, Canada: Macdonald Cartier International",NOT_FOUND,NO,INTERNATIONAL,INTERNATIONAL,UNKNOWN
16150,"Rea Point, Canada: Rea Point Airport",NOT_FOUND,NO,INTERNATIONAL,INTERNATIONAL,UNKNOWN
16151,"Prince Albert, Canada: Prince Albert Glass Field",NOT_FOUND,NO,INTERNATIONAL,INTERNATIONAL,UNKNOWN
16152,"Peace River, Canada: Peace River Airport",NOT_FOUND,NO,INTERNATIONAL,INTERNATIONAL,UNKNOWN
16153,"Pickle Lake, Canada: Pickle Lake Airport",NOT_FOUND,NO,INTERNATIONAL,INTERNATIONAL,UNKNOWN
16154,"Port Menier, Canada: Port Menier Airport",NOT_FOUND,NO,INTERNATIONAL,INTERNATIONAL,UNKNOWN
16155,"Peawanuck, Canada: Peawanuck Airport",NOT_FOUND,NO,INTERNATIONAL,INTERNATIONAL,UNKNOWN
16156,"Peterborough, Canada: Peterborough Airport",NOT_FOUND,NO,INTERNATIONAL,INTERNATIONAL,UNKNOWN
16157,"Digby Island, Canada: Prince Rupert",NOT_FOUND,NO,INTERNATIONAL,INTERNATIONAL,UNKNOWN
16158,"Port Hawkesbury, Canada: Port Hawkesbury Airport",NOT_FOUND,NO,INTERNATIONAL,INTERNATIONAL,UNKNOWN
16159,"Powell River, Canada: Powell River Airport",NOT_FOUND,NO,INTERNATIONAL,INTERNATIONAL,UNKNOWN
16160,"Povungnituk, Canada: Puvirnituq",NOT_FOUND,NO,INTERNATIONAL,INTERNATIONAL,UNKNOWN
16161,"Fort Chipewyan, Canada: Fort Chipewyan Airport",NOT_FOUND,NO,INTERNATIONAL,INTERNATIONAL,UNKNOWN
16162,"Muskoka, Canada: Muskoka Airport",NOT_FOUND,NO,INTERNATIONAL,INTERNATIONAL,UNKNOWN
16163,"Quebec, Canada: Jean Lesage International",NOT_FOUND,NO,INTERNATIONAL,INTERNATIONAL,UNKNOWN
16164,"The Pas, Canada: The Pas Airport",NOT_FOUND,NO,INTERNATIONAL,INTERNATIONAL,UNKNOWN
16165,"Red Deer, Canada: Red Deer Regional",NOT_FOUND,NO,INTERNATIONAL,INTERNATIONAL,UNKNOWN
16166,"Windsor, Canada: Windsor Airport",NOT_FOUND,NO,INTERNATIONAL,INTERNATIONAL,UNKNOWN
16167,"Watson Lake, Canada: Watson Lake Airport",NOT_FOUND,NO,INTERNATIONAL,INTERNATIONAL,UNKNOWN
16168,"Yarmouth, Canada: Yarmouth Airport",NOT_FOUND,NO,INTERNATIONAL,INTERNATIONAL,UNKNOWN
16169,"Kenora, Canada: Kenora Airport",NOT_FOUND,NO,INTERNATIONAL,INTERNATIONAL,UNKNOWN
16170,"Lethbridge, Canada: Lethbridge County",NOT_FOUND,NO,INTERNATIONAL,INTERNATIONAL,UNKNOWN
16171,"Moncton, Canada: Greater Moncton Romeo Leblanc International",NOT_FOUND,NO,INTERNATIONAL,INTERNATIONAL,UNKNOWN
16172,"Comox, Canada: Comox Airport",NOT_FOUND,NO,INTERNATIONAL,INTERNATIONAL,UNKNOWN
16173,"Regina, Canada: Regina International",NOT_FOUND,NO,INTERNATIONAL,INTERNATIONAL,UNKNOWN
16174,"Thunder Bay, Canada: Thunder Bay Airport",NOT_FOUND,NO,INTERNATIONAL,INTERNATIONAL,UNKNOWN
16175,"Grande Prairie, Canada: Grande Prairie Airport",NOT_FOUND,NO,INTERNATIONAL,INTERNATIONAL,UNKNOWN
16176,"Yorkton, Canada: Yorkton Regional",NOT_FOUND,NO,INTERNATIONAL,INTERNATIONAL,UNKNOWN
16177,"North Battleford, Canada: North Battleford Airport",NOT_FOUND,NO,INTERNATIONAL,INTERNATIONAL,UNKNOWN
16178,"Gander, Canada: Gander International",NOT_FOUND,NO,INTERNATIONAL,INTERNATIONAL,UNKNOWN
16179,"Sydney, Canada: Sydney Airport",NOT_FOUND,NO,INTERNATIONAL,INTERNATIONAL,UNKNOWN
16180,"Quesnel, Canada: Quesnel Airport",NOT_FOUND,NO,INTERNATIONAL,INTERNATIONAL,UNKNOWN
16181,"Resolute Bay, Canada: Resolute Bay Airport",NOT_FOUND,NO,INTERNATIONAL,INTERNATIONAL,UNKNOWN
16182,"Chicoutimi, Canada: St Honore",NOT_FOUND,NO,INTERNATIONAL,INTERNATIONAL,UNKNOWN
16183,"Dean River, Canada: Dean River Airport",NOT_FOUND,NO,INTERNATIONAL,INTERNATIONAL,UNKNOWN
16184,"Roberval, Canada: Roberval Airport",NOT_FOUND,NO,INTERNATIONAL,INTERNATIONAL,UNKNOWN
16185,"Red Lake, Canada: Red Lake Airport",NOT_FOUND,NO,INTERNATIONAL,INTERNATIONAL,UNKNOWN
16186,"Trois Rivieres, Canada: Trois Rivieres Airport",NOT_FOUND,NO,INTERNATIONAL,INTERNATIONAL,UNKNOWN
16187,"Rankin Inlet, Canada: Rankin Inlet Airport",NOT_FOUND,NO,INTERNATIONAL,INTERNATIONAL,UNKNOWN
16188,"Sudbury, Canada: Sudbury Airport",NOT_FOUND,NO,INTERNATIONAL,INTERNATIONAL,UNKNOWN
16189,"Sherbrooke, Canada: Sherbrooke Airport",NOT_FOUND,NO,INTERNATIONAL,INTERNATIONAL,UNKNOWN
16190,"Stony Rapids, Canada: Stony Rapids Airport",NOT_FOUND,NO,INTERNATIONAL,INTERNATIONAL,UNKNOWN
16191,"Saint John, Canada: Saint John Airport",NOT_FOUND,NO,INTERNATIONAL,INTERNATIONAL,UNKNOWN
16192,"St. Leonard, Canada: St Leonard Cyr",NOT_FOUND,NO,INTERNATIONAL,INTERNATIONAL,UNKNOWN
16193,"Fort Smith, Canada: Fort Smith Airport",NOT_FOUND,NO,INTERNATIONAL,INTERNATIONAL,UNKNOWN
16194,"Salmon Arm, Canada: Salmon Arm Airport",NOT_FOUND,NO,INTERNATIONAL,INTERNATIONAL,UNKNOWN
16195,"Marathon, Canada: Marathon Airport",NOT_FOUND,NO,INTERNATIONAL,INTERNATIONAL,UNKNOWN
16196,"Nanisivik, Canada: Nanisivik Airport",NOT_FOUND,NO,INTERNATIONAL,INTERNATIONAL,UNKNOWN
16197,"St. Theresa Point, Canada: St. Theresa Point Airport",NOT_FOUND,NO,INTERNATIONAL,INTERNATIONAL,UNKNOWN
16198,"Summerside, Canada: Summerside Airport",NOT_FOUND,NO,INTERNATIONAL,INTERNATIONAL,UNKNOWN
16199,"Saglek, Canada: Saglek Airport",NOT_FOUND,NO,INTERNATIONAL,INTERNATIONAL,UNKNOWN
16201,"Pembroke, Canada: Pembroke Airport",NOT_FOUND,NO,INTERNATIONAL,INTERNATIONAL,UNKNOWN
16202,"Cape Dorset, Canada: Kinngait",NOT_FOUND,NO,INTERNATIONAL,INTERNATIONAL,UNKNOWN
16203,"Alma, Canada: Chesterfield Inlet",NOT_FOUND,NO,INTERNATIONAL,INTERNATIONAL,UNKNOWN
16204,"Sullivan Bay, Canada: Sullivan Bay Water Aerodrome",NOT_FOUND,NO,INTERNATIONAL,INTERNATIONAL,UNKNOWN
16205,"Thompson, Canada: Thompson Airport",NOT_FOUND,NO,INTERNATIONAL,INTERNATIONAL,UNKNOWN
16206,"Terrace Bay, Canada: Terrace Bay Airport",NOT_FOUND,NO,INTERNATIONAL,INTERNATIONAL,UNKNOWN
16207,"Big Trout Lake, Canada: Big Trout Lake Airport",NOT_FOUND,NO,INTERNATIONAL,INTERNATIONAL,UNKNOWN
16208,"La Macaza, Canada: La Macaza Mont Tremblant",NOT_FOUND,NO,INTERNATIONAL,INTERNATIONAL,UNKNOWN
16209,"Riviere-au-Tonnerre, Canada: Riviere Au Tonnerre",NOT_FOUND,NO,INTERNATIONAL,INTERNATIONAL,UNKNOWN
16210,"Toronto, Canada: Toronto Metropolitan Area",NOT_FOUND,NO,INTERNATIONAL,INTERNATIONAL,UNKNOWN
16211,"Tofino, Canada: Tofino Seaplane Base",NOT_FOUND,NO,PRIVATE/SPECIAL_USE,INTERNATIONAL,UNKNOWN
16212,"Tasiujuaq, Canada: Tasiujaq",NOT_FOUND,NO,INTERNATIONAL,INTERNATIONAL,UNKNOWN
16213,"Trenton, Canada: Trenton Airport",NOT_FOUND,NO,INTERNATIONAL,INTERNATIONAL,UNKNOWN
16214,"Timmins, Canada: Victor M Power",NOT_FOUND,NO,INTERNATIONAL,INTERNATIONAL,UNKNOWN
16215,"Toronto, Canada: Billy Bishop Toronto City",NOT_FOUND,NO,INTERNATIONAL,INTERNATIONAL,UNKNOWN
16216,"Tuktoyaktuk, Canada: James Gruben",NOT_FOUND,NO,INTERNATIONAL,INTERNATIONAL,UNKNOWN
16217,"Montreal, Canada: Pierre Elliott Trudeau International",NOT_FOUND,NO,INTERNATIONAL,INTERNATIONAL,UNKNOWN
16218,"Yuma, AZ: Yuma MCAS/Yuma International",NOT_FOUND,NO,NO_ICAO_CODE,NO_MATCH,UNKNOWN
16219,"Repulse Bay, Canada: Naujaat",NOT_FOUND,NO,INTERNATIONAL,INTERNATIONAL,UNKNOWN
16220,"Hall Beach, Canada: Sanirajak",NOT_FOUND,NO,INTERNATIONAL,INTERNATIONAL,UNKNOWN
16221,"Rouyn-Noranda, Canada: Rouyn-Noranda Airport",NOT_FOUND,NO,INTERNATIONAL,INTERNATIONAL,UNKNOWN
16222,"Moroni, Comoros: Iconi",NOT_FOUND,NO,NO_ICAO_CODE,NO_STATE_CODE,UNKNOWN
16223,"Bonaventure, Canada: Bonaventure Airport",NOT_FOUND,NO,INTERNATIONAL,INTERNATIONAL,UNKNOWN
16224,"Lac La Ronge, Canada: La Ronge",NOT_FOUND,NO,INTERNATIONAL,INTERNATIONAL,UNKNOWN
16225,"Cape Dyer, Canada: Cape Dyer Airport",NOT_FOUND,NO,INTERNATIONAL,INTERNATIONAL,UNKNOWN
16226,"Val d'Or, Canada: Val d'Or Airport",NOT_FOUND,NO,INTERNATIONAL,INTERNATIONAL,UNKNOWN
16227,"Fort Chimo, Canada: Fort Chimo Airport",NOT_FOUND,NO,INTERNATIONAL,INTERNATIONAL,UNKNOWN
16228,"Norman Wells, Canada: Norman Wells Airport",NOT_FOUND,NO,INTERNATIONAL,INTERNATIONAL,UNKNOWN
16229,"Vancouver, Canada: Vancouver International",NOT_FOUND,NO,INTERNATIONAL,INTERNATIONAL,UNKNOWN
16230,"Buffalo Narrows, Canada: Buffalo Narrows Airport",NOT_FOUND,NO,INTERNATIONAL,INTERNATIONAL,UNKNOWN
16231,"Kangiqsujuaq, Canada: Wakeham Bay",NOT_FOUND,NO,INTERNATIONAL,INTERNATIONAL,UNKNOWN
16232,"Winnipeg, Canada: James Armstrong Richardson International",NOT_FOUND,NO,INTERNATIONAL,INTERNATIONAL,UNKNOWN
16233,"Victoria, Canada: Victoria Inner Harbour",NOT_FOUND,NO,INTERNATIONAL,INTERNATIONAL,UNKNOWN
16234,"Deline, Canada: Deline Airport",NOT_FOUND,NO,INTERNATIONAL,INTERNATIONAL,UNKNOWN
16235,"Wabush, Canada: Wabush Airport",NOT_FOUND,NO,INTERNATIONAL,INTERNATIONAL,UNKNOWN
16236,"Williams Lake, Canada: Williams Lake Airport",NOT_FOUND,NO,INTERNATIONAL,INTERNATIONAL,UNKNOWN
16237,"Chute-Des-Passes, Canada: Chute-Des-Passes Airport",NOT_FOUND,NO,INTERNATIONAL,INTERNATIONAL,UNKNOWN
16238,"White River, Canada: White River Airport",NOT_FOUND,NO,INTERNATIONAL,INTERNATIONAL,UNKNOWN
16239,"Wrigley, Canada: Wrigley Airport",NOT_FOUND,NO,INTERNATIONAL,INTERNATIONAL,UNKNOWN
16240,"Cranbrook, Canada: Canadian Rockies International",NOT_FOUND,NO,INTERNATIONAL,INTERNATIONAL,UNKNOWN
16241,"Edmonton, Canada: Edmonton City Centre",NOT_FOUND,NO,INTERNATIONAL,INTERNATIONAL,UNKNOWN
16242,"Saskatoon, Canada: John G Diefenbaker International",NOT_FOUND,NO,INTERNATIONAL,INTERNATIONAL,UNKNOWN
16243,"Medicine Hat, Canada: Medicine Hat Airport",NOT_FOUND,NO,INTERNATIONAL,INTERNATIONAL,UNKNOWN
16244,"Fort St. John, Canada: Fort St. John Airport",NOT_FOUND,NO,INTERNATIONAL,INTERNATIONAL,UNKNOWN
16245,"Rimouski, Canada: Rimouski Airport",NOT_FOUND,NO,INTERNATIONAL,INTERNATIONAL,UNKNOWN
16246,"Sioux Lookout, Canada: Sioux Lookout Airport",NOT_FOUND,NO,INTERNATIONAL,INTERNATIONAL,UNKNOWN
16247,"Pangnirtung, Canada: Pangnirtung Airport",NOT_FOUND,NO,INTERNATIONAL,INTERNATIONAL,UNKNOWN
16248,"Beaver Creek, Canada: Beaver Creek Airport",NOT_FOUND,NO,INTERNATIONAL,INTERNATIONAL,UNKNOWN
16249,"Earlton, Canada: Earlton Timiskaming Regional",NOT_FOUND,NO,INTERNATIONAL,INTERNATIONAL,UNKNOWN
16250,"Prince George, Canada: Prince George Airport",NOT_FOUND,NO,INTERNATIONAL,INTERNATIONAL,UNKNOWN
16251,"Terrace, Canada: Terrace Airport",NOT_FOUND,NO,INTERNATIONAL,INTERNATIONAL,UNKNOWN
16252,"London, Canada: London Airport",NOT_FOUND,NO,INTERNATIONAL,INTERNATIONAL,UNKNOWN
16253,"Abbotsford, Canada: Abbotsford Airport",NOT_FOUND,NO,INTERNATIONAL,INTERNATIONAL,UNKNOWN
16254,"Whitehorse, Canada: Erik Nielsen International",NOT_FOUND,NO,INTERNATIONAL,INTERNATIONAL,UNKNOWN
16255,"Wawa, Canada: Wawa Airport",NOT_FOUND,NO,INTERNATIONAL,INTERNATIONAL,UNKNOWN
16256,"North Bay, Canada: North Bay Airport",NOT_FOUND,NO,INTERNATIONAL,INTERNATIONAL,UNKNOWN
16257,"Calgary, Canada: Yyc Calgary International",NOT_FOUND,NO,INTERNATIONAL,INTERNATIONAL,UNKNOWN
16258,"Smithers, Canada: Smithers Airport",NOT_FOUND,NO,INTERNATIONAL,INTERNATIONAL,UNKNOWN
16259,"Fort Nelson, Canada: Fort Nelson Airport",NOT_FOUND,NO,INTERNATIONAL,INTERNATIONAL,UNKNOWN
16260,"Penticton, Canada: Penticton Airport",NOT_FOUND,NO,INTERNATIONAL,INTERNATIONAL,UNKNOWN
16261,"Charlottetown, Canada: Charlottetown Airport",NOT_FOUND,NO,INTERNATIONAL,INTERNATIONAL,UNKNOWN
16262,"Taloyoak, Canada: Taloyoak Airport",NOT_FOUND,NO,INTERNATIONAL,INTERNATIONAL,UNKNOWN
16263,"Victoria, Canada: Victoria International",NOT_FOUND,NO,INTERNATIONAL,INTERNATIONAL,UNKNOWN
16264,"Lynn Lake, Canada: Lynn Lake Airport",NOT_FOUND,NO,INTERNATIONAL,INTERNATIONAL,UNKNOWN
16265,"Swift Current, Canada: Swift Current Airport",NOT_FOUND,NO,INTERNATIONAL,INTERNATIONAL,UNKNOWN
16266,"Churchill, Canada: Churchill Airport",NOT_FOUND,NO,INTERNATIONAL,INTERNATIONAL,UNKNOWN
16267,"Goose Bay, Canada: Goose Bay Airport",NOT_FOUND,NO,INTERNATIONAL,INTERNATIONAL,UNKNOWN
16268,"St. John's, Canada: St. John's International",NOT_FOUND,NO,INTERNATIONAL,INTERNATIONAL,UNKNOWN
16269,"Kapuskasing, Canada: Kapuskasing Airport",NOT_FOUND,NO,INTERNATIONAL,INTERNATIONAL,UNKNOWN
16270,"Mont Joli, Canada: Mont Joli Airport",NOT_FOUND,NO,INTERNATIONAL,INTERNATIONAL,UNKNOWN
16271,"Toronto, Canada: Lester B. Pearson International",NOT_FOUND,NO,INTERNATIONAL,INTERNATIONAL,UNKNOWN
16272,"Gore Bay, Canada: Gore Bay/Manitoulin",NOT_FOUND,NO,INTERNATIONAL,INTERNATIONAL,UNKNOWN
16273,"Yellowknife, Canada: Yellowknife Airport",NOT_FOUND,NO,INTERNATIONAL,INTERNATIONAL,UNKNOWN
16274,"Slave Lake, Canada: Slave Lake Airport",NOT_FOUND,NO,INTERNATIONAL,INTERNATIONAL,UNKNOWN
16275,"Sandspit, Canada: Sandspit Airport",NOT_FOUND,NO,INTERNATIONAL,INTERNATIONAL,UNKNOWN
16276,"Sarnia, Canada: Sarnia Airport",NOT_FOUND,NO,INTERNATIONAL,INTERNATIONAL,UNKNOWN
16277,"Coral Harbour, Canada: Coral Harbour Airport",NOT_FOUND,NO,INTERNATIONAL,INTERNATIONAL,UNKNOWN
16278,"Port Hardy, Canada: Port Hardy Airport",NOT_FOUND,NO,INTERNATIONAL,INTERNATIONAL,UNKNOWN
16279,"Sept-Iles, Canada: Sept-Iles Airport",NOT_FOUND,NO,INTERNATIONAL,INTERNATIONAL,UNKNOWN
16280,"Alice Arm, Canada: Alice Arm Airport",NOT_FOUND,NO,INTERNATIONAL,INTERNATIONAL,UNKNOWN
16281,"Zadar, Croatia: Zadar Airport",NOT_FOUND,NO,NO_ICAO_CODE,INTERNATIONAL,UNKNOWN
16282,"Zagreb, Croatia: Zagreb Airport",NOT_FOUND,NO,NO_ICAO_CODE,INTERNATIONAL,UNKNOWN
16283,"Zahedan, Iran: Zahedan International",NOT_FOUND,NO,NO_ICAO_CODE,INTERNATIONAL,UNKNOWN
16284,"Valdivia, Chile: Las Marias",NOT_FOUND,NO,NO_ICAO_CODE,INTERNATIONAL,UNKNOWN
16285,"Zamboanga, Philippines: Zamboanga Airport",NOT_FOUND,NO,NO_ICAO_CODE,INTERNATIONAL,UNKNOWN
16286,"Zaragoza, Spain: Zaragoza AB",NOT_FOUND,NO,INTERNATIONAL,INTERNATIONAL,UNKNOWN
16288,"Bathurst, Canada: Bathurst Airport",NOT_FOUND,NO,INTERNATIONAL,INTERNATIONAL,UNKNOWN
16289,"Biloela, Australia: Biloela (Thangool)",NOT_FOUND,NO,INTERNATIONAL,INTERNATIONAL,UNKNOWN
16290,"Bromont, Canada: Bromont Airport",NOT_FOUND,NO,INTERNATIONAL,INTERNATIONAL,UNKNOWN
16291,"Bowen, Australia: Bowen Airport",NOT_FOUND,NO,INTERNATIONAL,INTERNATIONAL,UNKNOWN
16292,"Branson, MO: John the Diver",NOT_FOUND,NO,NO_ICAO_CODE,NO_MATCH,UNKNOWN
16293,"Zacatecas, Mexico: Zacatecas International",NOT_FOUND,NO,INTERNATIONAL,INTERNATIONAL,UNKNOWN
16294,"Temuco, Chile: Maquehue",NOT_FOUND,NO,NO_ICAO_CODE,INTERNATIONAL,UNKNOWN
16295,"Bella Bella, Canada: Denny Island",NOT_FOUND,NO,INTERNATIONAL,INTERNATIONAL,UNKNOWN
16296,"Faro, Canada: Faro Airport",NOT_FOUND,NO,INTERNATIONAL,INTERNATIONAL,UNKNOWN
16297,"Fort McPherson, Canada: Fort McPherson Airport",NOT_FOUND,NO,INTERNATIONAL,INTERNATIONAL,UNKNOWN
16298,"Fort Norman, Canada: Fort Norman Airport",NOT_FOUND,NO,INTERNATIONAL,INTERNATIONAL,UNKNOWN
16299,"Grand Forks, Canada: Grand Forks Airport",NOT_FOUND,NO,INTERNATIONAL,INTERNATIONAL,UNKNOWN
16300,"Ngoma, Zambia: Ngoma Airport",NOT_FOUND,NO,NO_ICAO_CODE,INTERNATIONAL,UNKNOWN
16301,"Gethsemani, Canada: Gethsemani Airport",NOT_FOUND,NO,INTERNATIONAL,INTERNATIONAL,UNKNOWN
16302,"Zhanjiang, China: Zhanjiang Airport",NOT_FOUND,NO,INTERNATIONAL,INTERNATIONAL,UNKNOWN
16303,"Ziguinchor, Senegal: Ziguinchor Airport",NOT_FOUND,NO,NO_ICAO_CODE,INTERNATIONAL,UNKNOWN
16304,"Ixtapa/Zihuatanejo, Mexico: Ixtapa-Zihuatanejo International",NOT_FOUND,NO,INTERNATIONAL,INTERNATIONAL,UNKNOWN
16305,"Kasaba Bay, Zambia: Kasaba Bay Airport",NOT_FOUND,NO,NO_ICAO_CODE,INTERNATIONAL,UNKNOWN
16306,"Manzanillo, Mexico: Manzanillo International",NOT_FOUND,NO,INTERNATIONAL,INTERNATIONAL,UNKNOWN
16307,"La Tabatiere, Canada: La Tabatiere Airport",NOT_FOUND,NO,INTERNATIONAL,INTERNATIONAL,UNKNOWN
16308,"Sena Madureira, Brazil: Sena Madureira Airport",NOT_FOUND,NO,INTERNATIONAL,INTERNATIONAL,UNKNOWN
16309,"Masset, Canada: Masset Airport",NOT_FOUND,NO,INTERNATIONAL,INTERNATIONAL,UNKNOWN
16310,"Nanaimo, Canada: Harbour",NOT_FOUND,NO,INTERNATIONAL,INTERNATIONAL,UNKNOWN
16311,"Nyac, AK: Nyac Airport",NOT_FOUND,NO,NO_ICAO_CODE,NO_MATCH,UNKNOWN
16312,"Zinder, Niger: Zinder Airport",NOT_FOUND,NO,NO_ICAO_CODE,INTERNATIONAL,UNKNOWN
16313,"Newman, Australia: Newman Airport",NOT_FOUND,NO,INTERNATIONAL,INTERNATIONAL,UNKNOWN
16314,"Ingolstadt, Germany: Ingolstadt Airport",NOT_FOUND,NO,INTERNATIONAL,INTERNATIONAL,UNKNOWN
16315,"Zanzibar, Tanzania: Abeid Amani Karume International",NOT_FOUND,NO,NO_ICAO_CODE,INTERNATIONAL,UNKNOWN
16316,"Ocean Falls, Canada: Ocean Falls Airport",NOT_FOUND,NO,INTERNATIONAL,INTERNATIONAL,UNKNOWN
16318,"Osorno, Chile: Canal Bajo Carlos Hott Siebert",NOT_FOUND,NO,NO_ICAO_CODE,INTERNATIONAL,UNKNOWN
16319,"Sachigo Lake, Canada: Sachigo Lake Airport",NOT_FOUND,NO,INTERNATIONAL,INTERNATIONAL,UNKNOWN
16320,"Queenstown, New Zealand: Queenstown Airport",NOT_FOUND,NO,NO_ICAO_CODE,INTERNATIONAL,UNKNOWN
16321,"Zurich, Switzerland: Zurich Airport",NOT_FOUND,NO,NO_ICAO_CODE,INTERNATIONAL,UNKNOWN
16322,"San Salvador, The Bahamas: San Salvador International",NOT_FOUND,NO,NO_ICAO_CODE,INTERNATIONAL,UNKNOWN
16323,"Sligo, Ireland: Sligo Bus Station",NOT_FOUND,NO,NO_ICAO_CODE,INTERNATIONAL,UNKNOWN
16324,"Sassandra, Cote d'Ivoire: Sassandra Airport",NOT_FOUND,NO,NO_ICAO_CODE,NO_STATE_CODE,UNKNOWN
16325,"Stewart, Canada: Stewart Airport",NOT_FOUND,NO,INTERNATIONAL,INTERNATIONAL,UNKNOWN
16326,"Prince Rupert, Canada: Prince Rupert Seal Cove Heliport",NOT_FOUND,NO,PRIVATE/SPECIAL_USE,INTERNATIONAL,UNKNOWN
16327,"Zakinthos, Greece: Dionisios Solomos",NOT_FOUND,NO,NO_ICAO_CODE,INTERNATIONAL,UNKNOWN
16328,"Tahsis, Canada: Tahsis Airport",NOT_FOUND,NO,INTERNATIONAL,INTERNATIONAL,UNKNOWN
16329,"Zhuhai, China: Zhuhai Jinwan",NOT_FOUND,NO,INTERNATIONAL,INTERNATIONAL,UNKNOWN
16330,"Churchill Falls, Canada: Churchill Falls Airport",NOT_FOUND,NO,INTERNATIONAL,INTERNATIONAL,UNKNOWN
16331,"Miandrivazo, Madagascar: Miandrivazo Airport",NOT_FOUND,NO,NO_ICAO_CODE,INTERNATIONAL,UNKNOWN
16332,"Savannakhet, Laos: Savannakhet International",NOT_FOUND,NO,NO_ICAO_CODE,INTERNATIONAL,UNKNOWN
16333,"Wollaston Lake, Canada: Wollaston Lake Airport",NOT_FOUND,NO,INTERNATIONAL,INTERNATIONAL,UNKNOWN
16334,"Rota, Spain: Rota Airport",NOT_FOUND,NO,INTERNATIONAL,INTERNATIONAL,UNKNOWN
16335,"Albuquerque, NM: Double Eagle II",KABQ,YES,ASOS_AVAILABLE,DIRECT_MATCH,HIGH
16336,"Gasquet, CA: Ward Field",NOT_FOUND,NO,NO_ICAO_CODE,NO_MATCH,UNKNOWN
16337,"San Isidro, Dominican Republic: San Isidro International",NOT_FOUND,NO,NO_ICAO_CODE,INTERNATIONAL,UNKNOWN
16338,"Sculthorpe, United Kingdom: Sculthorpe Airport",NOT_FOUND,NO,INTERNATIONAL,INTERNATIONAL,UNKNOWN
16339,"Illinois Creek, AK: Illinois Creek Airport",NOT_FOUND,NO,NO_ICAO_CODE,NO_MATCH,UNKNOWN
16340,"Chomondely Sound, AK: Chomondely Sound Airport",NOT_FOUND,NO,NO_ICAO_CODE,NO_MATCH,UNKNOWN
16341,"Coal Bay, AK: Coal Bay Airport",NOT_FOUND,NO,NO_ICAO_CODE,NO_MATCH,UNKNOWN
16342,"Happy Harbour, AK: Happy Harbour Airport",NOT_FOUND,NO,NO_ICAO_CODE,NO_MATCH,UNKNOWN
16343,"Lancaster Cove, AK: Lancaster Cove Airport",NOT_FOUND,NO,NO_ICAO_CODE,NO_MATCH,UNKNOWN
16344,"Reid Cove, AK: Reid Cove Airport",NOT_FOUND,NO,NO_ICAO_CODE,NO_MATCH,UNKNOWN
16345,"Saltery Cove, AK: Saltery Cove Airport",NOT_FOUND,NO,NO_ICAO_CODE,NO_MATCH,UNKNOWN
16346,"Clover Bay, AK: Clover Bay Airport",NOT_FOUND,NO,NO_ICAO_CODE,NO_MATCH,UNKNOWN
16347,"El Capitan, AK: El Capitan Peak",NOT_FOUND,NO,NO_ICAO_CODE,NO_MATCH,UNKNOWN
16348,"Salmon Bay Lake, AK: Salmon Bay Lake Airport",NOT_FOUND,NO,NO_ICAO_CODE,NO_MATCH,UNKNOWN
16352,"Cloverdale, CA: Cloverdale Municipal",NOT_FOUND,NO,NO_ICAO_CODE,NO_MATCH,UNKNOWN
16353,"North Kingstown, RI: Quonset State",NOT_FOUND,NO,NO_ICAO_CODE,NO_MATCH,UNKNOWN
16354,"Nappanee, IN: Nappanee Municipal",NOT_FOUND,NO,NO_ICAO_CODE,NO_MATCH,UNKNOWN
16355,"Paradise, CA: Paradise Skypark",NOT_FOUND,NO,NO_ICAO_CODE,NO_MATCH,UNKNOWN
16356,"Kennewick, WA: Vista Field",NOT_FOUND,NO,NO_ICAO_CODE,NO_MATCH,UNKNOWN
16357,"Delta, CO: Blake Field",NOT_FOUND,NO,NO_ICAO_CODE,NO_MATCH,UNKNOWN
16358,"Waterville, WA: Waterville Airport",NOT_FOUND,NO,NO_ICAO_CODE,NO_MATCH,UNKNOWN
16359,"Sylhet, Bangladesh: Savannakhet",NOT_FOUND,NO,NO_ICAO_CODE,INTERNATIONAL,UNKNOWN
16360,"Mzuzu, Malawi: Mzuzu Airport",NOT_FOUND,NO,NO_ICAO_CODE,INTERNATIONAL,UNKNOWN
16361,"Zanesville, OH: Zanesville Municipal",NOT_FOUND,NO,NO_ICAO_CODE,NO_MATCH,UNKNOWN
16363,"Fernandina Beach, FL: Fernandina Beach Municipal",NOT_FOUND,NO,NO_ICAO_CODE,NO_MATCH,UNKNOWN
16364,"Panama City, Panama: Marcos A Gelabert International",NOT_FOUND,NO,NO_ICAO_CODE,INTERNATIONAL,UNKNOWN
16385,"Ad-Dabbah, Sudan: Ad-Dabbah Airport",NOT_FOUND,NO,NO_ICAO_CODE,INTERNATIONAL,UNKNOWN
16386,"Aua Island, Papua New Guinea: Aua Island Airport",NOT_FOUND,NO,NO_ICAO_CODE,INTERNATIONAL,UNKNOWN
16387,"Abakan, Russia: Abakan Airport",NOT_FOUND,NO,INTERNATIONAL,INTERNATIONAL,UNKNOWN
16388,"Barretos, Brazil: Chafei Amsei",NOT_FOUND,NO,INTERNATIONAL,INTERNATIONAL,UNKNOWN
16389,"Badana, Saudi Arabia: Badanah",NOT_FOUND,NO,NO_ICAO_CODE,INTERNATIONAL,UNKNOWN
16390,"Beluga, AK: Beluga Airport",NOT_FOUND,NO,NO_ICAO_CODE,NO_MATCH,UNKNOWN
16392,"McCord, AK: McCord Seaplane Base",NOT_FOUND,NO,PRIVATE/SPECIAL_USE,NO_MATCH,UNKNOWN
16393,"Papua New Guinea, Papua New Guinea: City",NOT_FOUND,NO,NO_ICAO_CODE,INTERNATIONAL,UNKNOWN
16394,"Marinduque, Philippines: Marinduque Airport",NOT_FOUND,NO,NO_ICAO_CODE,INTERNATIONAL,UNKNOWN
16396,"Nellie Juan, AK: Nellie Juan Airport",NOT_FOUND,NO,NO_ICAO_CODE,NO_MATCH,UNKNOWN
16398,"Bacolod, Philippines: Bacolod Airport",NOT_FOUND,NO,NO_ICAO_CODE,INTERNATIONAL,UNKNOWN
16399,"Sanandaj, Iran: Sanandaj Airport",NOT_FOUND,NO,NO_ICAO_CODE,INTERNATIONAL,UNKNOWN
16400,"Swindon, United Kingdom: Swindon Airport",NOT_FOUND,NO,INTERNATIONAL,INTERNATIONAL,UNKNOWN
16401,"Tinak, Marshall Islands: Tinak Airport",NOT_FOUND,NO,NO_ICAO_CODE,NO_STATE_CODE,UNKNOWN
16402,"Pulau Tioman, Malaysia: Pulau Tioman Airport",NOT_FOUND,NO,NO_ICAO_CODE,INTERNATIONAL,UNKNOWN
16403,"Copiapo, Chile: Desierto de Atacama",NOT_FOUND,NO,NO_ICAO_CODE,INTERNATIONAL,UNKNOWN
16404,"South Naknek, AK: Peter Pan Seafoods",NOT_FOUND,NO,NO_ICAO_CODE,NO_MATCH,UNKNOWN
16405,"Nanchang, China: Nanchang Xiangtang",NOT_FOUND,NO,INTERNATIONAL,INTERNATIONAL,UNKNOWN
16406,"Bagabag, Philippines: Bagabag Airport",NOT_FOUND,NO,NO_ICAO_CODE,INTERNATIONAL,UNKNOWN
16407,"Cornelio Procopio, Brazil: Francisco Lacerda Junior",NOT_FOUND,NO,INTERNATIONAL,INTERNATIONAL,UNKNOWN
16408,"Tokyo, Japan: Hyakuri",NOT_FOUND,NO,INTERNATIONAL,INTERNATIONAL,UNKNOWN
16409,"Marquette, MI: K. I. Sawyer AFB",NOT_FOUND,NO,NO_ICAO_CODE,NO_MATCH,UNKNOWN
16410,"Montserrat, Montserrat: W. H. Bramble",NOT_FOUND,NO,NO_ICAO_CODE,NO_STATE_CODE,UNKNOWN
16411,"Luxi, China: Mangshi",NOT_FOUND,NO,INTERNATIONAL,INTERNATIONAL,UNKNOWN
16412,"Slaton, TX: City of Slaton Larry T Neal Meml",NOT_FOUND,NO,NO_ICAO_CODE,NO_MATCH,UNKNOWN
16413,"Nevsehir, Turkey: Nevsehir Airport",NOT_FOUND,NO,NO_ICAO_CODE,INTERNATIONAL,UNKNOWN
16414,"Picayune, MS: Picayune Municipal",NOT_FOUND,NO,NO_ICAO_CODE,NO_MATCH,UNKNOWN
16415,"Haikou, China: Haikou Dayingshan",NOT_FOUND,NO,INTERNATIONAL,INTERNATIONAL,UNKNOWN
16416,"Hangzhou, China: Jianqiao",NOT_FOUND,NO,INTERNATIONAL,INTERNATIONAL,UNKNOWN
16417,"Tuxtla Gutierrez, Mexico: Tuxtla Gutierrez International",NOT_FOUND,NO,INTERNATIONAL,INTERNATIONAL,UNKNOWN
16418,"Mandalay, Burma: Mandalay International",NOT_FOUND,NO,NO_ICAO_CODE,INTERNATIONAL,UNKNOWN
16419,"Sewanee, TN: Franklin County",NOT_FOUND,NO,NO_ICAO_CODE,NO_MATCH,UNKNOWN
16420,"Amendola, Italy: Amendola Airport",NOT_FOUND,NO,NO_ICAO_CODE,INTERNATIONAL,UNKNOWN
16421,"Athens, Greece: Hellinikon",NOT_FOUND,NO,NO_ICAO_CODE,INTERNATIONAL,UNKNOWN
16422,"Gulf Shores, AL: Gulf Shores International Jack Edwards Field",NOT_FOUND,NO,NO_ICAO_CODE,NO_MATCH,UNKNOWN
16423,"Andalusia/Opp, AL: South Alabama Regional at Bill Benton Field",NOT_FOUND,NO,NO_ICAO_CODE,NO_MATCH,UNKNOWN
16424,"Frankfort, MI: Frankfort Dow Memorial Field",NOT_FOUND,NO,NO_ICAO_CODE,NO_MATCH,UNKNOWN
16425,"Potsdam, NY: Potsdam Municipal Damon Field",NOT_FOUND,NO,NO_ICAO_CODE,NO_MATCH,UNKNOWN
16426,"Ada, OK: Ada Regional",NOT_FOUND,NO,NO_ICAO_CODE,NO_MATCH,UNKNOWN
16427,"Tuxekan Island, AK: Naukati Bay Seaplane Base",NOT_FOUND,NO,PRIVATE/SPECIAL_USE,NO_MATCH,UNKNOWN
16428,"Marble Canyon, AZ: Marble Canyon Airport",NOT_FOUND,NO,NO_ICAO_CODE,NO_MATCH,UNKNOWN
16429,"Middlebury, VT: Middlebury State",NOT_FOUND,NO,NO_ICAO_CODE,NO_MATCH,UNKNOWN
16430,"Zhezkazgan, Kazakhstan: Zhezkazgan Airport",NOT_FOUND,NO,NO_ICAO_CODE,INTERNATIONAL,UNKNOWN
16431,"Aberdeen, ID: Aberdeen Municipal",NOT_FOUND,NO,NO_ICAO_CODE,NO_MATCH,UNKNOWN
16432,"Koroba, Papua New Guinea: Koroba Airport",NOT_FOUND,NO,NO_ICAO_CODE,INTERNATIONAL,UNKNOWN
16433,"Ingolstadt, Germany: Ingolstadt Manching",NOT_FOUND,NO,INTERNATIONAL,INTERNATIONAL,UNKNOWN
16434,"Leon, Spain: Leon Airport",NOT_FOUND,NO,INTERNATIONAL,INTERNATIONAL,UNKNOWN
16435,"Loeriesfontein, South Africa: Loeriesfontein Airport",NOT_FOUND,NO,NO_ICAO_CODE,INTERNATIONAL,UNKNOWN
16436,"Mae Sot, Thailand: Mae Sot Airport",NOT_FOUND,NO,NO_ICAO_CODE,INTERNATIONAL,UNKNOWN
16437,"Oslo, Norway: Oslo Metropolitan Area",NOT_FOUND,NO,NO_ICAO_CODE,INTERNATIONAL,UNKNOWN
16438,"Lima, OH: Lima Airport",NOT_FOUND,NO,NO_ICAO_CODE,NO_MATCH,UNKNOWN
16439,"Ulan-Ude, Russia: Mukhino",NOT_FOUND,NO,INTERNATIONAL,INTERNATIONAL,UNKNOWN
16440,"Austin, TX: Robert Mueller Municipal",KAUS,YES,ASOS_AVAILABLE,DIRECT_MATCH,HIGH
16441,"Plainville, CT: Robertson Field",NOT_FOUND,NO,NO_ICAO_CODE,NO_MATCH,UNKNOWN
16442,"Millbrook, NY: Sky Acres",NOT_FOUND,NO,NO_ICAO_CODE,NO_MATCH,UNKNOWN
16443,"Cabo San Lucas, Mexico: Cabo San Lucas International",NOT_FOUND,NO,INTERNATIONAL,INTERNATIONAL,UNKNOWN
16444,"Swidwin, Poland: Swidwin Airport",NOT_FOUND,NO,NO_ICAO_CODE,INTERNATIONAL,UNKNOWN
16445,"Driggs, ID: Driggs-Reed Memorial",NOT_FOUND,NO,NO_ICAO_CODE,NO_MATCH,UNKNOWN
16446,"Masterton, New Zealand: Masterton Airport",NOT_FOUND,NO,NO_ICAO_CODE,INTERNATIONAL,UNKNOWN
16447,"Sulaymaniyah, Iraq: Sulaymaniyah International",NOT_FOUND,NO,NO_ICAO_CODE,INTERNATIONAL,UNKNOWN
16448,"Forres, United Kingdom: RAF Kinloss",NOT_FOUND,NO,INTERNATIONAL,INTERNATIONAL,UNKNOWN
16449,"Paragould, AR: Kirk Field",NOT_FOUND,NO,NO_ICAO_CODE,NO_MATCH,UNKNOWN
16450,"Derby, Australia: Curtin",NOT_FOUND,NO,INTERNATIONAL,INTERNATIONAL,UNKNOWN
16451,"Salome, AZ: Sheepy Hollow Ranch",NOT_FOUND,NO,NO_ICAO_CODE,NO_MATCH,UNKNOWN
16452,"Saratov, Russia: Engels AFB",NOT_FOUND,NO,INTERNATIONAL,INTERNATIONAL,UNKNOWN
16453,"Gregory, SD: Gregory Municipal Flynn Field",NOT_FOUND,NO,NO_ICAO_CODE,NO_MATCH,UNKNOWN
16454,"Hamilton, NY: Hamilton Municipal",NOT_FOUND,NO,NO_ICAO_CODE,NO_MATCH,UNKNOWN
16455,"Demopolis, AL: Demopolis Regional",NOT_FOUND,NO,NO_ICAO_CODE,NO_MATCH,UNKNOWN
16456,"Jebel Ali, United Arab Emirates: Al Maktoum International",NOT_FOUND,NO,NO_ICAO_CODE,INTERNATIONAL,UNKNOWN
16457,"Chatham Kent, Canada: Chatham-Kent",NOT_FOUND,NO,INTERNATIONAL,INTERNATIONAL,UNKNOWN
16458,"El Palomar, Argentina: El Palomar Airport",NOT_FOUND,NO,NO_ICAO_CODE,INTERNATIONAL,UNKNOWN
16459,"Fremont, OH: Sandusky County Regional",NOT_FOUND,NO,NO_ICAO_CODE,NO_MATCH,UNKNOWN
16460,"Barcelos, Brazil: Barcelos Airport",NOT_FOUND,NO,INTERNATIONAL,INTERNATIONAL,UNKNOWN
16461,"Lashkar Gah, Afghanistan: Bastion Airfield",NOT_FOUND,NO,NO_ICAO_CODE,INTERNATIONAL,UNKNOWN
16462,"Muan, South Korea: Muan International",NOT_FOUND,NO,INTERNATIONAL,INTERNATIONAL,UNKNOWN
16463,"Michellville, MD: Freeway",NOT_FOUND,NO,NO_ICAO_CODE,NO_MATCH,UNKNOWN
16464,"Navoi, Uzbekistan: Navoi International",NOT_FOUND,NO,NO_ICAO_CODE,INTERNATIONAL,UNKNOWN
16465,"Weipa, Australia: Scherger",NOT_FOUND,NO,INTERNATIONAL,INTERNATIONAL,UNKNOWN
16466,"Villavicencio, Colombia: Vanguardia",NOT_FOUND,NO,NO_ICAO_CODE,INTERNATIONAL,UNKNOWN
16467,"Changchun, China: Longjia",NOT_FOUND,NO,INTERNATIONAL,INTERNATIONAL,UNKNOWN
16468,"Philadelphia, MS: Philadelphia Municipal",KPHL,YES,ASOS_AVAILABLE,DIRECT_MATCH,HIGH
16469,"Wadena, MN: Wadena Municipal",NOT_FOUND,NO,NO_ICAO_CODE,NO_MATCH,UNKNOWN
16470,"Bluffton, OH: Bluffton Airport",NOT_FOUND,NO,NO_ICAO_CODE,NO_MATCH,UNKNOWN
16471,"Sialkot, Pakistan: Sialkot International",NOT_FOUND,NO,NO_ICAO_CODE,INTERNATIONAL,UNKNOWN
16472,"Independence Creek, AK: Independence Creek Airport",NOT_FOUND,NO,NO_ICAO_CODE,NO_MATCH,UNKNOWN
16473,"Wichita, KS: Beech Factory",KICT,YES,ASOS_AVAILABLE,DIRECT_MATCH,HIGH
16474,"Jefferson, GA: Jackson County",KJAN,YES,ASOS_AVAILABLE,DIRECT_MATCH,HIGH
16475,"Durban, South Africa: King Shaka International",NOT_FOUND,NO,NO_ICAO_CODE,INTERNATIONAL,UNKNOWN
16476,"Hyderabad, India: Rajiv Gandhi International",NOT_FOUND,NO,INTERNATIONAL,INTERNATIONAL,UNKNOWN
16477,"Queretaro, Mexico: Queretaro International",NOT_FOUND,NO,INTERNATIONAL,INTERNATIONAL,UNKNOWN
16478,"Lebel-sur-Quevillon, Canada: Lebel-sur-Quevillon Airport",NOT_FOUND,NO,INTERNATIONAL,INTERNATIONAL,UNKNOWN
16479,"Montague, MA: Turners Falls",NOT_FOUND,NO,NO_ICAO_CODE,NO_MATCH,UNKNOWN
16480,"Daqing Shi, China: Saertu",NOT_FOUND,NO,INTERNATIONAL,INTERNATIONAL,UNKNOWN
16481,"Bayankhongor, Mongolia: Bayankhongor Airport",NOT_FOUND,NO,NO_ICAO_CODE,INTERNATIONAL,UNKNOWN
16482,"Albert, France: Albert Bray",NOT_FOUND,NO,INTERNATIONAL,INTERNATIONAL,UNKNOWN
16483,"Khanty-Mansiysk, Russia: Khanty-Mansiysk Airport",NOT_FOUND,NO,INTERNATIONAL,INTERNATIONAL,UNKNOWN
16484,"Zanjan, Iran: Zanjan Airport",NOT_FOUND,NO,NO_ICAO_CODE,INTERNATIONAL,UNKNOWN
16485,"Mamitupo, Panama: Mamitupo Airport",NOT_FOUND,NO,NO_ICAO_CODE,INTERNATIONAL,UNKNOWN
16486,"Greenwood, Canada: Greenwood Airport",NOT_FOUND,NO,INTERNATIONAL,INTERNATIONAL,UNKNOWN
16487,"Taunton, MA: Taunton Municipal King Field",NOT_FOUND,NO,NO_ICAO_CODE,NO_MATCH,UNKNOWN
16488,"Sampit, Indonesia: H.Asan",NOT_FOUND,NO,NO_ICAO_CODE,INTERNATIONAL,UNKNOWN
16489,"Seward Peninsula, AK: Kelly Creek Airstrip",NOT_FOUND,NO,PRIVATE/SPECIAL_USE,NO_MATCH,UNKNOWN
16490,"Bear Fish Camp, AK: Bear Fish Camp Airport",NOT_FOUND,NO,NO_ICAO_CODE,NO_MATCH,UNKNOWN
16491,"Princeton, ME: Princeton Municipal",NOT_FOUND,NO,NO_ICAO_CODE,NO_MATCH,UNKNOWN
16492,"Tubarao, Brazil: Tubarao Airport",NOT_FOUND,NO,INTERNATIONAL,INTERNATIONAL,UNKNOWN
16493,"Jiangsu, China: Lianyungang Baitabu",NOT_FOUND,NO,INTERNATIONAL,INTERNATIONAL,UNKNOWN
16494,"Thablotin, Saudi Arabia: Thablotin Airport",NOT_FOUND,NO,NO_ICAO_CODE,INTERNATIONAL,UNKNOWN
16495,"Simsbury, CT: Simsbury Airport",NOT_FOUND,NO,NO_ICAO_CODE,NO_MATCH,UNKNOWN
16496,"Logan, WV: Logan County",KBOS,YES,ASOS_AVAILABLE,DIRECT_MATCH,HIGH
16497,"Fairhope, AL: H. L. Sonny Callahan",NOT_FOUND,NO,NO_ICAO_CODE,NO_MATCH,UNKNOWN
16498,"Skaneateles, NY: Skaneateles Aero Drome",NOT_FOUND,NO,NO_ICAO_CODE,NO_MATCH,UNKNOWN
16499,"Johnstown, NY: Fulton County",NOT_FOUND,NO,NO_ICAO_CODE,NO_MATCH,UNKNOWN
16500,"Red Wing, MN: Red Wing Regional",NOT_FOUND,NO,NO_ICAO_CODE,NO_MATCH,UNKNOWN
16501,"Madison, CT: Griswold",KMSN,YES,ASOS_AVAILABLE,DIRECT_MATCH,HIGH
16502,"Oxford, NC: Henderson Oxford",NOT_FOUND,NO,NO_ICAO_CODE,NO_MATCH,UNKNOWN
16503,"Islesboro, ME: Islesboro Airport",NOT_FOUND,NO,NO_ICAO_CODE,NO_MATCH,UNKNOWN
16504,"Honesdale, PA: Cherry Ridge",NOT_FOUND,NO,NO_ICAO_CODE,NO_MATCH,UNKNOWN
16505,"Fairbanks, AK: Gold King Creek",PAFA,YES,ASOS_AVAILABLE,DIRECT_MATCH,HIGH
16506,"Ekati, Canada: Ekati Airport",NOT_FOUND,NO,INTERNATIONAL,INTERNATIONAL,UNKNOWN
16507,"Cheongju, South Korea: Cheongju International",NOT_FOUND,NO,INTERNATIONAL,INTERNATIONAL,UNKNOWN
16508,"Squaw Lake, AK: Squaw Lake Airport",NOT_FOUND,NO,NO_ICAO_CODE,NO_MATCH,UNKNOWN
16509,"Sevierville, TN: Gatlinburg-Pigeon Forge",NOT_FOUND,NO,NO_ICAO_CODE,NO_MATCH,UNKNOWN
16510,"Beaufort, NC: Michael J. Smith Field",NOT_FOUND,NO,NO_ICAO_CODE,NO_MATCH,UNKNOWN
16511,"Indianapolis, IN: Indianapolis Metro",NOT_FOUND,NO,INTERNATIONAL,INTERNATIONAL,UNKNOWN
16512,"Mattituck, NY: Mattituck Airport",NOT_FOUND,NO,NO_ICAO_CODE,NO_MATCH,UNKNOWN
16513,"Colomac, Canada: Colomac Airport",NOT_FOUND,NO,INTERNATIONAL,INTERNATIONAL,UNKNOWN
16514,"Tabubil, Papua New Guinea: Tabubil Airport",NOT_FOUND,NO,NO_ICAO_CODE,INTERNATIONAL,UNKNOWN
16515,"Brewster, WA: Anderson Field",NOT_FOUND,NO,NO_ICAO_CODE,NO_MATCH,UNKNOWN
16516,"Moscow, Russia: Ostafyevo",NOT_FOUND,NO,INTERNATIONAL,INTERNATIONAL,UNKNOWN
16517,"Chemehuevi Valley, CA: Chemehuevi Valley Airport",NOT_FOUND,NO,NO_ICAO_CODE,NO_MATCH,UNKNOWN
16518,"Centralia, Canada: James T. Field Memorial",NOT_FOUND,NO,INTERNATIONAL,INTERNATIONAL,UNKNOWN
16519,"Carlisle, PA: Carlisle Airport",NOT_FOUND,NO,NO_ICAO_CODE,NO_MATCH,UNKNOWN
16520,"Middletown, DE: Summit",NOT_FOUND,NO,NO_ICAO_CODE,NO_MATCH,UNKNOWN
16521,"Big Piney, WY: Miley Memorial Field",NOT_FOUND,NO,NO_ICAO_CODE,NO_MATCH,UNKNOWN
16522,"Londolovit, Papua New Guinea: Kunaye",NOT_FOUND,NO,NO_ICAO_CODE,INTERNATIONAL,UNKNOWN
16523,"Parry Sound, Canada: Parry Sound Area Municipal",NOT_FOUND,NO,INTERNATIONAL,INTERNATIONAL,UNKNOWN
16524,"Petersburg, WV: Grant County",PAPG,YES,ASOS_AVAILABLE,DIRECT_MATCH,HIGH
16525,"West Chester, PA: Brandywine Regional",NOT_FOUND,NO,NO_ICAO_CODE,NO_MATCH,UNKNOWN
16526,"Marshfield, MA: Marshfield Municipal George Harlow Field",NOT_FOUND,NO,NO_ICAO_CODE,NO_MATCH,UNKNOWN
16527,"Monroeville, AL: Monroe County Aeroplex",NOT_FOUND,NO,NO_ICAO_CODE,NO_MATCH,UNKNOWN
16528,"Richmond, VA: Hanover County Municipal",KRIC,YES,ASOS_AVAILABLE,DIRECT_MATCH,HIGH
16529,"Vinh City, Vietnam: Vinh",NOT_FOUND,NO,NO_ICAO_CODE,INTERNATIONAL,UNKNOWN
16530,"Paraparaumu, New Zealand: Paraparaumu Airport",NOT_FOUND,NO,NO_ICAO_CODE,INTERNATIONAL,UNKNOWN
16531,"Abu Dhabi, United Arab Emirates: Al Bateen Executive",NOT_FOUND,NO,NO_ICAO_CODE,INTERNATIONAL,UNKNOWN
16532,"Medina, OH: Medina Municipal",NOT_FOUND,NO,NO_ICAO_CODE,NO_MATCH,UNKNOWN
16533,"Santo Domingo, Dominican Republic: Dr. Joaquin Balaguer International",NOT_FOUND,NO,NO_ICAO_CODE,INTERNATIONAL,UNKNOWN
16534,"Clewiston, FL: Airglades",NOT_FOUND,NO,NO_ICAO_CODE,NO_MATCH,UNKNOWN
16535,"Tambor, Costa Rica: Tambor Airport",NOT_FOUND,NO,NO_ICAO_CODE,INTERNATIONAL,UNKNOWN
16536,"Troy, AL: Troy Municipal at N Kenneth Campbell Field",NOT_FOUND,NO,NO_ICAO_CODE,NO_MATCH,UNKNOWN
16537,"Notchitoches, LA: Natchitoches Regional",NOT_FOUND,NO,NO_ICAO_CODE,NO_MATCH,UNKNOWN
16538,"Clinton, NC: Clinton Sampson County",NOT_FOUND,NO,NO_ICAO_CODE,NO_MATCH,UNKNOWN
16539,"Indianapolis, IN: Eagle Creek Airpark",NOT_FOUND,NO,INTERNATIONAL,INTERNATIONAL,UNKNOWN
16540,"Belfast, ME: Belfast Municipal",NOT_FOUND,NO,NO_ICAO_CODE,NO_MATCH,UNKNOWN
16541,"Okeechobee, FL: Okeechobee County",NOT_FOUND,NO,NO_ICAO_CODE,NO_MATCH,UNKNOWN
16542,"Walterboro, SC: Lowcountry Regional",NOT_FOUND,NO,NO_ICAO_CODE,NO_MATCH,UNKNOWN
16543,"Northampton, MA: Northampton Airport",NOT_FOUND,NO,NO_ICAO_CODE,NO_MATCH,UNKNOWN
16544,"Simberi Island, Papua New Guinea: Simberi",NOT_FOUND,NO,NO_ICAO_CODE,INTERNATIONAL,UNKNOWN
16545,"Telegraph Harbour, Canada: Telegraph Harbour Airport",NOT_FOUND,NO,INTERNATIONAL,INTERNATIONAL,UNKNOWN
16546,"Collingwood, Canada: Collingwood Airport",NOT_FOUND,NO,INTERNATIONAL,INTERNATIONAL,UNKNOWN
16547,"Pella, IA: Pella Municipal",NOT_FOUND,NO,NO_ICAO_CODE,NO_MATCH,UNKNOWN
16548,"Hampton, NH: Hampton Airfield",NOT_FOUND,NO,NO_ICAO_CODE,NO_MATCH,UNKNOWN
16549,"Winters, TX: Winters Municipal",NOT_FOUND,NO,NO_ICAO_CODE,NO_MATCH,UNKNOWN
16550,"Tebepahwa, Botswana: Thebephatshwa",NOT_FOUND,NO,NO_ICAO_CODE,INTERNATIONAL,UNKNOWN
16551,"Memmingen, Germany: Memmingen Airport",NOT_FOUND,NO,INTERNATIONAL,INTERNATIONAL,UNKNOWN
16552,"Burlington, NC: Burlington Alamance Regional",KBTV,YES,ASOS_AVAILABLE,DIRECT_MATCH,HIGH
16553,"Oxford, ME: Oxford County Regional",NOT_FOUND,NO,NO_ICAO_CODE,NO_MATCH,UNKNOWN
16554,"Ganja, Azerbaijan: Ganja Airport",NOT_FOUND,NO,NO_ICAO_CODE,INTERNATIONAL,UNKNOWN
16555,"Midlothian/Waxahachie, TX: Mid Way Regional",NOT_FOUND,NO,NO_ICAO_CODE,NO_MATCH,UNKNOWN
16556,"Nordholz, Germany: Nordholz Airport",NOT_FOUND,NO,INTERNATIONAL,INTERNATIONAL,UNKNOWN
16557,"Dwyer, Afghanistan: Dwyer Airport",NOT_FOUND,NO,NO_ICAO_CODE,INTERNATIONAL,UNKNOWN
16558,"Hammond, LA: Hammond Northshore Regional",NOT_FOUND,NO,NO_ICAO_CODE,NO_MATCH,UNKNOWN
16559,"Shindand, Afghanistan: Shindand Airport",NOT_FOUND,NO,NO_ICAO_CODE,INTERNATIONAL,UNKNOWN
16560,"Bend, OR: Bend Municipal",KBND,YES,ASOS_AVAILABLE,DIRECT_MATCH,HIGH
16561,"Springerville, AZ: Springerville Municipal",NOT_FOUND,NO,NO_ICAO_CODE,NO_MATCH,UNKNOWN
16562,"Hindon, India: Hindan",NOT_FOUND,NO,INTERNATIONAL,INTERNATIONAL,UNKNOWN
16563,"Osceola, WI: L O Simenstad Municipal",NOT_FOUND,NO,NO_ICAO_CODE,NO_MATCH,UNKNOWN
16564,"Marsa Alam, Egypt: Marsa Alam International",NOT_FOUND,NO,NO_ICAO_CODE,INTERNATIONAL,UNKNOWN
16565,"Uribia, Colombia: Puerto Bolivar",NOT_FOUND,NO,NO_ICAO_CODE,INTERNATIONAL,UNKNOWN
16566,"Jean, NV: Jean Airport",NOT_FOUND,NO,NO_ICAO_CODE,NO_MATCH,UNKNOWN
16567,"Akun, AK: Akun Airport",NOT_FOUND,NO,NO_ICAO_CODE,NO_MATCH,UNKNOWN
16568,"Ocean City, NJ: Ocean City Municipal",NOT_FOUND,NO,NO_ICAO_CODE,NO_MATCH,UNKNOWN
16569,"Hornell, NY: Hornell Municipal",NOT_FOUND,NO,NO_ICAO_CODE,NO_MATCH,UNKNOWN
16570,"Whistler, Canada: Green Lake",NOT_FOUND,NO,INTERNATIONAL,INTERNATIONAL,UNKNOWN
16571,"Penn Yan, NY: Penn Yan Yates County",NOT_FOUND,NO,NO_ICAO_CODE,NO_MATCH,UNKNOWN
16572,"Searchlight, NV: Searchlight Airport",NOT_FOUND,NO,NO_ICAO_CODE,NO_MATCH,UNKNOWN
16573,"Broken Bow, NE: Broken Bow Municipal Keith Glaze Field",NOT_FOUND,NO,NO_ICAO_CODE,NO_MATCH,UNKNOWN
16574,"Bogue, Mauritania: Abbaye",NOT_FOUND,NO,NO_ICAO_CODE,NO_STATE_CODE,UNKNOWN
16575,"Salamanca, Spain: Matacan",NOT_FOUND,NO,INTERNATIONAL,INTERNATIONAL,UNKNOWN
16576,"Chingola, Zambia: Kasompe",NOT_FOUND,NO,NO_ICAO_CODE,INTERNATIONAL,UNKNOWN
16577,"Moncks Corner, SC: Berkeley County",NOT_FOUND,NO,NO_ICAO_CODE,NO_MATCH,UNKNOWN
16578,"Al Najaf, Iraq: Al Najaf International",NOT_FOUND,NO,NO_ICAO_CODE,INTERNATIONAL,UNKNOWN
16579,"Hatay, Japan: Hatay Airport",NOT_FOUND,NO,INTERNATIONAL,INTERNATIONAL,UNKNOWN
16580,"Qugruc, AK: Qugruc Airport",NOT_FOUND,NO,NO_ICAO_CODE,NO_MATCH,UNKNOWN
16581,"Gold King 2, AK: Gold King 2 Airport",NOT_FOUND,NO,NO_ICAO_CODE,NO_MATCH,UNKNOWN
16582,"Thomson, GA: Thomson McDuffie County",NOT_FOUND,NO,NO_ICAO_CODE,NO_MATCH,UNKNOWN
16583,"Summerville, SC: Summerville Airport",NOT_FOUND,NO,NO_ICAO_CODE,NO_MATCH,UNKNOWN
16584,"Rampart, AK: Hunter Creek Mine",NOT_FOUND,NO,PRIVATE/SPECIAL_USE,NO_MATCH,UNKNOWN
16585,"Sussex, NJ: Sussex Airport",NOT_FOUND,NO,NO_ICAO_CODE,NO_MATCH,UNKNOWN
16586,"Komo, Papua New Guinea: Komo Old",NOT_FOUND,NO,NO_ICAO_CODE,INTERNATIONAL,UNKNOWN
16587,"St Stephen, Canada: St Stephen Airport",NOT_FOUND,NO,INTERNATIONAL,INTERNATIONAL,UNKNOWN
16588,"West Dover, VT: Deerfield Valley Regional",KDOV,YES,ASOS_AVAILABLE,DIRECT_MATCH,HIGH
16589,"Hallock, MN: Hallock Municipal",NOT_FOUND,NO,NO_ICAO_CODE,NO_MATCH,UNKNOWN
16590,"Monbetsu, Japan: Monbetsu Airport",NOT_FOUND,NO,INTERNATIONAL,INTERNATIONAL,UNKNOWN
16591,"Saga, Japan: Saga Airport",NOT_FOUND,NO,INTERNATIONAL,INTERNATIONAL,UNKNOWN
16592,"Liwa, United Arab Emirates: Liwa Airbase",NOT_FOUND,NO,NO_ICAO_CODE,INTERNATIONAL,UNKNOWN
16593,"Hefei, China: Xinqiao",NOT_FOUND,NO,INTERNATIONAL,INTERNATIONAL,UNKNOWN
16594,"Willimantic, CT: Windham",NOT_FOUND,NO,NO_ICAO_CODE,NO_MATCH,UNKNOWN
16595,"Kemerovo, Russia: Alexey Leonov",NOT_FOUND,NO,INTERNATIONAL,INTERNATIONAL,UNKNOWN
16596,"Turkmenbashi, Turkmenistan: Turkmenbashi Airport",NOT_FOUND,NO,NO_ICAO_CODE,INTERNATIONAL,UNKNOWN
16597,"Sion, Switzerland: Sion Airport",NOT_FOUND,NO,NO_ICAO_CODE,INTERNATIONAL,UNKNOWN
16598,"Tracy, CA: Tracy Municipal",NOT_FOUND,NO,NO_ICAO_CODE,NO_MATCH,UNKNOWN
16599,"Bedwell Harbour, Canada: Bedwell Harbour Water Aerodrome",NOT_FOUND,NO,INTERNATIONAL,INTERNATIONAL,UNKNOWN
16600,"Berry Island, Canada: Farewell Harbour",NOT_FOUND,NO,INTERNATIONAL,INTERNATIONAL,UNKNOWN
16601,"Bliss Landing, Canada: Bliss Landing Water Aerodrome",NOT_FOUND,NO,INTERNATIONAL,INTERNATIONAL,UNKNOWN
16602,"Cordero Lodge, Canada: Cordero Lodge Airport",NOT_FOUND,NO,PRIVATE/SPECIAL_USE,INTERNATIONAL,UNKNOWN
16603,"Deer Harbor, WA: Deer Harbor Marina",NOT_FOUND,NO,NO_ICAO_CODE,NO_MATCH,UNKNOWN
16604,"Dent Island, Canada: Dent Island Lodge",NOT_FOUND,NO,PRIVATE/SPECIAL_USE,INTERNATIONAL,UNKNOWN
16605,"Egmont, Canada: Egmont Water Aerodrome",NOT_FOUND,NO,INTERNATIONAL,INTERNATIONAL,UNKNOWN
16606,"Galiano Island, Canada: Galiano Island Water Aerodrome",NOT_FOUND,NO,INTERNATIONAL,INTERNATIONAL,UNKNOWN
16607,"Hanson Island, Canada: Pacific Outback Resort",NOT_FOUND,NO,INTERNATIONAL,INTERNATIONAL,UNKNOWN
16608,"Mansons Landing, Canada: Mansons Landing Water Aerodrome",NOT_FOUND,NO,INTERNATIONAL,INTERNATIONAL,UNKNOWN
16609,"Mink Island, Canada: Mink Island Water Aerodrome",NOT_FOUND,NO,INTERNATIONAL,INTERNATIONAL,UNKNOWN
16610,"Nimmo Bay, Canada: Mimmo Bay Water Aerodrome",NOT_FOUND,NO,INTERNATIONAL,INTERNATIONAL,UNKNOWN
16611,"Pender Harbour, Canada: Pender Harbour Water Aerodrome",NOT_FOUND,NO,INTERNATIONAL,INTERNATIONAL,UNKNOWN
16612,"Princess Lousia Inlet, Canada: Princess Louisa Marina Provincial Park",NOT_FOUND,NO,INTERNATIONAL,INTERNATIONAL,UNKNOWN
16613,"Quadra Island, Canada: April Point Resort",NOT_FOUND,NO,INTERNATIONAL,INTERNATIONAL,UNKNOWN
16614,"Refuge Cove, Canada: Refuge Cove Water Aerodrome",NOT_FOUND,NO,INTERNATIONAL,INTERNATIONAL,UNKNOWN
16615,"Rendezvous Islands, Canada: Rendezvous Islands Water Aerodrome",NOT_FOUND,NO,INTERNATIONAL,INTERNATIONAL,UNKNOWN
16616,"Shawl Bay, Canada: Shawl Bay Water Aerodrome",NOT_FOUND,NO,INTERNATIONAL,INTERNATIONAL,UNKNOWN
16617,"Shoal Bay, Canada: Shoal Bay Water Aerodrome",NOT_FOUND,NO,INTERNATIONAL,INTERNATIONAL,UNKNOWN
16618,"Sointula, Canada: Sointula Water Aerodrome",NOT_FOUND,NO,INTERNATIONAL,INTERNATIONAL,UNKNOWN
16619,"Sonora Island, Canada: Sonora Resort",NOT_FOUND,NO,INTERNATIONAL,INTERNATIONAL,UNKNOWN
16620,"Steep Island, Canada: Steep Island Lodge",NOT_FOUND,NO,PRIVATE/SPECIAL_USE,INTERNATIONAL,UNKNOWN
16621,"Zips, AK: Zips Airport",NOT_FOUND,NO,NO_ICAO_CODE,NO_MATCH,UNKNOWN
16622,"Mont de Marsan, France: Mont de Marsan Airport",NOT_FOUND,NO,INTERNATIONAL,INTERNATIONAL,UNKNOWN
16623,"Cascais, Portugal: Cascais Airport",NOT_FOUND,NO,NO_ICAO_CODE,INTERNATIONAL,UNKNOWN
16624,"Warren, VT: Warren Sugarbush",NOT_FOUND,NO,NO_ICAO_CODE,NO_MATCH,UNKNOWN
16625,"Lumberton, NJ: Flying W",NOT_FOUND,NO,NO_ICAO_CODE,NO_MATCH,UNKNOWN
16626,"Doro, South Sudan: Doro Airport",NOT_FOUND,NO,NO_ICAO_CODE,INTERNATIONAL,UNKNOWN
16627,"Bethel, ME: Bethel Regional",PABE,YES,ASOS_AVAILABLE,DIRECT_MATCH,HIGH
16628,"Ehpriam, WI: Ephraim Gibraltar",NOT_FOUND,NO,NO_ICAO_CODE,NO_MATCH,UNKNOWN
16629,"Dalcahue, Chile: Mocopulli",NOT_FOUND,NO,NO_ICAO_CODE,INTERNATIONAL,UNKNOWN
16630,"Tolstoi Bay, AK: Tolstoi Bay Airport",NOT_FOUND,NO,NO_ICAO_CODE,NO_MATCH,UNKNOWN
16631,"Mardin, Turkey: Mardin Airport",NOT_FOUND,NO,NO_ICAO_CODE,INTERNATIONAL,UNKNOWN
16632,"San Carlos, Costa Rica: Arenal",NOT_FOUND,NO,NO_ICAO_CODE,INTERNATIONAL,UNKNOWN
16633,"Bethel2, ME: Cole Dyke",NOT_FOUND,NO,NO_ICAO_CODE,NO_MATCH,UNKNOWN
16634,"Quincy, MA: Quincy Airport",NOT_FOUND,NO,NO_ICAO_CODE,NO_MATCH,UNKNOWN
16635,"Belen, NM: Alexander Municipal",NOT_FOUND,NO,NO_ICAO_CODE,NO_MATCH,UNKNOWN
16636,"Lusanga, Congo (Kinshasa): Lusanga Airport",NOT_FOUND,NO,NO_ICAO_CODE,INTERNATIONAL,UNKNOWN
16637,"Itaituba, Brazil: Itaituba Airport",NOT_FOUND,NO,INTERNATIONAL,INTERNATIONAL,UNKNOWN
16638,"Sarmellek, Hungary: Balaton",NOT_FOUND,NO,NO_ICAO_CODE,INTERNATIONAL,UNKNOWN
16639,"Gila Bend, AZ: Gila Bend Municipal",KBND,YES,ASOS_AVAILABLE,DIRECT_MATCH,HIGH
16640,"Rockingham, NC: Richmond County",KRIC,YES,ASOS_AVAILABLE,DIRECT_MATCH,HIGH
16641,"Hua Hin, Thailand: Hua Hin Airport",NOT_FOUND,NO,NO_ICAO_CODE,INTERNATIONAL,UNKNOWN
16642,"Cranfield, United Kingdom: Cranfield Airport",NOT_FOUND,NO,INTERNATIONAL,INTERNATIONAL,UNKNOWN
16643,"Pittsburgh, PA: Pittsburgh Northeast",KPIT,YES,ASOS_AVAILABLE,DIRECT_MATCH,HIGH
16644,"New Milford, CT: Candlelight Farms",NOT_FOUND,NO,NO_ICAO_CODE,NO_MATCH,UNKNOWN
16645,"Seosan, South Korea: Seosan AB",NOT_FOUND,NO,INTERNATIONAL,INTERNATIONAL,UNKNOWN
16646,"Oxford, United Kingdom: Oxford Airport",NOT_FOUND,NO,INTERNATIONAL,INTERNATIONAL,UNKNOWN
16647,"Fitiuta Village, TT: Fitiuta",NOT_FOUND,NO,NO_ICAO_CODE,NON_US_STATE,UNKNOWN
16648,"Naypyitaw, Burma: Naypyitaw International",NOT_FOUND,NO,NO_ICAO_CODE,INTERNATIONAL,UNKNOWN
16649,"Baker Island, Canada: Blackfish Lodge",NOT_FOUND,NO,PRIVATE/SPECIAL_USE,INTERNATIONAL,UNKNOWN
16650,"Blind Channel, Canada: Blind Channel Water Aerodrome",NOT_FOUND,NO,INTERNATIONAL,INTERNATIONAL,UNKNOWN
16651,"Camp Orkila Eastsound, WA: Camp Orkila Seaplane Base",NOT_FOUND,NO,PRIVATE/SPECIAL_USE,NO_MATCH,UNKNOWN
16652,"Minstrel Island, Canada: Minstrel Island Water Aerodrome",NOT_FOUND,NO,INTERNATIONAL,INTERNATIONAL,UNKNOWN
16653,"Port Harvey, Canada: Port Harvey Water Aerodrome",NOT_FOUND,NO,INTERNATIONAL,INTERNATIONAL,UNKNOWN
16654,"Shaw Island, WA: Shaw Islands Water Aerodrome",NOT_FOUND,NO,NO_ICAO_CODE,NO_MATCH,UNKNOWN
16655,"Simoom Sound, Canada: Simoom Sound Water Aerodrome",NOT_FOUND,NO,INTERNATIONAL,INTERNATIONAL,UNKNOWN
16656,"Danielson, CT: Danielson Airport",NOT_FOUND,NO,NO_ICAO_CODE,NO_MATCH,UNKNOWN
16657,"Ruwaished, Jordan: H4 Air Base",NOT_FOUND,NO,NO_ICAO_CODE,INTERNATIONAL,UNKNOWN
16658,"Gainesville, TX: Gainesville Municipal",NOT_FOUND,NO,NO_ICAO_CODE,NO_MATCH,UNKNOWN
16659,"Wichita Falls, TX: Kickapoo Downtown",KICT,YES,ASOS_AVAILABLE,DIRECT_MATCH,HIGH
16660,"Gambella, Ethiopia: Gambella Airport",NOT_FOUND,NO,NO_ICAO_CODE,INTERNATIONAL,UNKNOWN
16661,"York, NE: York Municipal",NOT_FOUND,NO,NO_ICAO_CODE,NO_MATCH,UNKNOWN
16662,"Naknek-1, AK: Icicle Seafoods",NOT_FOUND,NO,NO_ICAO_CODE,NO_MATCH,UNKNOWN
16663,"Jeffersonville, IN: Clark Regional",NOT_FOUND,NO,NO_ICAO_CODE,NO_MATCH,UNKNOWN
16664,"Um Almelh, Saudi Arabia: Um Almelh Airport",NOT_FOUND,NO,NO_ICAO_CODE,INTERNATIONAL,UNKNOWN
16665,"Brady, TX: Curtis Field",NOT_FOUND,NO,NO_ICAO_CODE,NO_MATCH,UNKNOWN
16666,"Dover-Cheswold, DE: Delware Airpark",KDOV,YES,ASOS_AVAILABLE,DIRECT_MATCH,HIGH
16667,"Tamarindo, Costa Rica: Tamarindo de Santa Cruz",NOT_FOUND,NO,NO_ICAO_CODE,INTERNATIONAL,UNKNOWN
16668,"Deadhorse1, AK: Point Thomson Airstrip",NOT_FOUND,NO,PRIVATE/SPECIAL_USE,NO_MATCH,UNKNOWN
16669,"Jasper, AL: Walker County Bevill Field",NOT_FOUND,NO,NO_ICAO_CODE,NO_MATCH,UNKNOWN
16670,"Bradenburg, Germany: Holzdorf",NOT_FOUND,NO,INTERNATIONAL,INTERNATIONAL,UNKNOWN
16671,"Paloich, South Sudan: Paloich Airport",NOT_FOUND,NO,NO_ICAO_CODE,INTERNATIONAL,UNKNOWN
16672,"Toughkenamon, PA: New Garden",NOT_FOUND,NO,NO_ICAO_CODE,NO_MATCH,UNKNOWN
16673,"Canton, GA: Cherokee County Regional",NOT_FOUND,NO,NO_ICAO_CODE,NO_MATCH,UNKNOWN
16674,"Astrakhan, Russia: Narimanova",NOT_FOUND,NO,INTERNATIONAL,INTERNATIONAL,UNKNOWN
16675,"Quarzazate, Morocco: Ouarzazate International",NOT_FOUND,NO,NO_ICAO_CODE,INTERNATIONAL,UNKNOWN
16676,"Sirnak, Turkey: Serafettin Elci",NOT_FOUND,NO,NO_ICAO_CODE,INTERNATIONAL,UNKNOWN
16677,"Gahcho, Canada: Gahcho Kue",NOT_FOUND,NO,INTERNATIONAL,INTERNATIONAL,UNKNOWN
16678,"Los Angeles, CA: Whiteman",KLAX,YES,ASOS_AVAILABLE,DIRECT_MATCH,HIGH
16679,"Marfa, TX: Marfa Municipal",NOT_FOUND,NO,NO_ICAO_CODE,NO_MATCH,UNKNOWN
16680,"Canandaigua, NY: Canandaigua Airport",NOT_FOUND,NO,NO_ICAO_CODE,NO_MATCH,UNKNOWN
16681,"East Haddam, CT: Goodspeed",NOT_FOUND,NO,NO_ICAO_CODE,NO_MATCH,UNKNOWN
16682,"Gettysburg, PA: Gettysburg Regional",NOT_FOUND,NO,NO_ICAO_CODE,NO_MATCH,UNKNOWN
16683,"Dowagiac, MI: Dowagiac Municipal",NOT_FOUND,NO,NO_ICAO_CODE,NO_MATCH,UNKNOWN
16684,"Collegeville, PA: Perkiomen Valley",NOT_FOUND,NO,NO_ICAO_CODE,NO_MATCH,UNKNOWN
16685,"Campia Turzii, Romania: Campia Turzii Airport",NOT_FOUND,NO,NO_ICAO_CODE,INTERNATIONAL,UNKNOWN
16686,"Wajir, Kenya: Wajir Airport",NOT_FOUND,NO,NO_ICAO_CODE,INTERNATIONAL,UNKNOWN
16687,"Ban Me Thout, Vietnam: Buon Ma Thuot",NOT_FOUND,NO,NO_ICAO_CODE,INTERNATIONAL,UNKNOWN
16688,"Eastman, GA: Heart of Georgia Regional",NOT_FOUND,NO,NO_ICAO_CODE,INTERNATIONAL,UNKNOWN
16689,"Tarentum, PA: Rock",NOT_FOUND,NO,NO_ICAO_CODE,NO_MATCH,UNKNOWN
16690,"Dewar Lakes, Canada: Dewar Lakes Airport",NOT_FOUND,NO,INTERNATIONAL,INTERNATIONAL,UNKNOWN
16691,"Jungwon, South Korea: Jungwon AB",NOT_FOUND,NO,INTERNATIONAL,INTERNATIONAL,UNKNOWN
16692,"Three Forks, MT: Three Forks Airport",NOT_FOUND,NO,NO_ICAO_CODE,NO_MATCH,UNKNOWN
16693,"Amari, Estonia: Amari Airport",NOT_FOUND,NO,NO_ICAO_CODE,INTERNATIONAL,UNKNOWN
16694,"Hereford, TX: Hereford Municipal",NOT_FOUND,NO,NO_ICAO_CODE,NO_MATCH,UNKNOWN
16695,"Lafayette, TN: Lafayette Municipal",KLFT,YES,ASOS_AVAILABLE,DIRECT_MATCH,HIGH
16696,"Smith Bay, AK: Smith Bay Airport",NOT_FOUND,NO,NO_ICAO_CODE,NO_MATCH,UNKNOWN
16697,"Moneta, VA: Smith Mountain Lake",NOT_FOUND,NO,NO_ICAO_CODE,NO_MATCH,UNKNOWN
16698,"Dune Lake, AK: Dune Lake Airport",NOT_FOUND,NO,NO_ICAO_CODE,NO_MATCH,UNKNOWN
16699,"Junction, TX: Kimble County",NOT_FOUND,NO,NO_ICAO_CODE,NO_MATCH,UNKNOWN
16700,"Patterson, CA: Del Mar Farms",NOT_FOUND,NO,NO_ICAO_CODE,NO_MATCH,UNKNOWN
16701,"Porto Belo, Brazil: Costa Esmeralda",NOT_FOUND,NO,INTERNATIONAL,INTERNATIONAL,UNKNOWN
16702,"Encino, TX: El Coyote Ranch",NOT_FOUND,NO,NO_ICAO_CODE,NO_MATCH,UNKNOWN
16703,"Rivas, Nicaragua: Costa Esmeralda",NOT_FOUND,NO,NO_ICAO_CODE,INTERNATIONAL,UNKNOWN
16704,"Brockport, NY: Ledgedale Airpark",NOT_FOUND,NO,NO_ICAO_CODE,NO_MATCH,UNKNOWN
16705,"Duqm, Oman: Duqm International",NOT_FOUND,NO,NO_ICAO_CODE,INTERNATIONAL,UNKNOWN
16706,"Austin, TX: Austin Executive Airpark",KAUS,YES,ASOS_AVAILABLE,DIRECT_MATCH,HIGH
16707,"Doris Lake, Canada: Doris Lake Airport",NOT_FOUND,NO,INTERNATIONAL,INTERNATIONAL,UNKNOWN
16708,"Graf Ingratievo, Bulgaria: Graf Ingratievo Airport",NOT_FOUND,NO,NO_ICAO_CODE,INTERNATIONAL,UNKNOWN
16709,"Castroville, TX: Castroville Municipal",NOT_FOUND,NO,NO_ICAO_CODE,NO_MATCH,UNKNOWN
16710,"Indian Head, MD: Maryland",NOT_FOUND,NO,INTERNATIONAL,INTERNATIONAL,UNKNOWN
16711,"Reno, NV: Reno Stead",KRNO,YES,ASOS_AVAILABLE,DIRECT_MATCH,HIGH
16712,"Jijiga, Ethiopia: Jigjiga Garad Wilwal",NOT_FOUND,NO,NO_ICAO_CODE,INTERNATIONAL,UNKNOWN
16713,"Kasane North West, Botswana: Kasane",NOT_FOUND,NO,NO_ICAO_CODE,INTERNATIONAL,UNKNOWN
16714,"Zuanzhou Fujian, China: Jinjiang",NOT_FOUND,NO,INTERNATIONAL,INTERNATIONAL,UNKNOWN
16715,"Seneca Falls, NY: Finger Lakes Regional",NOT_FOUND,NO,NO_ICAO_CODE,NO_MATCH,UNKNOWN
16716,"Tartu, Estonia: Tartu Airport",NOT_FOUND,NO,NO_ICAO_CODE,INTERNATIONAL,UNKNOWN
16717,"Hope Bay, Canada: Hope Bay Airport",NOT_FOUND,NO,INTERNATIONAL,INTERNATIONAL,UNKNOWN
16718,"Moranbah, Australia: Moranbah Airport",NOT_FOUND,NO,INTERNATIONAL,INTERNATIONAL,UNKNOWN
16719,"Monroe, NC: Charlotte Monroe Executive",KCLT,YES,ASOS_AVAILABLE,DIRECT_MATCH,HIGH
16720,"Fairbanks1, AK: Van Curlers Sandbar",NOT_FOUND,NO,NO_ICAO_CODE,NO_MATCH,UNKNOWN
16721,"Bridgewater, VA: Bridgewater Air Park",NOT_FOUND,NO,NO_ICAO_CODE,NO_MATCH,UNKNOWN
16722,"Millersburg, OH: Holmes County",NOT_FOUND,NO,NO_ICAO_CODE,NO_MATCH,UNKNOWN
16723,"Nakochna, AK: Nakochna Airport",NOT_FOUND,NO,NO_ICAO_CODE,NO_MATCH,UNKNOWN
16724,"Ticonderoga, NY: Ticonderoga Municipal",NOT_FOUND,NO,NO_ICAO_CODE,NO_MATCH,UNKNOWN
16725,"Gerlach, NV: Black Rock City",NOT_FOUND,NO,NO_ICAO_CODE,NO_MATCH,UNKNOWN
16726,"Jericho, Canada: Jericho Mine",NOT_FOUND,NO,PRIVATE/SPECIAL_USE,INTERNATIONAL,UNKNOWN
16727,"New Jersey, NJ: Old Bridge",NOT_FOUND,NO,NO_ICAO_CODE,NO_MATCH,UNKNOWN
16728,"Franklin, NC: Macon County",NOT_FOUND,NO,NO_ICAO_CODE,NO_MATCH,UNKNOWN
16729,"Mount Vernon, OH: Knox County",NOT_FOUND,NO,NO_ICAO_CODE,NO_MATCH,UNKNOWN
16730,"Gorham, NH: Gorham Airport",NOT_FOUND,NO,NO_ICAO_CODE,NO_MATCH,UNKNOWN
16731,"Haverhill, NH: Dean Memorial",NOT_FOUND,NO,NO_ICAO_CODE,NO_MATCH,UNKNOWN
16732,"Vina del Mar, Chile: Vina del Mar Airport",NOT_FOUND,NO,NO_ICAO_CODE,INTERNATIONAL,UNKNOWN
16733,"Lodz Lodzkie, Poland: Lodz Lublinek",NOT_FOUND,NO,NO_ICAO_CODE,INTERNATIONAL,UNKNOWN
16734,"Meadowbank Nunavut, Canada: Meadowbank",NOT_FOUND,NO,INTERNATIONAL,INTERNATIONAL,UNKNOWN
16735,"Katanga, Congo (Kinshasa): Kamina",NOT_FOUND,NO,NO_ICAO_CODE,INTERNATIONAL,UNKNOWN
16736,"Stonington, ME: Stonington Municipal",NOT_FOUND,NO,NO_ICAO_CODE,NO_MATCH,UNKNOWN
16737,"Scottsboro, AL: Scottsboro Municipal Word Field",NOT_FOUND,NO,NO_ICAO_CODE,NO_MATCH,UNKNOWN
16738,"Bentonville, AR: Bentonville Municipal Louise M Thaden Field",NOT_FOUND,NO,NO_ICAO_CODE,NO_MATCH,UNKNOWN
16739,"Columbus, OH: Bolton Field",KCMH,YES,ASOS_AVAILABLE,DIRECT_MATCH,HIGH
16740,"Delaware, OH: Delaware Municipal Jim Moore Field",NOT_FOUND,NO,NO_ICAO_CODE,NO_MATCH,UNKNOWN
16741,"Selmer, TN: Robert Sibley",NOT_FOUND,NO,NO_ICAO_CODE,NO_MATCH,UNKNOWN
16742,"Indianapolis, IN: Indy South Greenwood",NOT_FOUND,NO,INTERNATIONAL,INTERNATIONAL,UNKNOWN
16743,"Batesville, MS: Panola County",NOT_FOUND,NO,NO_ICAO_CODE,NO_MATCH,UNKNOWN
16744,"Effingham, IL: Effingham County Regional",NOT_FOUND,NO,NO_ICAO_CODE,NO_MATCH,UNKNOWN
16745,"Houston, TX: Houston Executive",KIAH,YES,ASOS_AVAILABLE,DIRECT_MATCH,HIGH
16746,"Grants, NM: Grants Milan Municipal",NOT_FOUND,NO,NO_ICAO_CODE,NO_MATCH,UNKNOWN
16747,"Orientale, Congo (Kinshasa): Dungu",NOT_FOUND,NO,NO_ICAO_CODE,INTERNATIONAL,UNKNOWN
16748,"Doylestown, PA: Doylestown Airport",NOT_FOUND,NO,NO_ICAO_CODE,NO_MATCH,UNKNOWN
16749,"China Spring, TX: Wildcat Canyon",NOT_FOUND,NO,INTERNATIONAL,INTERNATIONAL,UNKNOWN
16750,"Sanford, NC: Raleigh Exec Jetport at Sanford Lee County",KRDU,YES,ASOS_AVAILABLE,DIRECT_MATCH,HIGH
16751,"Placida, FL: Coral Creek",NOT_FOUND,NO,NO_ICAO_CODE,NO_MATCH,UNKNOWN
16752,"Bgadolite, Congo (Kinshasa): Gbadolite",NOT_FOUND,NO,NO_ICAO_CODE,INTERNATIONAL,UNKNOWN
16754,"Whiteville, NC: Columbus County Regional",KCMH,YES,ASOS_AVAILABLE,DIRECT_MATCH,HIGH
16755,"Dallas, TX: McKinney National",KDFW,YES,ASOS_AVAILABLE,DIRECT_MATCH,HIGH
16756,"Korat, Thailand: Korat AAF",NOT_FOUND,NO,NO_ICAO_CODE,INTERNATIONAL,UNKNOWN
16757,"Ali Al Salem, Kuwait: Ali Al Salem AB",NOT_FOUND,NO,NO_ICAO_CODE,INTERNATIONAL,UNKNOWN
16758,"Brawley, CA: Brawley Municipal",NOT_FOUND,NO,NO_ICAO_CODE,NO_MATCH,UNKNOWN
16759,"Jalalabad, Afghanistan: Jalalabad Airport",NOT_FOUND,NO,NO_ICAO_CODE,INTERNATIONAL,UNKNOWN
16760,"Glen Canyon, UT: Bullfrog Basin",NOT_FOUND,NO,NO_ICAO_CODE,NO_MATCH,UNKNOWN
16761,"Bowling Green, OH: Wood County",NOT_FOUND,NO,NO_ICAO_CODE,NO_MATCH,UNKNOWN
16762,"Reserve, LA: Port of South Louisiana Executive",NOT_FOUND,NO,NO_ICAO_CODE,NO_MATCH,UNKNOWN
16763,"Zakarpattia, Ukraine: Uzhhorod International",NOT_FOUND,NO,NO_ICAO_CODE,INTERNATIONAL,UNKNOWN
16764,"Fort Meade, MD: Tipton",NOT_FOUND,NO,NO_ICAO_CODE,NO_MATCH,UNKNOWN
16765,"Lone Rock, WI: Tri County Regional",NOT_FOUND,NO,NO_ICAO_CODE,NO_MATCH,UNKNOWN
16766,"Mould Bay, Canada: Mould Bay Airport",NOT_FOUND,NO,INTERNATIONAL,INTERNATIONAL,UNKNOWN
16767,"Fort A P Hill, VA: Mary Walker Lz",NOT_FOUND,NO,NO_ICAO_CODE,NO_MATCH,UNKNOWN
16768,"Salerno, Italy: Salerno Airport",NOT_FOUND,NO,NO_ICAO_CODE,INTERNATIONAL,UNKNOWN
16769,"Siler City, NC: Siler City Municipal",NOT_FOUND,NO,NO_ICAO_CODE,NO_MATCH,UNKNOWN
16770,"Monte Vista, CO: Monte Vista Municipal",NOT_FOUND,NO,NO_ICAO_CODE,NO_MATCH,UNKNOWN
16771,"New Richmond, WI: New Richmond Regional",KRIC,YES,ASOS_AVAILABLE,DIRECT_MATCH,HIGH
16772,"Sweihan, United Arab Emirates: Sweihan Airbase",NOT_FOUND,NO,NO_ICAO_CODE,INTERNATIONAL,UNKNOWN
16773,"Baikonur, Kazakhstan: Baikonur Krayniy",NOT_FOUND,NO,NO_ICAO_CODE,INTERNATIONAL,UNKNOWN
16774,"Richmond, VA: Richmond Executive Chesterfield County",KRIC,YES,ASOS_AVAILABLE,DIRECT_MATCH,HIGH
16775,"Richland, MO: Richland Municipal",NOT_FOUND,NO,NO_ICAO_CODE,NO_MATCH,UNKNOWN
16776,"Clevland, TN: Cleveland Regional Jetport",KCLE,YES,ASOS_AVAILABLE,DIRECT_MATCH,HIGH
16777,"Farmington, PA: Nemacolin",NOT_FOUND,NO,NO_ICAO_CODE,NO_MATCH,UNKNOWN
16778,"Middleton, WI: Middleton Municipal Morey Field",NOT_FOUND,NO,NO_ICAO_CODE,NO_MATCH,UNKNOWN
16779,"Az-Zarqa, Jordan: King Abdullah II Airbase",NOT_FOUND,NO,NO_ICAO_CODE,INTERNATIONAL,UNKNOWN
16780,"Ashland, OH: Ashland County",NOT_FOUND,NO,NO_ICAO_CODE,NO_MATCH,UNKNOWN
16781,"Nowy Dwor Mazowieckie, Poland: Modlin",NOT_FOUND,NO,NO_ICAO_CODE,INTERNATIONAL,UNKNOWN
16782,"Dakar Thies, Senegal: Blaise Diagne International",NOT_FOUND,NO,NO_ICAO_CODE,INTERNATIONAL,UNKNOWN
16783,"Greensboro, GA: Greene County Regional",KGSO,YES,ASOS_AVAILABLE,DIRECT_MATCH,HIGH
16784,"Mayfield, KY: Mayfield Graves County",NOT_FOUND,NO,NO_ICAO_CODE,NO_MATCH,UNKNOWN
16785,"Carrizo Springs, TX: Dimmit County",NOT_FOUND,NO,NO_ICAO_CODE,NO_MATCH,UNKNOWN
16786,"Dirkau, Niger: Dirkou",NOT_FOUND,NO,NO_ICAO_CODE,INTERNATIONAL,UNKNOWN
16787,"Ramona, CA: Ramona Airport",NOT_FOUND,NO,NO_ICAO_CODE,NO_MATCH,UNKNOWN
16788,"Thomaston, GA: Thomaston Upson County",NOT_FOUND,NO,NO_ICAO_CODE,NO_MATCH,UNKNOWN
16789,"Van Horn, TX: Culberson County",NOT_FOUND,NO,NO_ICAO_CODE,NO_MATCH,UNKNOWN
16790,"Sylacauga, AL: Merkel Field Sylacauga Municipal",NOT_FOUND,NO,NO_ICAO_CODE,NO_MATCH,UNKNOWN
16791,"Terrell, TX: Terrell Municipal",NOT_FOUND,NO,NO_ICAO_CODE,NO_MATCH,UNKNOWN
16792,"West Milford, NJ: Greenwood Lake",NOT_FOUND,NO,NO_ICAO_CODE,NO_MATCH,UNKNOWN
16793,"Moroe, WI: Monroe Municipal",NOT_FOUND,NO,NO_ICAO_CODE,NO_MATCH,UNKNOWN
16794,"Goose Lake, Canada: Goose Lake Airport",NOT_FOUND,NO,INTERNATIONAL,INTERNATIONAL,UNKNOWN
16795,"Minneapolis, MN: Anoka County Blaine",KMSP,YES,ASOS_AVAILABLE,DIRECT_MATCH,HIGH
16796,"Estherville, IA: Estherville Municipal",NOT_FOUND,NO,NO_ICAO_CODE,NO_MATCH,UNKNOWN
16797,"Can Ranh, Vietnam: Cam Ranh International",NOT_FOUND,NO,NO_ICAO_CODE,INTERNATIONAL,UNKNOWN
16798,"Rio Hondo, Argentina: Termas de Rio Hondo",NOT_FOUND,NO,NO_ICAO_CODE,INTERNATIONAL,UNKNOWN
16799,"Lublin, Poland: Lublin Airport",NOT_FOUND,NO,NO_ICAO_CODE,INTERNATIONAL,UNKNOWN
16800,"Seaice, Canada: Seaice15",NOT_FOUND,NO,INTERNATIONAL,INTERNATIONAL,UNKNOWN
16801,"Philadelphia, PA: Penns Landing Heliport",KPHL,YES,ASOS_AVAILABLE,DIRECT_MATCH,HIGH
16802,"Paxson, HI: Paxson Airport",NOT_FOUND,NO,NO_ICAO_CODE,NO_MATCH,UNKNOWN
16803,"Paxson, AK: Paxson Airport",NOT_FOUND,NO,NO_ICAO_CODE,NO_MATCH,UNKNOWN
16804,"Napaimute, AK: Napaimute Pioneer Airfield",NOT_FOUND,NO,NO_ICAO_CODE,NO_MATCH,UNKNOWN
16805,"Champion, NE: Smith Field",NOT_FOUND,NO,NO_ICAO_CODE,NO_MATCH,UNKNOWN
16806,"Stratford, Canada: Stratford Municipal",NOT_FOUND,NO,INTERNATIONAL,INTERNATIONAL,UNKNOWN
16807,"Hopedale, MA: Hopedale Industrial Park",NOT_FOUND,NO,NO_ICAO_CODE,NO_MATCH,UNKNOWN
16808,"Fogo, Canada: Fogo Airport",NOT_FOUND,NO,INTERNATIONAL,INTERNATIONAL,UNKNOWN
16809,"Tamil Nadu, India: Rajali Arakkonam",NOT_FOUND,NO,INTERNATIONAL,INTERNATIONAL,UNKNOWN
16810,"Fort Payne, AL: Isbell Field",NOT_FOUND,NO,NO_ICAO_CODE,NO_MATCH,UNKNOWN
16811,"Cullman, AL: Cullman Regional Folsom Field",NOT_FOUND,NO,NO_ICAO_CODE,NO_MATCH,UNKNOWN
16812,"Monroe, GA: Cy Nunnally Memorial",NOT_FOUND,NO,NO_ICAO_CODE,NO_MATCH,UNKNOWN
16813,"Moultonboro, NH: Moultonborough",NOT_FOUND,NO,NO_ICAO_CODE,NO_MATCH,UNKNOWN
16814,"Steenokkerzeel, Belgium: Steenokkerzeel Airport",NOT_FOUND,NO,NO_ICAO_CODE,INTERNATIONAL,UNKNOWN
16815,"Southampton, NY: Southampton Heliport",NOT_FOUND,NO,PRIVATE/SPECIAL_USE,NO_MATCH,UNKNOWN
16816,"Deland, FL: Deland Municipal Sidney H Taylor Field",NOT_FOUND,NO,NO_ICAO_CODE,NO_MATCH,UNKNOWN
16817,"Pahrump, NV: Calvada Meadows",NOT_FOUND,NO,NO_ICAO_CODE,NO_MATCH,UNKNOWN
16818,"Nikisha, AK: McGahan Industrial Park",NOT_FOUND,NO,NO_ICAO_CODE,NO_MATCH,UNKNOWN
16819,"New Roads, LA: False River Regional",NOT_FOUND,NO,NO_ICAO_CODE,NO_MATCH,UNKNOWN
16820,"Fairfield, IA: Fairfield Municipal",NOT_FOUND,NO,NO_ICAO_CODE,NO_MATCH,UNKNOWN
16821,"South Haven, MI: South Haven Area Regional",NOT_FOUND,NO,NO_ICAO_CODE,NO_MATCH,UNKNOWN
16822,"Fairview, Canada: Fairview Airport",NOT_FOUND,NO,INTERNATIONAL,INTERNATIONAL,UNKNOWN
16823,"Buena, CO: Central Colorado Regional",NOT_FOUND,NO,NO_ICAO_CODE,NO_MATCH,UNKNOWN
16824,"Shimkent, Kazakhstan: Shymkent",NOT_FOUND,NO,NO_ICAO_CODE,INTERNATIONAL,UNKNOWN
16825,"Exuma, The Bahamas: Staniel Cay",NOT_FOUND,NO,NO_ICAO_CODE,INTERNATIONAL,UNKNOWN
16826,"Witkowo, Poland: Powidz",NOT_FOUND,NO,NO_ICAO_CODE,INTERNATIONAL,UNKNOWN
16827,"Maniwaki, Canada: Maniwaki Airport",NOT_FOUND,NO,INTERNATIONAL,INTERNATIONAL,UNKNOWN
16828,"Essington, PA: Philadelphia Seaplane Base",KPHL,YES,ASOS_AVAILABLE,DIRECT_MATCH,HIGH
16829,"West Palm Beach, FL: Palm Beach County Park",KPBI,YES,ASOS_AVAILABLE,DIRECT_MATCH,HIGH
16830,"Port Washington, NY: Sands Point Seaplane Base",KDCA,YES,ASOS_AVAILABLE,DIRECT_MATCH,HIGH
16831,"Suffolk, NY: Sebonac",NOT_FOUND,NO,NO_ICAO_CODE,NO_MATCH,UNKNOWN
16832,"New York, NY: New York Skyports Seaplane Base",NOT_FOUND,NO,PRIVATE/SPECIAL_USE,NO_MATCH,UNKNOWN
16833,"McMurdo Station, Antarctica: McMurdo Station Phoenix Field",NOT_FOUND,NO,NO_ICAO_CODE,NO_STATE_CODE,UNKNOWN
16834,"Terra Nova Bay, Antarctica: Mario Zucchelli",NOT_FOUND,NO,NO_ICAO_CODE,NO_STATE_CODE,UNKNOWN
16835,"Goat Cay, The Bahamas: Goat Cay Airport",NOT_FOUND,NO,NO_ICAO_CODE,INTERNATIONAL,UNKNOWN
16836,"Pig Beach, The Bahamas: Pig Beach Airport",NOT_FOUND,NO,NO_ICAO_CODE,INTERNATIONAL,UNKNOWN
16837,"Colorado City, AZ: Colorado City Municipal",NOT_FOUND,NO,NO_ICAO_CODE,NO_MATCH,UNKNOWN
16838,"Norfolk, VA: Hampton Roads Executive",KORF,YES,ASOS_AVAILABLE,DIRECT_MATCH,HIGH
16839,"Huntingburg, IN: Huntingburg Airport",NOT_FOUND,NO,NO_ICAO_CODE,NO_MATCH,UNKNOWN
16840,"Lexington Parsons, TN: Beech River Regional",KLEX,YES,ASOS_AVAILABLE,DIRECT_MATCH,HIGH
16841,"Musanaa, Oman: Rustaq",NOT_FOUND,NO,NO_ICAO_CODE,INTERNATIONAL,UNKNOWN
16842,"Hampton, GA: Atlanta Speedway",KATL,YES,ASOS_AVAILABLE,DIRECT_MATCH,HIGH
16843,"Rio Vista, CA: Rio Vista Municipal",NOT_FOUND,NO,NO_ICAO_CODE,NO_MATCH,UNKNOWN
16844,"Delano, CA: Delano Municipal",NOT_FOUND,NO,NO_ICAO_CODE,NO_MATCH,UNKNOWN
16845,"Baker Bay, The Bahamas: Baker Bay Airport",NOT_FOUND,NO,NO_ICAO_CODE,INTERNATIONAL,UNKNOWN
16846,"Lake Wales, FL: Lake Wales Municipal",NOT_FOUND,NO,NO_ICAO_CODE,NO_MATCH,UNKNOWN
16847,"Litchfield, IL: Litchfield Municipal",NOT_FOUND,NO,NO_ICAO_CODE,NO_MATCH,UNKNOWN
16848,"Camilla, GA: Camilla Mitchell County",NOT_FOUND,NO,NO_ICAO_CODE,NO_MATCH,UNKNOWN
16849,"Atlantic, IA: Atlantic Municipal",NOT_FOUND,NO,NO_ICAO_CODE,NO_MATCH,UNKNOWN
16850,"North Salt Lake, UT: A A Helicopters Inc",NOT_FOUND,NO,NO_ICAO_CODE,NO_MATCH,UNKNOWN
16851,"Cross Keys, NJ: Cross Keys Airport",NOT_FOUND,NO,NO_ICAO_CODE,NO_MATCH,UNKNOWN
16852,"Mexico City, Mexico: Felipe Angeles International",NOT_FOUND,NO,INTERNATIONAL,INTERNATIONAL,UNKNOWN
16853,"Dumas, TX: Moore County",NOT_FOUND,NO,NO_ICAO_CODE,NO_MATCH,UNKNOWN
16854,"Beja, Portugal: Beja Airport",NOT_FOUND,NO,NO_ICAO_CODE,INTERNATIONAL,UNKNOWN
16855,"Nidwalder, Switzerland: Buochs",NOT_FOUND,NO,NO_ICAO_CODE,INTERNATIONAL,UNKNOWN
16856,"Abingdon, VA: Virginia Highlands",NOT_FOUND,NO,NO_ICAO_CODE,NO_MATCH,UNKNOWN
16857,"San Antonio, TX: Stinson Municipal",KSAN,YES,ASOS_AVAILABLE,DIRECT_MATCH,HIGH
16858,"Istanbul, Turkey: Ataturk",NOT_FOUND,NO,NO_ICAO_CODE,INTERNATIONAL,UNKNOWN
16859,"Geilenkirchen, Germany: Geilenkirchen Airport",NOT_FOUND,NO,INTERNATIONAL,INTERNATIONAL,UNKNOWN
16860,"Waupaca, WI: Waupaca Municipal",NOT_FOUND,NO,NO_ICAO_CODE,NO_MATCH,UNKNOWN
16861,"Hackettstown, NJ: Hackettstown Airport",NOT_FOUND,NO,NO_ICAO_CODE,NO_MATCH,UNKNOWN
16862,"Papa, Hungary: Papa Airport",NOT_FOUND,NO,NO_ICAO_CODE,INTERNATIONAL,UNKNOWN
16863,"South Bethlehem, NY: South Albany",KALB,YES,ASOS_AVAILABLE,DIRECT_MATCH,HIGH
16864,"108 Mile Ranch, Canada: South Cariboo",NOT_FOUND,NO,INTERNATIONAL,INTERNATIONAL,UNKNOWN
16865,"Holdrege, NE: Brewster Field",NOT_FOUND,NO,NO_ICAO_CODE,NO_MATCH,UNKNOWN
16866,"Payerne, Switzerland: Payerne Airport",NOT_FOUND,NO,NO_ICAO_CODE,INTERNATIONAL,UNKNOWN
16867,"Ellenville, NY: Joseph Y Resnick",NOT_FOUND,NO,NO_ICAO_CODE,NO_MATCH,UNKNOWN
16868,"Hillsboro, NH: Hawthorne Feather Airpark",NOT_FOUND,NO,NO_ICAO_CODE,NO_MATCH,UNKNOWN
16869,"Williston, ND: Williston Basin International",NOT_FOUND,NO,NO_ICAO_CODE,NO_MATCH,UNKNOWN
16870,"Victor Diamond Mine, Canada: Victor Mine",NOT_FOUND,NO,PRIVATE/SPECIAL_USE,INTERNATIONAL,UNKNOWN
16871,"Chester, CT: Chester Airport",NOT_FOUND,NO,NO_ICAO_CODE,NO_MATCH,UNKNOWN
16872,"Galliano, LA: South Lafourche Leonard Miller Jr",NOT_FOUND,NO,NO_ICAO_CODE,NO_MATCH,UNKNOWN
16873,"Truth Or Consequences, NM: Spaceport America",NOT_FOUND,NO,NO_ICAO_CODE,NO_MATCH,UNKNOWN
16874,"Beijing, China: Daxing International",NOT_FOUND,NO,INTERNATIONAL,INTERNATIONAL,UNKNOWN
16875,"Blakely, GA: Early County",NOT_FOUND,NO,NO_ICAO_CODE,NO_MATCH,UNKNOWN
16876,"Charleston, SC: Charleston Executive",KCHS,YES,ASOS_AVAILABLE,DIRECT_MATCH,HIGH
16877,"Pathankot, India: Pathankot Airport",NOT_FOUND,NO,INTERNATIONAL,INTERNATIONAL,UNKNOWN
16878,"Chernivtsi, Ukraine: Chernivtsi International",NOT_FOUND,NO,NO_ICAO_CODE,INTERNATIONAL,UNKNOWN
16879,"Llano, TX: Llano Municipal",NOT_FOUND,NO,NO_ICAO_CODE,NO_MATCH,UNKNOWN
16880,"Lancaster, TX: Lancaster Regional",NOT_FOUND,NO,NO_ICAO_CODE,NO_MATCH,UNKNOWN
16881,"Oyo, Congo (Brazaville): Oyo Ollombo",NOT_FOUND,NO,NO_ICAO_CODE,INTERNATIONAL,UNKNOWN
16882,"Medan, Indonesia: Kualanamu International",NOT_FOUND,NO,NO_ICAO_CODE,INTERNATIONAL,UNKNOWN
16883,"Ahoskie, NC: Tri County at Henry Joyner Field",NOT_FOUND,NO,NO_ICAO_CODE,NO_MATCH,UNKNOWN
16884,"Puero Natales, Chile: Teniente Julio Gallardo",NOT_FOUND,NO,NO_ICAO_CODE,INTERNATIONAL,UNKNOWN
16885,"Saskatchewan, Canada: Macklin",NOT_FOUND,NO,INTERNATIONAL,INTERNATIONAL,UNKNOWN
16886,"Colt, AR: Delta Regional",NOT_FOUND,NO,NO_ICAO_CODE,NO_MATCH,UNKNOWN
16887,"Bernin Kebbi, Nigeria: Birnin Kebbi International",NOT_FOUND,NO,NO_ICAO_CODE,INTERNATIONAL,UNKNOWN
16888,"Adrar, Nigeria: Touat Cheikh Sidi Mohamed Belkebir",NOT_FOUND,NO,NO_ICAO_CODE,INTERNATIONAL,UNKNOWN
16889,"Liguria, Italy: Albenga",NOT_FOUND,NO,NO_ICAO_CODE,INTERNATIONAL,UNKNOWN
16890,"Garowe Puntland, Somalia: New Garowe",NOT_FOUND,NO,NO_ICAO_CODE,INTERNATIONAL,UNKNOWN
16891,"Bentiu, South Sudan: Bentiu Airport",NOT_FOUND,NO,NO_ICAO_CODE,INTERNATIONAL,UNKNOWN
16892,"Ciudad Real, Spain: Ciudad Real Airport",NOT_FOUND,NO,INTERNATIONAL,INTERNATIONAL,UNKNOWN
16893,"Turkmenabat, Turkmenistan: Turkmenabat Airport",NOT_FOUND,NO,NO_ICAO_CODE,INTERNATIONAL,UNKNOWN
16895,"Tosontsengel, Mongolia: Tosontsengel",NOT_FOUND,NO,NO_ICAO_CODE,INTERNATIONAL,UNKNOWN
16896,"Taraz, Kazakhstan: Taraz Airport",NOT_FOUND,NO,NO_ICAO_CODE,INTERNATIONAL,UNKNOWN
16897,"Brenham, TX: Brenham Municipal",NOT_FOUND,NO,NO_ICAO_CODE,NO_MATCH,UNKNOWN
16898,"Dayton, TN: Mark Anton",KDAY,YES,ASOS_AVAILABLE,DIRECT_MATCH,HIGH
16899,"Kasos Island, Greece: Kassos",NOT_FOUND,NO,NO_ICAO_CODE,INTERNATIONAL,UNKNOWN
16900,"Lajitas, TX: Lajitas International",NOT_FOUND,NO,NO_ICAO_CODE,NO_MATCH,UNKNOWN
16901,"West Palm Beach, FL: North Palm Beach County Gen Aviation",KPBI,YES,ASOS_AVAILABLE,DIRECT_MATCH,HIGH
16902,"Beaumont, TX: Beaumont Municipal",KBPT,YES,ASOS_AVAILABLE,DIRECT_MATCH,HIGH
16903,"Eastport, ME: Eastport Municipal",NOT_FOUND,NO,NO_ICAO_CODE,NO_MATCH,UNKNOWN
16904,"Millbrook, NY: Johnson Landing Strip",NOT_FOUND,NO,PRIVATE/SPECIAL_USE,NO_MATCH,UNKNOWN
16905,"Spanish Fork, UT: Spanish Fork Municipal Woodhouse Field",NOT_FOUND,NO,NO_ICAO_CODE,NO_MATCH,UNKNOWN
16906,"Sandpoint, ID: Sandpoint Airport",NOT_FOUND,NO,NO_ICAO_CODE,NO_MATCH,UNKNOWN
16907,"Garberville, CA: Garberville Airport",NOT_FOUND,NO,NO_ICAO_CODE,NO_MATCH,UNKNOWN
16908,"Deer Park, WA: Deer Park Airport",NOT_FOUND,NO,NO_ICAO_CODE,NO_MATCH,UNKNOWN
16909,"Edinburg, TX: South Texas International at Edinburg",NOT_FOUND,NO,NO_ICAO_CODE,NO_MATCH,UNKNOWN
16910,"Louisa, VA: Louisa County Freeman Field",NOT_FOUND,NO,NO_ICAO_CODE,NO_MATCH,UNKNOWN
16911,"Caldwell, ID: Caldwell Exec",NOT_FOUND,NO,NO_ICAO_CODE,NO_MATCH,UNKNOWN
16913,"Atlanta, GA: Paulding Memorial Hospital Heliport",KATL,YES,ASOS_AVAILABLE,DIRECT_MATCH,HIGH
16914,"El Mirage, CA: El Mirage Field Adelanto",NOT_FOUND,NO,NO_ICAO_CODE,NO_MATCH,UNKNOWN
16915,"Clinton, MO: Clinton Regional",NOT_FOUND,NO,NO_ICAO_CODE,NO_MATCH,UNKNOWN
16916,"Leakey, TX: Real County",NOT_FOUND,NO,NO_ICAO_CODE,NO_MATCH,UNKNOWN
16917,"Baytown, TX: Baytown Airport",NOT_FOUND,NO,NO_ICAO_CODE,NO_MATCH,UNKNOWN
16918,"Meeker, CO: Meeker Coulter Field",NOT_FOUND,NO,NO_ICAO_CODE,NO_MATCH,UNKNOWN
16919,"Graford, TX: Possum Kingdom",NOT_FOUND,NO,NO_ICAO_CODE,NO_MATCH,UNKNOWN
16920,"Davis, CA: University",NOT_FOUND,NO,NO_ICAO_CODE,NO_MATCH,UNKNOWN
16921,"Murcia, Spain: Murcia Airport",NOT_FOUND,NO,INTERNATIONAL,INTERNATIONAL,UNKNOWN
16922,"Washington, IN: Daviess County",KDCA,YES,ASOS_AVAILABLE,DIRECT_MATCH,HIGH
16923,"Mertarvik, AK: Mertarvik Quarry Road Landing Strip",NOT_FOUND,NO,PRIVATE/SPECIAL_USE,NO_MATCH,UNKNOWN
16924,"Reading, NJ: Solberg Hunterdon",NOT_FOUND,NO,NO_ICAO_CODE,NO_MATCH,UNKNOWN
16925,"Malone, NY: Malone Dufort",NOT_FOUND,NO,NO_ICAO_CODE,NO_MATCH,UNKNOWN
16926,"Waco, TX: McGregor Exec",KACT,YES,ASOS_AVAILABLE,DIRECT_MATCH,HIGH
16927,"Oak Island, NC: Cape Fear Regional Jetport Howie Franklin",KOAK,YES,ASOS_AVAILABLE,DIRECT_MATCH,HIGH
16928,"St Thomas, Canada: St Thomas Municipal",NOT_FOUND,NO,INTERNATIONAL,INTERNATIONAL,UNKNOWN
16930,"Yogyakarta, Indonesia: Yogyakarta International",NOT_FOUND,NO,NO_ICAO_CODE,INTERNATIONAL,UNKNOWN
16931,"Kaluga, Russia: Grabtsevo",NOT_FOUND,NO,INTERNATIONAL,INTERNATIONAL,UNKNOWN
16932,"Kangiliinnguit, Greenland: Gronnedal Invittuut",NOT_FOUND,NO,NO_ICAO_CODE,INTERNATIONAL,UNKNOWN
16933,"Vinnitsa, Ukraine: Gavryshivka International",NOT_FOUND,NO,NO_ICAO_CODE,INTERNATIONAL,UNKNOWN
16934,"Asheboro, NC: Asheboro Regional",NOT_FOUND,NO,NO_ICAO_CODE,NO_MATCH,UNKNOWN
16935,"Willoughby, OH: Lake County Executive",NOT_FOUND,NO,NO_ICAO_CODE,NO_MATCH,UNKNOWN
16936,"Ennis, MT: Ennis Big Sky",NOT_FOUND,NO,NO_ICAO_CODE,NO_MATCH,UNKNOWN
16937,"Greenville, ME: Greenville Municipal",KGSP,YES,ASOS_AVAILABLE,DIRECT_MATCH,HIGH
16938,"West Bend, WI: West Bend Municipal",KBND,YES,ASOS_AVAILABLE,DIRECT_MATCH,HIGH
16939,"St Georges, Canada: St Georges Airport",NOT_FOUND,NO,INTERNATIONAL,INTERNATIONAL,UNKNOWN
16940,"Elizabethon, TN: Elizabethton Municipal",NOT_FOUND,NO,NO_ICAO_CODE,NO_MATCH,UNKNOWN
16941,"Brookfield, MO: North Central Missouri Regional",NOT_FOUND,NO,NO_ICAO_CODE,NO_MATCH,UNKNOWN
16942,"Center, TX: Center Municipal",NOT_FOUND,NO,NO_ICAO_CODE,NO_MATCH,UNKNOWN
16943,"St Athan, United Kingdom: St Athan Airport",NOT_FOUND,NO,INTERNATIONAL,INTERNATIONAL,UNKNOWN
16944,"Hradec Kralove, Czech Republic: Hradec Kralove Airport",NOT_FOUND,NO,NO_ICAO_CODE,INTERNATIONAL,UNKNOWN
16945,"Rovno, Ukraine: Rivne International",NOT_FOUND,NO,NO_ICAO_CODE,INTERNATIONAL,UNKNOWN
16946,"Mazury, Poland: Olsztyn Mazury",NOT_FOUND,NO,NO_ICAO_CODE,INTERNATIONAL,UNKNOWN
16947,"Fredericksburg, TX: Gillespie County",NOT_FOUND,NO,NO_ICAO_CODE,NO_MATCH,UNKNOWN
16948,"Comanche, TX: Comanche County City",NOT_FOUND,NO,NO_ICAO_CODE,INTERNATIONAL,UNKNOWN
16949,"Surat, India: Surat Airport",NOT_FOUND,NO,INTERNATIONAL,INTERNATIONAL,UNKNOWN
16950,"Lask, Poland: Polish 32 Baza Lotnicza",NOT_FOUND,NO,NO_ICAO_CODE,INTERNATIONAL,UNKNOWN
16951,"Warrenton, VA: Warrenton Fauquier",NOT_FOUND,NO,NO_ICAO_CODE,NO_MATCH,UNKNOWN
16952,"Cleveland, MS: Cleveland Municipal",KCLE,YES,ASOS_AVAILABLE,DIRECT_MATCH,HIGH
16953,"Huntsville, TX: Huntsville Municipal",KHSV,YES,ASOS_AVAILABLE,DIRECT_MATCH,HIGH
16954,"Boston, MA: Boston Harbor Seaplane Base",KBOS,YES,ASOS_AVAILABLE,DIRECT_MATCH,HIGH
16955,"New York, NY: Sag Harbor",NOT_FOUND,NO,NO_ICAO_CODE,NO_MATCH,UNKNOWN
16956,"New York, NY: Shelter Island",NOT_FOUND,NO,NO_ICAO_CODE,NO_MATCH,UNKNOWN
16957,"New York, NY: Noyack",NOT_FOUND,NO,NO_ICAO_CODE,NO_MATCH,UNKNOWN
16958,"New Braunfels, TX: New Braunfels National",NOT_FOUND,NO,NO_ICAO_CODE,NO_MATCH,UNKNOWN
16959,"Connellsville, PA: Joseph A Hardy Connellsville",NOT_FOUND,NO,NO_ICAO_CODE,NO_MATCH,UNKNOWN
16960,"Aradah, Saudi Arabia: Aradah Airport",NOT_FOUND,NO,NO_ICAO_CODE,INTERNATIONAL,UNKNOWN
16961,"Bridgeport, TX: Bridgeport Municipal",NOT_FOUND,NO,NO_ICAO_CODE,NO_MATCH,UNKNOWN
16962,"Granbury, TX: Granbury Regional",NOT_FOUND,NO,NO_ICAO_CODE,NO_MATCH,UNKNOWN
16963,"Lievarde, Latvia: Lielvarde",NOT_FOUND,NO,NO_ICAO_CODE,INTERNATIONAL,UNKNOWN
16964,"Hot Springs, SD: Hot Springs Municipal",NOT_FOUND,NO,NO_ICAO_CODE,NO_MATCH,UNKNOWN
16965,"Shelter Island, NY: Sbnysh",NOT_FOUND,NO,NO_ICAO_CODE,NO_MATCH,UNKNOWN
16966,"North Haven, NY: Sbnynb",NOT_FOUND,NO,NO_ICAO_CODE,NO_MATCH,UNKNOWN
16967,"Belie Haven, CT: Sbctbh",NOT_FOUND,NO,NO_ICAO_CODE,NO_MATCH,UNKNOWN
16968,"Moriarty, NM: Moriarty Municipal",NOT_FOUND,NO,NO_ICAO_CODE,NO_MATCH,UNKNOWN
16969,"Silver Springs, NV: Silver Springs Airport",NOT_FOUND,NO,NO_ICAO_CODE,NO_MATCH,UNKNOWN
16970,"Enfidha, Tunisia: Enfidha Airport",NOT_FOUND,NO,NO_ICAO_CODE,INTERNATIONAL,UNKNOWN
16971,"Pardubice, Czech Republic: Pardubice Airport",NOT_FOUND,NO,NO_ICAO_CODE,INTERNATIONAL,UNKNOWN
16972,"Sturgis, SD: Sturgis Municipal",NOT_FOUND,NO,NO_ICAO_CODE,NO_MATCH,UNKNOWN
16973,"Green Valley, AZ: Ruby Star Airpark",NOT_FOUND,NO,NO_ICAO_CODE,NO_MATCH,UNKNOWN
16974,"Churchville, MD: Harford County",NOT_FOUND,NO,NO_ICAO_CODE,NO_MATCH,UNKNOWN
16975,"Coolidge, AZ: Coolidge Municipal",NOT_FOUND,NO,NO_ICAO_CODE,NO_MATCH,UNKNOWN
16976,"Milledgeville, GA: Baldwin County Regional",NOT_FOUND,NO,NO_ICAO_CODE,NO_MATCH,UNKNOWN
16977,"Carrickfinn, Ireland: Donegal",NOT_FOUND,NO,NO_ICAO_CODE,INTERNATIONAL,UNKNOWN
16978,"Morehead, KY: Morehead Rowan County Clyde A Thomas Regional",NOT_FOUND,NO,NO_ICAO_CODE,NO_MATCH,UNKNOWN
16979,"Columbia, MS: Columbia Marion County",KCAE,YES,ASOS_AVAILABLE,DIRECT_MATCH,HIGH
16980,"Williamsburg, VA: Camp Peary Landing Strip",NOT_FOUND,NO,PRIVATE/SPECIAL_USE,NO_MATCH,UNKNOWN
16981,"Kertajati, Indonesia: Kertajati Airport",NOT_FOUND,NO,NO_ICAO_CODE,INTERNATIONAL,UNKNOWN
16982,"Deerpark, AK: Deer Park",NOT_FOUND,NO,NO_ICAO_CODE,NO_MATCH,UNKNOWN
16983,"Odessa, WA: Odessa Municipal",NOT_FOUND,NO,NO_ICAO_CODE,NO_MATCH,UNKNOWN
16984,"Fulton, TX: Kalt Ranch",NOT_FOUND,NO,NO_ICAO_CODE,NO_MATCH,UNKNOWN
16985,"Healy, AK: Temsco Helicopters Inc Heliport",NOT_FOUND,NO,PRIVATE/SPECIAL_USE,NO_MATCH,UNKNOWN
16986,"Pahokee, FL: Palm Beach County Glades",NOT_FOUND,NO,NO_ICAO_CODE,NO_MATCH,UNKNOWN
16987,"Blackstone, VA: Allan C Perkinson Blackstone AAF",NOT_FOUND,NO,NO_ICAO_CODE,NO_MATCH,UNKNOWN
16988,"Meadow Lake, Canada: Meadow Lake Airport",NOT_FOUND,NO,INTERNATIONAL,INTERNATIONAL,UNKNOWN
16989,"Pitts Town, The Bahamas: Pitts Town Airport",NOT_FOUND,NO,NO_ICAO_CODE,INTERNATIONAL,UNKNOWN
16990,"Andover, NJ: Aeroflex Andover",NOT_FOUND,NO,NO_ICAO_CODE,NO_MATCH,UNKNOWN
16991,"Hendersonville, NC: Hendersonville Airport",NOT_FOUND,NO,NO_ICAO_CODE,NO_MATCH,UNKNOWN
16992,"Tintina, AK: Gold Mining Landing Strip",NOT_FOUND,NO,PRIVATE/SPECIAL_USE,NO_MATCH,UNKNOWN
16993,"Walker, MN: Walker Municipal",NOT_FOUND,NO,NO_ICAO_CODE,NO_MATCH,UNKNOWN
16994,"North Pole, AK: Bradley Sky Ranch",KBDL,YES,ASOS_AVAILABLE,DIRECT_MATCH,HIGH
16995,"Lawing, AK: Lawing Airport",NOT_FOUND,NO,NO_ICAO_CODE,NO_MATCH,UNKNOWN
16996,"Chengdu, China: Tianfu",NOT_FOUND,NO,INTERNATIONAL,INTERNATIONAL,UNKNOWN
16997,"St Stephan, Switzerland: St Stephan Airport",NOT_FOUND,NO,NO_ICAO_CODE,INTERNATIONAL,UNKNOWN
16998,"Tulum, Mexico: Felipe Carrillo Puerto",NOT_FOUND,NO,INTERNATIONAL,INTERNATIONAL,UNKNOWN
16999,"Cabo Rojo, PR: Boqueron",NOT_FOUND,NO,NO_ICAO_CODE,NO_MATCH,UNKNOWN
17000,"Meriden, CT: Meriden Markham Municipal",NOT_FOUND,NO,NO_ICAO_CODE,NO_MATCH,UNKNOWN
17001,"Brussels, Belgium: Melsbroek AB",NOT_FOUND,NO,NO_ICAO_CODE,INTERNATIONAL,UNKNOWN
17002,"Calhoun, GA: Tom B David Field",NOT_FOUND,NO,NO_ICAO_CODE,NO_MATCH,UNKNOWN
17003,"Niederrhein, Germany: Weeze",NOT_FOUND,NO,INTERNATIONAL,INTERNATIONAL,UNKNOWN
17004,"Condon, OR: Condon State Pauling Field",NOT_FOUND,NO,NO_ICAO_CODE,NO_MATCH,UNKNOWN
17005,"Juneau, WI: Dodge County",PAJN,YES,ASOS_AVAILABLE,DIRECT_MATCH,HIGH
17006,"Khujand, Tajikistan: Khujand Airport",NOT_FOUND,NO,NO_ICAO_CODE,INTERNATIONAL,UNKNOWN
17007,"Cornelia, GA: Habersham County",NOT_FOUND,NO,NO_ICAO_CODE,NO_MATCH,UNKNOWN
17008,"Williamstown, NJ: Southern Cross",NOT_FOUND,NO,NO_ICAO_CODE,NO_MATCH,UNKNOWN
17009,"Cianorte, Brazil: Parana",NOT_FOUND,NO,INTERNATIONAL,INTERNATIONAL,UNKNOWN
17010,"Voicey Bay, Canada: Voiseys Bay",NOT_FOUND,NO,INTERNATIONAL,INTERNATIONAL,UNKNOWN
17011,"Newtok, AK: Newtok Seaplane Base",NOT_FOUND,NO,PRIVATE/SPECIAL_USE,NO_MATCH,UNKNOWN
17012,"Wauchula, FL: Wauchula Municipal",NOT_FOUND,NO,NO_ICAO_CODE,NO_MATCH,UNKNOWN
17013,"Fulshear, TX: Covey Trails",NOT_FOUND,NO,NO_ICAO_CODE,NO_MATCH,UNKNOWN
17014,"Allendale, SC: Allendale County",NOT_FOUND,NO,NO_ICAO_CODE,NO_MATCH,UNKNOWN
17015,"Luanda, Angola: Dr Antonio Augostiho",NOT_FOUND,NO,NO_ICAO_CODE,INTERNATIONAL,UNKNOWN
17016,"Mary River, Canada: Mary River Airport",NOT_FOUND,NO,INTERNATIONAL,INTERNATIONAL,UNKNOWN
17017,"Doha, Qatar: Doha International",NOT_FOUND,NO,NO_ICAO_CODE,INTERNATIONAL,UNKNOWN
17018,"Chisinau, Moldova: Chisinau International",NOT_FOUND,NO,NO_ICAO_CODE,INTERNATIONAL,UNKNOWN
17019,"Ogle, Guyana: Eugene F Correia International",NOT_FOUND,NO,NO_ICAO_CODE,INTERNATIONAL,UNKNOWN
17020,"Palmdale, CA: Gray Butte Field",NOT_FOUND,NO,NO_ICAO_CODE,NO_MATCH,UNKNOWN
17021,"Camden, NJ: 76ers Camden Heliport",NOT_FOUND,NO,PRIVATE/SPECIAL_USE,NO_MATCH,UNKNOWN
17022,"Pomona, NJ: Pomona Airport",NOT_FOUND,NO,NO_ICAO_CODE,NO_MATCH,UNKNOWN
17023,"Newark, NJ: Prudential Center Heliport",KEWR,YES,ASOS_AVAILABLE,DIRECT_MATCH,HIGH
17024,"Philadelphia, PA: Heliport 76er",KPHL,YES,ASOS_AVAILABLE,DIRECT_MATCH,HIGH
17025,"Atlantic City, NJ: Ocean Casino Resort",KACY,YES,ASOS_AVAILABLE,DIRECT_MATCH,HIGH
17026,"Aberdeen, MD: Fanatics Aberdeen Fulfillment Center",NOT_FOUND,NO,NO_ICAO_CODE,NO_MATCH,UNKNOWN
17027,"East Rutherford, NJ: Meadowlands 2 Nj Complex Heliport",NOT_FOUND,NO,PRIVATE/SPECIAL_USE,NO_MATCH,UNKNOWN
17028,"Baltimore, MD: Johns Hopkins Hosp Crit Care Twr Heliport",KBWI,YES,ASOS_AVAILABLE,DIRECT_MATCH,HIGH
17029,"Conshohocken, PA: Conshohocken Heliport",NOT_FOUND,NO,PRIVATE/SPECIAL_USE,NO_MATCH,UNKNOWN
17030,"Bensalem, PA: Total Rf Heliport",NOT_FOUND,NO,PRIVATE/SPECIAL_USE,NO_MATCH,UNKNOWN
17031,"Somers, CT: Valley Farm",NOT_FOUND,NO,NO_ICAO_CODE,NO_MATCH,UNKNOWN
17032,"Olsztyn Dajtki, Poland: Olsztyn",NOT_FOUND,NO,NO_ICAO_CODE,INTERNATIONAL,UNKNOWN
17033,"Oxford, OH: Miami University",KMIA,YES,ASOS_AVAILABLE,DIRECT_MATCH,HIGH
17034,"Ezhou, China: Ezhou Huahu",NOT_FOUND,NO,INTERNATIONAL,INTERNATIONAL,UNKNOWN
17035,"Little River, CA: Little River Airport",NOT_FOUND,NO,NO_ICAO_CODE,NO_MATCH,UNKNOWN
17036,"Quincy, FL: Quincy Municipal",NOT_FOUND,NO,NO_ICAO_CODE,NO_MATCH,UNKNOWN
17037,"Tacoma, WA: Tacoma Seaplane Base",KSEA,YES,ASOS_AVAILABLE,DIRECT_MATCH,HIGH
17038,"Orleans, France: Orleans Bricy",NOT_FOUND,NO,INTERNATIONAL,INTERNATIONAL,UNKNOWN
17039,"Andrews, NC: Western Carolina Regional",NOT_FOUND,NO,NO_ICAO_CODE,NO_MATCH,UNKNOWN
17040,"Harriman, NY: Avie M Harriman",NOT_FOUND,NO,NO_ICAO_CODE,NO_MATCH,UNKNOWN
17041,"Baden-Wurttemberg, Germany: Schwaebisch Hall",NOT_FOUND,NO,INTERNATIONAL,INTERNATIONAL,UNKNOWN
17042,"Kearny, NJ: Helo Kearny Heliport",NOT_FOUND,NO,PRIVATE/SPECIAL_USE,NO_MATCH,UNKNOWN
17043,"Newport, NH: Parlin Field",NOT_FOUND,NO,NO_ICAO_CODE,NO_MATCH,UNKNOWN
17044,"Elkton, MD: Claremont",NOT_FOUND,NO,NO_ICAO_CODE,NO_MATCH,UNKNOWN
17045,"Baraboo, WI: Baraboo Wisconsin Dells Regional",NOT_FOUND,NO,NO_ICAO_CODE,NO_MATCH,UNKNOWN
17046,"Bonito, Brazil: Aerodromo Public de Bonito",NOT_FOUND,NO,INTERNATIONAL,INTERNATIONAL,UNKNOWN
17047,"Madison, IN: Madison Municipal",KMSN,YES,ASOS_AVAILABLE,DIRECT_MATCH,HIGH
17048,"West Point, VA: Middle Peninsula Regional",NOT_FOUND,NO,NO_ICAO_CODE,NO_MATCH,UNKNOWN
17049,"Allentown, PA: Allentown Queen City Municipal",KABE,YES,ASOS_AVAILABLE,DIRECT_MATCH,HIGH
17050,"Norridgewock, ME: Central Maine of Norridgewock",NOT_FOUND,NO,NO_ICAO_CODE,NO_MATCH,UNKNOWN
17051,"Apalachicola, FL: St George Island",NOT_FOUND,NO,NO_ICAO_CODE,NO_MATCH,UNKNOWN
17052,"Chambersburg, PA: Franklin County Regional",NOT_FOUND,NO,NO_ICAO_CODE,NO_MATCH,UNKNOWN
17053,"Nuiqsut, AK: Willow Conocophillips",NOT_FOUND,NO,NO_ICAO_CODE,NO_MATCH,UNKNOWN
17054,"Lees Summit, MO: Kansas City Lees Summit Regional",KMCI,YES,ASOS_AVAILABLE,DIRECT_MATCH,HIGH
17055,"Renk Upper Nile, South Sudan: Renk",NOT_FOUND,NO,NO_ICAO_CODE,INTERNATIONAL,UNKNOWN
17056,"Albacete, Spain: Albacete Airport",NOT_FOUND,NO,INTERNATIONAL,INTERNATIONAL,UNKNOWN
17057,"Sao Rogue, Brazil: Sao Paulo Catarina Aeroporto Executivo",NOT_FOUND,NO,INTERNATIONAL,INTERNATIONAL,UNKNOWN
17058,"Buckeye, AZ: Buckeye Municipal",NOT_FOUND,NO,NO_ICAO_CODE,NO_MATCH,UNKNOWN
17059,"Auburn, NY: Murphy Field",NOT_FOUND,NO,NO_ICAO_CODE,NO_MATCH,UNKNOWN
17060,"Lincoln, CA: Lincoln Regional Karl Harder Field",NOT_FOUND,NO,NO_ICAO_CODE,NO_MATCH,UNKNOWN
17061,"Western Nunavut, Canada: Ulu Mine",NOT_FOUND,NO,PRIVATE/SPECIAL_USE,INTERNATIONAL,UNKNOWN
17062,"Arcadia, FL: Arcadia Municipal",NOT_FOUND,NO,NO_ICAO_CODE,NO_MATCH,UNKNOWN
17063,"Coshocton, OH: Richard Downing",NOT_FOUND,NO,NO_ICAO_CODE,NO_MATCH,UNKNOWN
17064,"Stanton, KY: Stanton Airport",NOT_FOUND,NO,NO_ICAO_CODE,NO_MATCH,UNKNOWN
17065,"West Palm Beach, FL: Wellington Aero Club",KPBI,YES,ASOS_AVAILABLE,DIRECT_MATCH,HIGH
17066,"Kleine Brogel , Belgium: Kleine Brogel Airport",NOT_FOUND,NO,NO_ICAO_CODE,INTERNATIONAL,UNKNOWN
17067,"Goa, India: Manohar International",NOT_FOUND,NO,INTERNATIONAL,INTERNATIONAL,UNKNOWN
17068,"Rajkot, India: Rajkot International",NOT_FOUND,NO,INTERNATIONAL,INTERNATIONAL,UNKNOWN
17069,"Tarsus, Turkey: Cukurova",NOT_FOUND,NO,NO_ICAO_CODE,INTERNATIONAL,UNKNOWN
17070,"Jaguaruna, Brazil: Humberto Ghizzo",NOT_FOUND,NO,INTERNATIONAL,INTERNATIONAL,UNKNOWN
17071,"Sanliurfa, Turkey: Sanliurfa Gap International",NOT_FOUND,NO,NO_ICAO_CODE,INTERNATIONAL,UNKNOWN
17072,"Bingol, Turkey: Bingol Airport",NOT_FOUND,NO,NO_ICAO_CODE,INTERNATIONAL,UNKNOWN
17073,"Sinop, Brazil: Presidente Joao Batista Figueiredo",NOT_FOUND,NO,INTERNATIONAL,INTERNATIONAL,UNKNOWN
17074,"French Lick, IN: French Lick Municipal",NOT_FOUND,NO,NO_ICAO_CODE,NO_MATCH,UNKNOWN
17075,"Manville, NJ: Central Jersey Regional",NOT_FOUND,NO,NO_ICAO_CODE,NO_MATCH,UNKNOWN
17076,"Keystone Heights, FL: Keystone Heights Airport",NOT_FOUND,NO,NO_ICAO_CODE,NO_MATCH,UNKNOWN
17077,"Palmer, AK: Wolf Lake",PAAQ,YES,ASOS_AVAILABLE,DIRECT_MATCH,HIGH
17078,"Pittsfield, IL: Pittsfield Penstone Municipal",NOT_FOUND,NO,NO_ICAO_CODE,NO_MATCH,UNKNOWN
17079,"Pittstown, NJ: Sky Manor",NOT_FOUND,NO,NO_ICAO_CODE,NO_MATCH,UNKNOWN
17080,"Patos de Minas, Brazil: Patos de Minas Airport",NOT_FOUND,NO,INTERNATIONAL,INTERNATIONAL,UNKNOWN
17081,"Rishiri, Japan: Rishiri Airport",NOT_FOUND,NO,INTERNATIONAL,INTERNATIONAL,UNKNOWN
17082,"Lausanne, Switzerland: Lausanne La Blecherette",NOT_FOUND,NO,NO_ICAO_CODE,INTERNATIONAL,UNKNOWN
17083,"Dehra Dun, India: Dehradun",NOT_FOUND,NO,INTERNATIONAL,INTERNATIONAL,UNKNOWN
17084,"Ta Khmau, Cambodia: Techo International",NOT_FOUND,NO,NO_ICAO_CODE,INTERNATIONAL,UNKNOWN
17085,"Neom, Saudi Arabia: Neom Bay",NOT_FOUND,NO,NO_ICAO_CODE,INTERNATIONAL,UNKNOWN
17086,"Ambler, AK: Ambler Airport",NOT_FOUND,NO,NO_ICAO_CODE,NO_MATCH,UNKNOWN
17088,"Nis, Serbia: Nis Airport",NOT_FOUND,NO,NO_ICAO_CODE,INTERNATIONAL,UNKNOWN
17089,"Kodiak, AK: Kodiak Airport",PADQ,YES,ASOS_AVAILABLE,DIRECT_MATCH,HIGH
17090,"Naxos, Greece: Naxos Airport",NOT_FOUND,NO,NO_ICAO_CODE,INTERNATIONAL,UNKNOWN
17091,"Boa Vista, Cape Verde: Rabil",NOT_FOUND,NO,NO_ICAO_CODE,INTERNATIONAL,UNKNOWN
17092,"Phu Quoc, Vietnam: Phu Quoc Airport",NOT_FOUND,NO,NO_ICAO_CODE,INTERNATIONAL,UNKNOWN
17093,"Legazpi, Philippines: Bicol International Airport",NOT_FOUND,NO,NO_ICAO_CODE,INTERNATIONAL,UNKNOWN
17094,"Cruz, Brazil: Comte. Ariston Pessoa Regional Airport",NOT_FOUND,NO,INTERNATIONAL,INTERNATIONAL,UNKNOWN
17095,"Caticlan, Philippines: Godofredo P Ramos",NOT_FOUND,NO,NO_ICAO_CODE,INTERNATIONAL,UNKNOWN
17096,"Yancheng, China: Yancheng Airport",NOT_FOUND,NO,INTERNATIONAL,INTERNATIONAL,UNKNOWN
17097,"Mus, Turkey: Mus West",NOT_FOUND,NO,NO_ICAO_CODE,INTERNATIONAL,UNKNOWN
17098,"Tamky, Vietnam: Quang Nam",NOT_FOUND,NO,NO_ICAO_CODE,INTERNATIONAL,UNKNOWN
17099,"Al-Ula, Saudi Arabia: Alula International",NOT_FOUND,NO,NO_ICAO_CODE,INTERNATIONAL,UNKNOWN
17100,"Catarman, Philippines: Catarman Airport",NOT_FOUND,NO,NO_ICAO_CODE,INTERNATIONAL,UNKNOWN
17101,"Gazipasa, Turkey: Gazipasa Alanya",NOT_FOUND,NO,NO_ICAO_CODE,INTERNATIONAL,UNKNOWN
17102,"Luoyang, China: Luoyang Airport",NOT_FOUND,NO,INTERNATIONAL,INTERNATIONAL,UNKNOWN
17103,"Jining, China: Jining Qufu",NOT_FOUND,NO,INTERNATIONAL,INTERNATIONAL,UNKNOWN
17104,"Tongliao, China: Tongliao Airport",NOT_FOUND,NO,INTERNATIONAL,INTERNATIONAL,UNKNOWN
17105,"Lombok, Indonesia: Lokok",NOT_FOUND,NO,NO_ICAO_CODE,INTERNATIONAL,UNKNOWN
17106,"Shiyan, China: Shiyan Wudangshan",NOT_FOUND,NO,INTERNATIONAL,INTERNATIONAL,UNKNOWN
17107,"Xingyi, China: Xingyi Airport",NOT_FOUND,NO,INTERNATIONAL,INTERNATIONAL,UNKNOWN
17108,"Amravati, India: Amravati Airport",NOT_FOUND,NO,INTERNATIONAL,INTERNATIONAL,UNKNOWN
17109,"Jinka, Ethiopia: Jinka Airport",NOT_FOUND,NO,NO_ICAO_CODE,INTERNATIONAL,UNKNOWN
17110,"Qinhuangdao, China: Qinhuangdao Beidaihe",NOT_FOUND,NO,INTERNATIONAL,INTERNATIONAL,UNKNOWN
17111,"Busselton, Australia: Busselton Airport",NOT_FOUND,NO,INTERNATIONAL,INTERNATIONAL,UNKNOWN
17112,"Hemavan, Sweden: Hemavan Tarnaby",NOT_FOUND,NO,NO_ICAO_CODE,INTERNATIONAL,UNKNOWN
17113,"Huizhou, China: Huiyang",NOT_FOUND,NO,INTERNATIONAL,INTERNATIONAL,UNKNOWN
17114,"Juiz de Fora, Brazil: Presidente Itamar Franco",NOT_FOUND,NO,INTERNATIONAL,INTERNATIONAL,UNKNOWN
17115,"Huaian, China: Huaian Lianshui International",NOT_FOUND,NO,INTERNATIONAL,INTERNATIONAL,UNKNOWN
17116,"Kandavu, Fiji: Vanuabalavu",NOT_FOUND,NO,NO_ICAO_CODE,INTERNATIONAL,UNKNOWN
17117,"Busuanga, Philippines: Francisco B Reyes",NOT_FOUND,NO,NO_ICAO_CODE,INTERNATIONAL,UNKNOWN
17118,"Meizhou, China: Meizhou Meixian",NOT_FOUND,NO,INTERNATIONAL,INTERNATIONAL,UNKNOWN
17119,"Oki Islands, Japan: Oki",NOT_FOUND,NO,INTERNATIONAL,INTERNATIONAL,UNKNOWN
17120,"Rizhao, China: Rizhao Airport",NOT_FOUND,NO,INTERNATIONAL,INTERNATIONAL,UNKNOWN
17121,"Jiamusi, China: Jiamusi Airport",NOT_FOUND,NO,INTERNATIONAL,INTERNATIONAL,UNKNOWN
17122,"Kahramanmaras, Turkey: Kahramanmaras Airport",NOT_FOUND,NO,NO_ICAO_CODE,INTERNATIONAL,UNKNOWN
17123,"Yushu, China: Yushu Airport",NOT_FOUND,NO,INTERNATIONAL,INTERNATIONAL,UNKNOWN
17124,"Jingzhou, China: Jingzhou Shashi",NOT_FOUND,NO,INTERNATIONAL,INTERNATIONAL,UNKNOWN
17125,"Kutahya, Turkey: Zafer",NOT_FOUND,NO,NO_ICAO_CODE,INTERNATIONAL,UNKNOWN
17126,"Teofilo Otoni, Brazil: Kemil Kumaira",NOT_FOUND,NO,INTERNATIONAL,INTERNATIONAL,UNKNOWN
17127,"Qiqihar, China: Qiqihar Sanjiazi",NOT_FOUND,NO,INTERNATIONAL,INTERNATIONAL,UNKNOWN
17128,"Oskemen, Kazakhstan: Oskemen Airport",NOT_FOUND,NO,NO_ICAO_CODE,INTERNATIONAL,UNKNOWN
17129,"Vilankulo, Mozambique: Vilankulo Airport",NOT_FOUND,NO,NO_ICAO_CODE,INTERNATIONAL,UNKNOWN
17130,"Xiangyang, China: Xiangyang Liuji",NOT_FOUND,NO,INTERNATIONAL,INTERNATIONAL,UNKNOWN
17131,"Palangkaraya, Indonesia: Tjilik Riwut",NOT_FOUND,NO,NO_ICAO_CODE,INTERNATIONAL,UNKNOWN
17132,"Pato Branco, Brazil: Prof. Juvenal Loureiro Cardoso",NOT_FOUND,NO,INTERNATIONAL,INTERNATIONAL,UNKNOWN
17133,"Eagles Mere, PA: Merritt Field",NOT_FOUND,NO,NO_ICAO_CODE,NO_MATCH,UNKNOWN
17134,"Edremit, Turkey: Balikesir Koca Seyit",NOT_FOUND,NO,NO_ICAO_CODE,INTERNATIONAL,UNKNOWN
17135,"Fuyang, China: Fuyang Airport",NOT_FOUND,NO,INTERNATIONAL,INTERNATIONAL,UNKNOWN
17136,"Hasvik, Norway: Hasvik Airport",NOT_FOUND,NO,NO_ICAO_CODE,INTERNATIONAL,UNKNOWN
17137,"Honningsvag, Norway: Honningsvag Airport",NOT_FOUND,NO,NO_ICAO_CODE,INTERNATIONAL,UNKNOWN
17138,"Jauja, Peru: Jauja Airport",NOT_FOUND,NO,NO_ICAO_CODE,INTERNATIONAL,UNKNOWN
17139,"Luilang, China: Luliang",NOT_FOUND,NO,INTERNATIONAL,INTERNATIONAL,UNKNOWN
17140,"Nantong, China: Nantong Airport",NOT_FOUND,NO,INTERNATIONAL,INTERNATIONAL,UNKNOWN
17141,"Coca, Ecuador: Francisco de Orellana",NOT_FOUND,NO,NO_ICAO_CODE,INTERNATIONAL,UNKNOWN
17142,"Ordu Giresun, Turkey: Ordu Giresun Airport",NOT_FOUND,NO,NO_ICAO_CODE,INTERNATIONAL,UNKNOWN
17143,"Osh, Kyrgyzstan: Osh Airport",NOT_FOUND,NO,NO_ICAO_CODE,INTERNATIONAL,UNKNOWN
17144,"Uyuni, Bolivia: Uyuni Airport",NOT_FOUND,NO,NO_ICAO_CODE,INTERNATIONAL,UNKNOWN
17145,"Bishkek, Kyrgyzstan: Manas",NOT_FOUND,NO,NO_ICAO_CODE,INTERNATIONAL,UNKNOWN
17146,"Castellon de la Plana, Spain: Castellon",NOT_FOUND,NO,INTERNATIONAL,INTERNATIONAL,UNKNOWN
17147,"Caldas Novas, Brazil: Guimaraes",NOT_FOUND,NO,INTERNATIONAL,INTERNATIONAL,UNKNOWN
17148,"Errachidia, Morocco: Moulay Ali Cherif International",NOT_FOUND,NO,NO_ICAO_CODE,INTERNATIONAL,UNKNOWN
17149,"Handan, China: Handan Airport",NOT_FOUND,NO,INTERNATIONAL,INTERNATIONAL,UNKNOWN
17150,"Aix-En-Provence, France: Aix-En-Provence Aerodrome",NOT_FOUND,NO,INTERNATIONAL,INTERNATIONAL,UNKNOWN
17151,"Hanak, Saudi Arabia: Red Sea International",NOT_FOUND,NO,NO_ICAO_CODE,INTERNATIONAL,UNKNOWN
17152,"Semera, Ethiopia: Semera Airport",NOT_FOUND,NO,NO_ICAO_CODE,INTERNATIONAL,UNKNOWN
17153,"Tokunoshima, Japan: Tokunoshima Airport",NOT_FOUND,NO,INTERNATIONAL,INTERNATIONAL,UNKNOWN
17154,"Gjoa Haven, Canada: Gjoa Haven Airport",NOT_FOUND,NO,INTERNATIONAL,INTERNATIONAL,UNKNOWN
17155,"Ainsworth, NE: Ainsworth Regional",NOT_FOUND,NO,NO_ICAO_CODE,NO_MATCH,UNKNOWN
17156,"Brive-La-Gaillarde, France: Val de Dordogn",NOT_FOUND,NO,INTERNATIONAL,INTERNATIONAL,UNKNOWN
17157,"Borongan, Philippines: Borongan Airport",NOT_FOUND,NO,NO_ICAO_CODE,INTERNATIONAL,UNKNOWN
17158,"Jinghong, China: Xishuangbanna Gasa International",NOT_FOUND,NO,INTERNATIONAL,INTERNATIONAL,UNKNOWN
17159,"Quetzaltenango, Guatemala: Quetzaltenango Airport",NOT_FOUND,NO,NO_ICAO_CODE,INTERNATIONAL,UNKNOWN
17160,"Linyi, China: Linyi Airport",NOT_FOUND,NO,INTERNATIONAL,INTERNATIONAL,UNKNOWN
17161,"Vilhena, Brazil: Brigadeiro Camarao",NOT_FOUND,NO,INTERNATIONAL,INTERNATIONAL,UNKNOWN
17162,"Corvo Island, Portugal: Corvo",NOT_FOUND,NO,NO_ICAO_CODE,INTERNATIONAL,UNKNOWN
99999,Unknown Point in Alaska,NOT_FOUND,NO,NO_ICAO_CODE,NO_STATE_CODE,UNKNOWN